{"type":"FeatureCollection","crs":{"type":"name","properties":{"name":"EPSG:4326"}},"features":[{"type":"Feature","id":6091,"geometry":{"type":"Point","coordinates":[-117.825460027471,34.0980871382185]},"properties":{"OBJECTID":6091,"globalid":"be2c8b46-b80c-481e-8178-b98258381c0c","VCID":35443,"PC_AssignedServiceArea":"5600011B","PC_BuildingName":"Bonita Center for the Arts","PC_RoomArea":"Company Room","PC_BuildingFullAddress":"822 W Covina Blvd San Dimas, CA 91773","PC_BuildingAddress":"822 W Covina Blvd","PC_BuildingCity":"San Dimas","PC_BuildingZip":91773,"PC_AllocatedBMDs":15,"PC_AllocatedEPBs":5,"PC_FacilityType":"Public","PC_SupervisorialDistrict":5,"PC_AllocatedSize":"15 - Standard","PC_MaxNumBMDs":160,"PC_MaxNumEPBs":57,"CIC_Number":null,"PC_ElectionID":4348,"Election_Name":"Gubernatorial General Election","Election_Year":2026,"Election_Type":"4","GIS_Publication_Status":"1","PC_ServiceAreaType":"4 Day"}},{"type":"Feature","id":6092,"geometry":{"type":"Point","coordinates":[-117.918094784626,34.0620232821689]},"properties":{"OBJECTID":6092,"globalid":"d7c620be-b72c-49f5-a9d8-3f3830861452","VCID":8226,"PC_AssignedServiceArea":"1770030A","PC_BuildingName":"Cameron Park Community Center","PC_RoomArea":"Multi-Purpose Room","PC_BuildingFullAddress":"1305 E Cameron Ave West Covina, CA 91790","PC_BuildingAddress":"1305 E Cameron Ave","PC_BuildingCity":"West Covina","PC_BuildingZip":91790,"PC_AllocatedBMDs":25,"PC_AllocatedEPBs":7,"PC_FacilityType":"Public","PC_SupervisorialDistrict":null,"PC_AllocatedSize":"25 - Large","PC_MaxNumBMDs":114,"PC_MaxNumEPBs":22,"CIC_Number":null,"PC_ElectionID":4348,"Election_Name":"Gubernatorial General Election","Election_Year":2026,"Election_Type":"4","GIS_Publication_Status":"1","PC_ServiceAreaType":"11 Day"}},{"type":"Feature","id":6093,"geometry":{"type":"Point","coordinates":[-118.28332208346,34.0620367324991]},"properties":{"OBJECTID":6093,"globalid":"1cf760ad-cab2-4278-a4a7-e896326ada63","VCID":14938,"PC_AssignedServiceArea":"2900109B","PC_BuildingName":"Lafayette Multipurpose Community Center","PC_RoomArea":"Club Room A1","PC_BuildingFullAddress":"625 S Lafayette Park Pl Los Angeles, CA 90057","PC_BuildingAddress":"625 S Lafayette Park Pl","PC_BuildingCity":"Los Angeles","PC_BuildingZip":90057,"PC_AllocatedBMDs":15,"PC_AllocatedEPBs":5,"PC_FacilityType":"Public","PC_SupervisorialDistrict":null,"PC_AllocatedSize":"15 - Standard","PC_MaxNumBMDs":88,"PC_MaxNumEPBs":21,"CIC_Number":null,"PC_ElectionID":4348,"Election_Name":"Gubernatorial General Election","Election_Year":2026,"Election_Type":"4","GIS_Publication_Status":"1","PC_ServiceAreaType":"4 Day"}},{"type":"Feature","id":6094,"geometry":{"type":"Point","coordinates":[-118.404091829423,33.955588481342]},"properties":{"OBJECTID":6094,"globalid":"ac7f69bb-e07b-43f3-8900-4241d7bef5e7","VCID":13099,"PC_AssignedServiceArea":"2900110B","PC_BuildingName":"LAFD Station 5","PC_RoomArea":"Community Room","PC_BuildingFullAddress":"8900 S Emerson Ave Los Angeles, CA 90045","PC_BuildingAddress":"8900 S Emerson Ave","PC_BuildingCity":"Los Angeles","PC_BuildingZip":90045,"PC_AllocatedBMDs":15,"PC_AllocatedEPBs":5,"PC_FacilityType":"Public","PC_SupervisorialDistrict":2,"PC_AllocatedSize":"15 - Standard","PC_MaxNumBMDs":68,"PC_MaxNumEPBs":11,"CIC_Number":null,"PC_ElectionID":4348,"Election_Name":"Gubernatorial General Election","Election_Year":2026,"Election_Type":"4","GIS_Publication_Status":"1","PC_ServiceAreaType":"4 Day"}},{"type":"Feature","id":6095,"geometry":{"type":"Point","coordinates":[-118.405509902994,34.0707766667145]},"properties":{"OBJECTID":6095,"globalid":"16783201-baf6-4274-bba3-0f0cfec81b34","VCID":17616,"PC_AssignedServiceArea":"3090000B","PC_BuildingName":"All Saints Episcopal Church","PC_RoomArea":"Lower Sweetland Hall","PC_BuildingFullAddress":"504 N Camden Dr Beverly Hills, CA 90210","PC_BuildingAddress":"504 N Camden Dr","PC_BuildingCity":"Beverly Hills","PC_BuildingZip":90210,"PC_AllocatedBMDs":15,"PC_AllocatedEPBs":5,"PC_FacilityType":"Private","PC_SupervisorialDistrict":3,"PC_AllocatedSize":"15 - Standard","PC_MaxNumBMDs":70,"PC_MaxNumEPBs":18,"CIC_Number":null,"PC_ElectionID":4348,"Election_Name":"Gubernatorial General Election","Election_Year":2026,"Election_Type":"4","GIS_Publication_Status":"1","PC_ServiceAreaType":"4 Day"}},{"type":"Feature","id":6096,"geometry":{"type":"Point","coordinates":[-118.586837820713,34.170212307891]},"properties":{"OBJECTID":6096,"globalid":"63f6b9eb-3ab9-4958-95ef-3afdb1f03d16","VCID":12317,"PC_AssignedServiceArea":"3900031B","PC_BuildingName":"Woodland Hills Academy","PC_RoomArea":"Multi-Purpose Room","PC_BuildingFullAddress":"20800 Burbank Blvd Woodland Hills, CA 91367","PC_BuildingAddress":"20800 Burbank Blvd","PC_BuildingCity":"Woodland Hills","PC_BuildingZip":91367,"PC_AllocatedBMDs":25,"PC_AllocatedEPBs":7,"PC_FacilityType":"Public","PC_SupervisorialDistrict":3,"PC_AllocatedSize":"25 - Large","PC_MaxNumBMDs":59,"PC_MaxNumEPBs":14,"CIC_Number":null,"PC_ElectionID":4348,"Election_Name":"Gubernatorial General Election","Election_Year":2026,"Election_Type":"4","GIS_Publication_Status":"1","PC_ServiceAreaType":"4 Day"}},{"type":"Feature","id":6097,"geometry":{"type":"Point","coordinates":[-118.374862433616,33.9182263338755]},"properties":{"OBJECTID":6097,"globalid":"ccc09728-fdd2-4c12-950c-676bdd48c396","VCID":24626,"PC_AssignedServiceArea":"2168000B","PC_BuildingName":"Del Aire Park","PC_RoomArea":"Community Room","PC_BuildingFullAddress":"12601 S Isis Ave Hawthorne, CA 90250","PC_BuildingAddress":"12601 S Isis Ave","PC_BuildingCity":"Hawthorne","PC_BuildingZip":90250,"PC_AllocatedBMDs":15,"PC_AllocatedEPBs":5,"PC_FacilityType":"Public","PC_SupervisorialDistrict":2,"PC_AllocatedSize":"15 - Standard","PC_MaxNumBMDs":91,"PC_MaxNumEPBs":21,"CIC_Number":null,"PC_ElectionID":4348,"Election_Name":"Gubernatorial General Election","Election_Year":2026,"Election_Type":"4","GIS_Publication_Status":"1","PC_ServiceAreaType":"4 Day"}},{"type":"Feature","id":6098,"geometry":{"type":"Point","coordinates":[-118.031660845535,34.1284190669698]},"properties":{"OBJECTID":6098,"globalid":"69406c37-ce5e-48d3-89d0-0b7874116fc6","VCID":206,"PC_AssignedServiceArea":"5035021B","PC_BuildingName":"Arcadia Public Library","PC_RoomArea":"Auditorium","PC_BuildingFullAddress":"20 W Duarte Rd Arcadia, CA 91006","PC_BuildingAddress":"20 W Duarte Rd","PC_BuildingCity":"Arcadia","PC_BuildingZip":91006,"PC_AllocatedBMDs":15,"PC_AllocatedEPBs":5,"PC_FacilityType":"Public","PC_SupervisorialDistrict":null,"PC_AllocatedSize":"15 - Standard","PC_MaxNumBMDs":91,"PC_MaxNumEPBs":12,"CIC_Number":null,"PC_ElectionID":4348,"Election_Name":"Gubernatorial General Election","Election_Year":2026,"Election_Type":"4","GIS_Publication_Status":"1","PC_ServiceAreaType":"4 Day"}},{"type":"Feature","id":6099,"geometry":{"type":"Point","coordinates":[-118.53678493441,34.3803994820653]},"properties":{"OBJECTID":6099,"globalid":"3fde72d6-f05a-4fbd-bedf-531868140bc0","VCID":21006,"PC_AssignedServiceArea":"5622000B","PC_BuildingName":"Our Lady of Perpetual Help Pastoral Ctr","PC_RoomArea":"Junipero Serra and Our Lady Rooms","PC_BuildingFullAddress":"23045 Lyons Ave Santa Clarita, CA 91321","PC_BuildingAddress":"23045 Lyons Ave","PC_BuildingCity":"Santa Clarita","PC_BuildingZip":91321,"PC_AllocatedBMDs":15,"PC_AllocatedEPBs":5,"PC_FacilityType":"Private","PC_SupervisorialDistrict":null,"PC_AllocatedSize":"15 - Standard","PC_MaxNumBMDs":91,"PC_MaxNumEPBs":null,"CIC_Number":null,"PC_ElectionID":4348,"Election_Name":"Gubernatorial General Election","Election_Year":2026,"Election_Type":"4","GIS_Publication_Status":"1","PC_ServiceAreaType":"4 Day"}},{"type":"Feature","id":6100,"geometry":{"type":"Point","coordinates":[-118.370739820937,33.771116059715]},"properties":{"OBJECTID":6100,"globalid":"4d524b59-fce6-42a5-8e91-70452ee0d5f6","VCID":246,"PC_AssignedServiceArea":"4553000A","PC_BuildingName":"Peninsula Center Library","PC_RoomArea":"Community Room","PC_BuildingFullAddress":"701 Silver Spur Rd Rolling Hills Estates, CA 90274","PC_BuildingAddress":"701 Silver Spur Rd","PC_BuildingCity":"Rolling Hills Estates","PC_BuildingZip":90274,"PC_AllocatedBMDs":15,"PC_AllocatedEPBs":5,"PC_FacilityType":"Public","PC_SupervisorialDistrict":4,"PC_AllocatedSize":"15 - Standard","PC_MaxNumBMDs":158,"PC_MaxNumEPBs":36,"CIC_Number":null,"PC_ElectionID":4348,"Election_Name":"Gubernatorial General Election","Election_Year":2026,"Election_Type":"4","GIS_Publication_Status":"1","PC_ServiceAreaType":"11 Day"}},{"type":"Feature","id":6101,"geometry":{"type":"Point","coordinates":[-118.152258760512,33.9584473173356]},"properties":{"OBJECTID":6101,"globalid":"b8c8d256-2fd1-487e-b84b-2a421a3797be","VCID":7921,"PC_AssignedServiceArea":"4080000A","PC_BuildingName":"Ford Park","PC_RoomArea":"Auditorium","PC_BuildingFullAddress":"8000 Park Ln Bell Gardens, CA 90201","PC_BuildingAddress":"8000 Park Ln","PC_BuildingCity":"Bell Gardens","PC_BuildingZip":90201,"PC_AllocatedBMDs":15,"PC_AllocatedEPBs":5,"PC_FacilityType":"Public","PC_SupervisorialDistrict":4,"PC_AllocatedSize":"15 - Standard","PC_MaxNumBMDs":30,"PC_MaxNumEPBs":6,"CIC_Number":null,"PC_ElectionID":4348,"Election_Name":"Gubernatorial General Election","Election_Year":2026,"Election_Type":"4","GIS_Publication_Status":"1","PC_ServiceAreaType":"11 Day"}},{"type":"Feature","id":6102,"geometry":{"type":"Point","coordinates":[-118.146823583437,34.1728030193934]},"properties":{"OBJECTID":6102,"globalid":"3f868c9f-4435-4bfd-b4f8-47107bfff1f8","VCID":14523,"PC_AssignedServiceArea":"5515012B","PC_BuildingName":"Octavia E Butler Magnet","PC_RoomArea":"Gymnasium","PC_BuildingFullAddress":"1505 N Marengo Ave Pasadena, CA 91103","PC_BuildingAddress":"1505 N Marengo Ave","PC_BuildingCity":"Pasadena","PC_BuildingZip":91103,"PC_AllocatedBMDs":15,"PC_AllocatedEPBs":5,"PC_FacilityType":"Public","PC_SupervisorialDistrict":5,"PC_AllocatedSize":"15 - Standard","PC_MaxNumBMDs":20,"PC_MaxNumEPBs":10,"CIC_Number":null,"PC_ElectionID":4348,"Election_Name":"Gubernatorial General Election","Election_Year":2026,"Election_Type":"4","GIS_Publication_Status":"1","PC_ServiceAreaType":"4 Day"}},{"type":"Feature","id":6103,"geometry":{"type":"Point","coordinates":[-117.882332796792,34.0942670467441]},"properties":{"OBJECTID":6103,"globalid":"8c50a320-6e49-4175-8893-97ec6e537397","VCID":10995,"PC_AssignedServiceArea":"1150031B","PC_BuildingName":"Covina Senior and Community Center","PC_RoomArea":"California Rooms 1-3","PC_BuildingFullAddress":"815 N Barranca Ave Covina, CA 91723","PC_BuildingAddress":"815 N Barranca Ave","PC_BuildingCity":"Covina","PC_BuildingZip":91723,"PC_AllocatedBMDs":25,"PC_AllocatedEPBs":7,"PC_FacilityType":"Public","PC_SupervisorialDistrict":1,"PC_AllocatedSize":"25 - Large","PC_MaxNumBMDs":137,"PC_MaxNumEPBs":18,"CIC_Number":null,"PC_ElectionID":4348,"Election_Name":"Gubernatorial General Election","Election_Year":2026,"Election_Type":"4","GIS_Publication_Status":"1","PC_ServiceAreaType":"4 Day"}},{"type":"Feature","id":6104,"geometry":{"type":"Point","coordinates":[-118.270310807302,34.1097572947886]},"properties":{"OBJECTID":6104,"globalid":"9a102ab2-99bf-43dd-b517-1dcbb75c0d60","VCID":12658,"PC_AssignedServiceArea":"5900040A","PC_BuildingName":"Silverlake Community Church","PC_RoomArea":"Fellowship Hall","PC_BuildingFullAddress":"2930 Hyperion Ave Los Angeles, CA 90027","PC_BuildingAddress":"2930 Hyperion Ave","PC_BuildingCity":"Los Angeles","PC_BuildingZip":90027,"PC_AllocatedBMDs":15,"PC_AllocatedEPBs":5,"PC_FacilityType":"Private","PC_SupervisorialDistrict":5,"PC_AllocatedSize":"15 - Standard","PC_MaxNumBMDs":19,"PC_MaxNumEPBs":32,"CIC_Number":null,"PC_ElectionID":4348,"Election_Name":"Gubernatorial General Election","Election_Year":2026,"Election_Type":"4","GIS_Publication_Status":"1","PC_ServiceAreaType":"11 Day"}},{"type":"Feature","id":6105,"geometry":{"type":"Point","coordinates":[-118.357860122296,34.2163642693434]},"properties":{"OBJECTID":6105,"globalid":"1e2ea3ab-f2f8-4ab5-bfb1-3fce3a287b64","VCID":6147,"PC_AssignedServiceArea":"5900027B","PC_BuildingName":"Glenwood Elementary School","PC_RoomArea":"Auditorium","PC_BuildingFullAddress":"8001 Ledge Ave Sun Valley, CA 91352","PC_BuildingAddress":"8001 Ledge Ave","PC_BuildingCity":"Sun Valley","PC_BuildingZip":91352,"PC_AllocatedBMDs":15,"PC_AllocatedEPBs":5,"PC_FacilityType":"Public","PC_SupervisorialDistrict":5,"PC_AllocatedSize":"15 - Standard","PC_MaxNumBMDs":50,"PC_MaxNumEPBs":22,"CIC_Number":null,"PC_ElectionID":4348,"Election_Name":"Gubernatorial General Election","Election_Year":2026,"Election_Type":"4","GIS_Publication_Status":"1","PC_ServiceAreaType":"4 Day"}},{"type":"Feature","id":6106,"geometry":{"type":"Point","coordinates":[-118.133084424429,33.7837148391241]},"properties":{"OBJECTID":6106,"globalid":"14e58069-ac31-437b-8411-d78feabd59d6","VCID":13664,"PC_AssignedServiceArea":"4385030A","PC_BuildingName":"International City Masonic Center","PC_RoomArea":"Hall","PC_BuildingFullAddress":"5155 E Pacific Coast Hwy Long Beach, CA 90804","PC_BuildingAddress":"5155 E Pacific Coast Hwy","PC_BuildingCity":"Long Beach","PC_BuildingZip":90804,"PC_AllocatedBMDs":35,"PC_AllocatedEPBs":9,"PC_FacilityType":"Private","PC_SupervisorialDistrict":4,"PC_AllocatedSize":"35 - Extra Large","PC_MaxNumBMDs":91,"PC_MaxNumEPBs":50,"CIC_Number":null,"PC_ElectionID":4348,"Election_Name":"Gubernatorial General Election","Election_Year":2026,"Election_Type":"4","GIS_Publication_Status":"1","PC_ServiceAreaType":"11 Day"}},{"type":"Feature","id":6107,"geometry":{"type":"Point","coordinates":[-117.910723957925,34.1508591608478]},"properties":{"OBJECTID":6107,"globalid":"9762a3f8-f90c-432c-a80e-ffb884e67e57","VCID":2215,"PC_AssignedServiceArea":"1055002B","PC_BuildingName":"Azusa Eagles FOE 2810","PC_RoomArea":"Hall","PC_BuildingFullAddress":"1603 N San Gabriel Canyon Rd Azusa, CA 91702","PC_BuildingAddress":"1603 N San Gabriel Canyon Rd","PC_BuildingCity":"Azusa","PC_BuildingZip":91702,"PC_AllocatedBMDs":15,"PC_AllocatedEPBs":5,"PC_FacilityType":"Private","PC_SupervisorialDistrict":null,"PC_AllocatedSize":"15 - Standard","PC_MaxNumBMDs":140,"PC_MaxNumEPBs":33,"CIC_Number":null,"PC_ElectionID":4348,"Election_Name":"Gubernatorial General Election","Election_Year":2026,"Election_Type":"4","GIS_Publication_Status":"1","PC_ServiceAreaType":"4 Day"}},{"type":"Feature","id":6108,"geometry":{"type":"Point","coordinates":[-118.128284099541,33.819691518241]},"properties":{"OBJECTID":6108,"globalid":"26d1be78-2670-4778-8fb2-2d771258cab0","VCID":12610,"PC_AssignedServiceArea":"4385050A","PC_BuildingName":"Wardlow Park Community Center","PC_RoomArea":"Social Hall","PC_BuildingFullAddress":"3457 Stanbridge Ave Long Beach, CA 90808","PC_BuildingAddress":"3457 Stanbridge Ave","PC_BuildingCity":"Long Beach","PC_BuildingZip":90808,"PC_AllocatedBMDs":25,"PC_AllocatedEPBs":7,"PC_FacilityType":"Public","PC_SupervisorialDistrict":4,"PC_AllocatedSize":"25 - Large","PC_MaxNumBMDs":91,"PC_MaxNumEPBs":19,"CIC_Number":null,"PC_ElectionID":4348,"Election_Name":"Gubernatorial General Election","Election_Year":2026,"Election_Type":"4","GIS_Publication_Status":"1","PC_ServiceAreaType":"11 Day"}},{"type":"Feature","id":6109,"geometry":{"type":"Point","coordinates":[-118.614771520382,34.4859545875273]},"properties":{"OBJECTID":6109,"globalid":"13ab77ca-3e86-475d-bce2-a8163a887a93","VCID":15023,"PC_AssignedServiceArea":"5622002A","PC_BuildingName":"Clinkunbroomer Castaic Sports Complex","PC_RoomArea":"Community Room","PC_BuildingFullAddress":"31230 Castaic Rd Castaic, CA 91384","PC_BuildingAddress":"31230 Castaic Rd","PC_BuildingCity":"Castaic","PC_BuildingZip":91384,"PC_AllocatedBMDs":15,"PC_AllocatedEPBs":5,"PC_FacilityType":"Public","PC_SupervisorialDistrict":null,"PC_AllocatedSize":"15 - Standard","PC_MaxNumBMDs":40,"PC_MaxNumEPBs":34,"CIC_Number":null,"PC_ElectionID":4348,"Election_Name":"Gubernatorial General Election","Election_Year":2026,"Election_Type":"4","GIS_Publication_Status":"1","PC_ServiceAreaType":"11 Day"}},{"type":"Feature","id":6110,"geometry":{"type":"Point","coordinates":[-118.37673482702,34.0611595151489]},"properties":{"OBJECTID":6110,"globalid":"10191799-ea1e-44d6-b842-25e32cffe868","VCID":13861,"PC_AssignedServiceArea":"2900052B","PC_BuildingName":"La Cienega Tennis Center","PC_RoomArea":"Rodeo Room","PC_BuildingFullAddress":"325 S La Cienega Blvd Beverly Hills, CA 90211","PC_BuildingAddress":"325 S La Cienega Blvd","PC_BuildingCity":"Beverly Hills","PC_BuildingZip":90211,"PC_AllocatedBMDs":15,"PC_AllocatedEPBs":5,"PC_FacilityType":"Public","PC_SupervisorialDistrict":null,"PC_AllocatedSize":"15 - Standard","PC_MaxNumBMDs":45,"PC_MaxNumEPBs":27,"CIC_Number":null,"PC_ElectionID":4348,"Election_Name":"Gubernatorial General Election","Election_Year":2026,"Election_Type":"4","GIS_Publication_Status":"1","PC_ServiceAreaType":"4 Day"}},{"type":"Feature","id":6111,"geometry":{"type":"Point","coordinates":[-118.150752913928,34.1207499940507]},"properties":{"OBJECTID":6111,"globalid":"55498093-23a8-4b36-b04b-afac0cc578d5","VCID":5847,"PC_AssignedServiceArea":"5660010H","PC_BuildingName":"War Memorial Building","PC_RoomArea":"War Memorial Hall","PC_BuildingFullAddress":"435 Fair Oaks Ave South Pasadena, CA 91030","PC_BuildingAddress":"435 Fair Oaks Ave","PC_BuildingCity":"South Pasadena","PC_BuildingZip":91030,"PC_AllocatedBMDs":25,"PC_AllocatedEPBs":7,"PC_FacilityType":"Public","PC_SupervisorialDistrict":5,"PC_AllocatedSize":"25 - Large","PC_MaxNumBMDs":60,"PC_MaxNumEPBs":17,"CIC_Number":null,"PC_ElectionID":4348,"Election_Name":"Gubernatorial General Election","Election_Year":2026,"Election_Type":"4","GIS_Publication_Status":"1","PC_ServiceAreaType":"4 Day"}},{"type":"Feature","id":6112,"geometry":{"type":"Point","coordinates":[-118.297001828622,33.8669099821059]},"properties":{"OBJECTID":6112,"globalid":"55400c48-e681-4301-aa06-5f7e76ec44fb","VCID":14884,"PC_AssignedServiceArea":"2900015B","PC_BuildingName":"Gardena High School","PC_RoomArea":"Social Hall","PC_BuildingFullAddress":"1301 W 182nd St Gardena, CA 90248","PC_BuildingAddress":"1301 W 182nd St","PC_BuildingCity":"Gardena","PC_BuildingZip":90248,"PC_AllocatedBMDs":45,"PC_AllocatedEPBs":12,"PC_FacilityType":"Public","PC_SupervisorialDistrict":2,"PC_AllocatedSize":"45 - Extra Large","PC_MaxNumBMDs":50,"PC_MaxNumEPBs":17,"CIC_Number":null,"PC_ElectionID":4348,"Election_Name":"Gubernatorial General Election","Election_Year":2026,"Election_Type":"4","GIS_Publication_Status":"1","PC_ServiceAreaType":"4 Day"}},{"type":"Feature","id":6113,"geometry":{"type":"Point","coordinates":[-118.072783488502,34.0074335946253]},"properties":{"OBJECTID":6113,"globalid":"31c88f48-d822-4bd3-9568-d04548126918","VCID":20936,"PC_AssignedServiceArea":"4523001B","PC_BuildingName":"Pico Park Community Center","PC_RoomArea":"Auditorium A and B","PC_BuildingFullAddress":"9528 Beverly Blvd Pico Rivera, CA 90660","PC_BuildingAddress":"9528 Beverly Blvd","PC_BuildingCity":"Pico Rivera","PC_BuildingZip":90660,"PC_AllocatedBMDs":25,"PC_AllocatedEPBs":7,"PC_FacilityType":"Public","PC_SupervisorialDistrict":4,"PC_AllocatedSize":"25 - Large","PC_MaxNumBMDs":91,"PC_MaxNumEPBs":34,"CIC_Number":null,"PC_ElectionID":4348,"Election_Name":"Gubernatorial General Election","Election_Year":2026,"Election_Type":"4","GIS_Publication_Status":"1","PC_ServiceAreaType":"4 Day"}},{"type":"Feature","id":6114,"geometry":{"type":"Point","coordinates":[-118.419949141628,34.1765966386107]},"properties":{"OBJECTID":6114,"globalid":"fa097d29-a52f-4064-ab4f-c847cdbcfb6b","VCID":14663,"PC_AssignedServiceArea":"3900020A","PC_BuildingName":"Los Angeles Valley College","PC_RoomArea":"Cafeteria","PC_BuildingFullAddress":"5800 Fulton Ave Van Nuys, CA 91401","PC_BuildingAddress":"5800 Fulton Ave","PC_BuildingCity":"Van Nuys","PC_BuildingZip":91401,"PC_AllocatedBMDs":15,"PC_AllocatedEPBs":5,"PC_FacilityType":"Public","PC_SupervisorialDistrict":null,"PC_AllocatedSize":"15 - Standard","PC_MaxNumBMDs":90,"PC_MaxNumEPBs":5,"CIC_Number":null,"PC_ElectionID":4348,"Election_Name":"Gubernatorial General Election","Election_Year":2026,"Election_Type":"4","GIS_Publication_Status":"1","PC_ServiceAreaType":"11 Day"}},{"type":"Feature","id":6115,"geometry":{"type":"Point","coordinates":[-118.069355246079,33.9027809645064]},"properties":{"OBJECTID":6115,"globalid":"dbe36ec7-f6f7-411f-956b-b2f4ec9073be","VCID":2821,"PC_AssignedServiceArea":"4623001B","PC_BuildingName":"Norwalk Masonic Center","PC_RoomArea":"Dining Room","PC_BuildingFullAddress":"12345 Rosecrans Ave Norwalk, CA 90650","PC_BuildingAddress":"12345 Rosecrans Ave","PC_BuildingCity":"Norwalk","PC_BuildingZip":90650,"PC_AllocatedBMDs":40,"PC_AllocatedEPBs":10,"PC_FacilityType":"Private","PC_SupervisorialDistrict":4,"PC_AllocatedSize":"40 - Extra Large","PC_MaxNumBMDs":68,"PC_MaxNumEPBs":11,"CIC_Number":null,"PC_ElectionID":4348,"Election_Name":"Gubernatorial General Election","Election_Year":2026,"Election_Type":"4","GIS_Publication_Status":"1","PC_ServiceAreaType":"4 Day"}},{"type":"Feature","id":6116,"geometry":{"type":"Point","coordinates":[-118.153151004277,34.0852361984672]},"properties":{"OBJECTID":6116,"globalid":"d1d911e8-0641-4690-ab44-1909fc380422","VCID":6363,"PC_AssignedServiceArea":"1015031B","PC_BuildingName":"Emery Park","PC_RoomArea":"Gymnasium","PC_BuildingFullAddress":"2709 Mimosa St Alhambra, CA 91803","PC_BuildingAddress":"2709 Mimosa St","PC_BuildingCity":"Alhambra","PC_BuildingZip":91803,"PC_AllocatedBMDs":25,"PC_AllocatedEPBs":7,"PC_FacilityType":"Public","PC_SupervisorialDistrict":1,"PC_AllocatedSize":"25 - Large","PC_MaxNumBMDs":90,"PC_MaxNumEPBs":9,"CIC_Number":null,"PC_ElectionID":4348,"Election_Name":"Gubernatorial General Election","Election_Year":2026,"Election_Type":"4","GIS_Publication_Status":"1","PC_ServiceAreaType":"4 Day"}},{"type":"Feature","id":6117,"geometry":{"type":"Point","coordinates":[-118.047849381747,34.1028567923893]},"properties":{"OBJECTID":6117,"globalid":"9bece1f5-fc78-46a3-9f96-46103309fa5a","VCID":20913,"PC_AssignedServiceArea":"5705001B","PC_BuildingName":"Live Oak Park Community Center","PC_RoomArea":"Live Oak 3","PC_BuildingFullAddress":"10144 Bogue St Temple City, CA 91780","PC_BuildingAddress":"10144 Bogue St","PC_BuildingCity":"Temple City","PC_BuildingZip":91780,"PC_AllocatedBMDs":15,"PC_AllocatedEPBs":5,"PC_FacilityType":"Public","PC_SupervisorialDistrict":5,"PC_AllocatedSize":"15 - Standard","PC_MaxNumBMDs":68,"PC_MaxNumEPBs":58,"CIC_Number":null,"PC_ElectionID":4348,"Election_Name":"Gubernatorial General Election","Election_Year":2026,"Election_Type":"4","GIS_Publication_Status":"1","PC_ServiceAreaType":"4 Day"}},{"type":"Feature","id":6118,"geometry":{"type":"Point","coordinates":[-118.019556107151,34.0849996689289]},"properties":{"OBJECTID":6118,"globalid":"a44680e8-7830-43ed-8d3d-ee913825a67f","VCID":12969,"PC_AssignedServiceArea":"1210010A","PC_BuildingName":"Lambert Park","PC_RoomArea":"Auditorium","PC_BuildingFullAddress":"11431 McGirk Ave El Monte, CA 91732","PC_BuildingAddress":"11431 McGirk Ave","PC_BuildingCity":"El Monte","PC_BuildingZip":91732,"PC_AllocatedBMDs":25,"PC_AllocatedEPBs":7,"PC_FacilityType":"Public","PC_SupervisorialDistrict":1,"PC_AllocatedSize":"25 - Large","PC_MaxNumBMDs":45,"PC_MaxNumEPBs":36,"CIC_Number":null,"PC_ElectionID":4348,"Election_Name":"Gubernatorial General Election","Election_Year":2026,"Election_Type":"4","GIS_Publication_Status":"1","PC_ServiceAreaType":"11 Day"}},{"type":"Feature","id":6119,"geometry":{"type":"Point","coordinates":[-118.230609861035,34.002939457064]},"properties":{"OBJECTID":6119,"globalid":"cbd3a400-70dc-453f-8782-997dd9462222","VCID":14188,"PC_AssignedServiceArea":"4745000B","PC_BuildingName":"Holy Angels Church of the Deaf","PC_RoomArea":"Fellowship Hall","PC_BuildingFullAddress":"4433 S Santa Fe Ave Vernon, CA 90058","PC_BuildingAddress":"4433 S Santa Fe Ave","PC_BuildingCity":"Vernon","PC_BuildingZip":90058,"PC_AllocatedBMDs":15,"PC_AllocatedEPBs":5,"PC_FacilityType":"Private","PC_SupervisorialDistrict":null,"PC_AllocatedSize":"15 - Standard","PC_MaxNumBMDs":114,"PC_MaxNumEPBs":37,"CIC_Number":null,"PC_ElectionID":4348,"Election_Name":"Gubernatorial General Election","Election_Year":2026,"Election_Type":"4","GIS_Publication_Status":"1","PC_ServiceAreaType":"4 Day"}},{"type":"Feature","id":6120,"geometry":{"type":"Point","coordinates":[-118.514506448596,34.0379318866838]},"properties":{"OBJECTID":6120,"globalid":"ecfeca79-19ea-4014-8bf0-274de5db639f","VCID":363,"PC_AssignedServiceArea":"3625000B","PC_BuildingName":"Rustic Canyon Recreation Center","PC_RoomArea":"Gallery","PC_BuildingFullAddress":"601 Latimer Rd Santa Monica, CA 90402","PC_BuildingAddress":"601 Latimer Rd","PC_BuildingCity":"Santa Monica","PC_BuildingZip":90402,"PC_AllocatedBMDs":15,"PC_AllocatedEPBs":5,"PC_FacilityType":"Public","PC_SupervisorialDistrict":3,"PC_AllocatedSize":"15 - Standard","PC_MaxNumBMDs":20,"PC_MaxNumEPBs":0,"CIC_Number":null,"PC_ElectionID":4348,"Election_Name":"Gubernatorial General Election","Election_Year":2026,"Election_Type":"4","GIS_Publication_Status":"1","PC_ServiceAreaType":"4 Day"}},{"type":"Feature","id":6121,"geometry":{"type":"Point","coordinates":[-118.434796323489,34.0298503300507]},"properties":{"OBJECTID":6121,"globalid":"1c6e8e09-1b7c-422d-952c-a0f2a82e7440","VCID":1855,"PC_AssignedServiceArea":"3900115B","PC_BuildingName":"Daniel Webster Middle School","PC_RoomArea":"Multi-Purpose Room","PC_BuildingFullAddress":"11330 Graham Pl Los Angeles, CA 90064","PC_BuildingAddress":"11330 Graham Pl","PC_BuildingCity":"Los Angeles","PC_BuildingZip":90064,"PC_AllocatedBMDs":15,"PC_AllocatedEPBs":5,"PC_FacilityType":"Public","PC_SupervisorialDistrict":3,"PC_AllocatedSize":"15 - Standard","PC_MaxNumBMDs":30,"PC_MaxNumEPBs":123,"CIC_Number":null,"PC_ElectionID":4348,"Election_Name":"Gubernatorial General Election","Election_Year":2026,"Election_Type":"4","GIS_Publication_Status":"1","PC_ServiceAreaType":"4 Day"}},{"type":"Feature","id":6122,"geometry":{"type":"Point","coordinates":[-118.098158532343,33.8075293967634]},"properties":{"OBJECTID":6122,"globalid":"08e7657f-146f-4c69-9f27-7c8366ffe745","VCID":3197,"PC_AssignedServiceArea":"4385031B","PC_BuildingName":"El Dorado Park West","PC_RoomArea":"Teen Center","PC_BuildingFullAddress":"2800 N Studebaker Rd Long Beach, CA 90815","PC_BuildingAddress":"2800 N Studebaker Rd","PC_BuildingCity":"Long Beach","PC_BuildingZip":90815,"PC_AllocatedBMDs":15,"PC_AllocatedEPBs":5,"PC_FacilityType":"Public","PC_SupervisorialDistrict":4,"PC_AllocatedSize":"15 - Standard","PC_MaxNumBMDs":68,"PC_MaxNumEPBs":11,"CIC_Number":null,"PC_ElectionID":4348,"Election_Name":"Gubernatorial General Election","Election_Year":2026,"Election_Type":"4","GIS_Publication_Status":"1","PC_ServiceAreaType":"4 Day"}},{"type":"Feature","id":6123,"geometry":{"type":"Point","coordinates":[-118.119981269452,33.8699243040959]},"properties":{"OBJECTID":6123,"globalid":"480ab856-2aa1-4250-ad4c-0632d375ff0c","VCID":20263,"PC_AssignedServiceArea":"4345002B","PC_BuildingName":"Thomas Jefferson Elementary School","PC_RoomArea":"Multi-Purpose Room","PC_BuildingFullAddress":"10027 Rose St Bellflower, CA 90706","PC_BuildingAddress":"10027 Rose St","PC_BuildingCity":"Bellflower","PC_BuildingZip":90706,"PC_AllocatedBMDs":15,"PC_AllocatedEPBs":5,"PC_FacilityType":"Public","PC_SupervisorialDistrict":4,"PC_AllocatedSize":"15 - Standard","PC_MaxNumBMDs":60,"PC_MaxNumEPBs":15,"CIC_Number":null,"PC_ElectionID":4348,"Election_Name":"Gubernatorial General Election","Election_Year":2026,"Election_Type":"4","GIS_Publication_Status":"1","PC_ServiceAreaType":"4 Day"}},{"type":"Feature","id":6124,"geometry":{"type":"Point","coordinates":[-118.470069351599,34.2309662340367]},"properties":{"OBJECTID":6124,"globalid":"f3110402-5322-426f-838b-fd0ebf42fecb","VCID":5896,"PC_AssignedServiceArea":"3900067B","PC_BuildingName":"Langdon Avenue Elementary School","PC_RoomArea":"Auditorium","PC_BuildingFullAddress":"8817 Langdon Ave North Hills, CA 91343","PC_BuildingAddress":"8817 Langdon Ave","PC_BuildingCity":"North Hills","PC_BuildingZip":91343,"PC_AllocatedBMDs":15,"PC_AllocatedEPBs":5,"PC_FacilityType":"Public","PC_SupervisorialDistrict":3,"PC_AllocatedSize":"15 - Standard","PC_MaxNumBMDs":40,"PC_MaxNumEPBs":24,"CIC_Number":null,"PC_ElectionID":4348,"Election_Name":"Gubernatorial General Election","Election_Year":2026,"Election_Type":"4","GIS_Publication_Status":"1","PC_ServiceAreaType":"4 Day"}},{"type":"Feature","id":6125,"geometry":{"type":"Point","coordinates":[-118.119450335974,33.8769311658994]},"properties":{"OBJECTID":6125,"globalid":"7e51ceaf-bfde-4f4d-ad6e-7ce50a20f5c1","VCID":18554,"PC_AssignedServiceArea":"4075020B","PC_BuildingName":"Las Flores Home Ed Ind Study Academy","PC_RoomArea":"Cafeteria","PC_BuildingFullAddress":"10039 Palm St Bellflower, CA 90706","PC_BuildingAddress":"10039 Palm St","PC_BuildingCity":"Bellflower","PC_BuildingZip":90706,"PC_AllocatedBMDs":15,"PC_AllocatedEPBs":5,"PC_FacilityType":"Public","PC_SupervisorialDistrict":4,"PC_AllocatedSize":"15 - Standard","PC_MaxNumBMDs":120,"PC_MaxNumEPBs":9,"CIC_Number":null,"PC_ElectionID":4348,"Election_Name":"Gubernatorial General Election","Election_Year":2026,"Election_Type":"4","GIS_Publication_Status":"1","PC_ServiceAreaType":"4 Day"}},{"type":"Feature","id":6126,"geometry":{"type":"Point","coordinates":[-118.124744413007,34.7045377476177]},"properties":{"OBJECTID":6126,"globalid":"4ed8360a-8f1d-4148-ab48-5f97bddb15ea","VCID":11063,"PC_AssignedServiceArea":"5355004B","PC_BuildingName":"High Desert Regional Health Center","PC_RoomArea":"Conference Rooms 11A-11C","PC_BuildingFullAddress":"335 E Avenue I Lancaster, CA 93535","PC_BuildingAddress":"335 E Avenue I","PC_BuildingCity":"Lancaster","PC_BuildingZip":93535,"PC_AllocatedBMDs":15,"PC_AllocatedEPBs":5,"PC_FacilityType":"Public","PC_SupervisorialDistrict":5,"PC_AllocatedSize":"15 - Standard","PC_MaxNumBMDs":null,"PC_MaxNumEPBs":null,"CIC_Number":null,"PC_ElectionID":4348,"Election_Name":"Gubernatorial General Election","Election_Year":2026,"Election_Type":"4","GIS_Publication_Status":"1","PC_ServiceAreaType":"4 Day"}},{"type":"Feature","id":6127,"geometry":{"type":"Point","coordinates":[-118.176972719226,33.7712775812822]},"properties":{"OBJECTID":6127,"globalid":"51d975d5-8955-4144-8df3-6852a8ab64a3","VCID":12395,"PC_AssignedServiceArea":"4385020A","PC_BuildingName":"Long Beach Senior Center","PC_RoomArea":"Auditorium","PC_BuildingFullAddress":"1150 E 4th St Long Beach, CA 90802","PC_BuildingAddress":"1150 E 4th St","PC_BuildingCity":"Long Beach","PC_BuildingZip":90802,"PC_AllocatedBMDs":45,"PC_AllocatedEPBs":12,"PC_FacilityType":"Public","PC_SupervisorialDistrict":null,"PC_AllocatedSize":"45 - Extra Large","PC_MaxNumBMDs":85,"PC_MaxNumEPBs":45,"CIC_Number":null,"PC_ElectionID":4348,"Election_Name":"Gubernatorial General Election","Election_Year":2026,"Election_Type":"4","GIS_Publication_Status":"1","PC_ServiceAreaType":"11 Day"}},{"type":"Feature","id":6128,"geometry":{"type":"Point","coordinates":[-117.909933599866,34.5030292456174]},"properties":{"OBJECTID":6128,"globalid":"0ff7a6ba-8f13-45f7-9727-183e38197562","VCID":14331,"PC_AssignedServiceArea":"5520001B","PC_BuildingName":"Foursquare Church-Pearblossom","PC_RoomArea":"Sanctuary","PC_BuildingFullAddress":"34005 123rd St E Pearblossom, CA 93553","PC_BuildingAddress":"34005 123rd St E","PC_BuildingCity":"Pearblossom","PC_BuildingZip":93553,"PC_AllocatedBMDs":15,"PC_AllocatedEPBs":5,"PC_FacilityType":"Private","PC_SupervisorialDistrict":5,"PC_AllocatedSize":"15 - Standard","PC_MaxNumBMDs":30,"PC_MaxNumEPBs":11,"CIC_Number":null,"PC_ElectionID":4348,"Election_Name":"Gubernatorial General Election","Election_Year":2026,"Election_Type":"4","GIS_Publication_Status":"1","PC_ServiceAreaType":"4 Day"}},{"type":"Feature","id":6129,"geometry":{"type":"Point","coordinates":[-118.28979464343,34.0077419511101]},"properties":{"OBJECTID":6129,"globalid":"cb0ca5fa-2c18-48f4-b512-cc2f59fb95d9","VCID":12849,"PC_AssignedServiceArea":"2900094B","PC_BuildingName":"Menlo Avenue Elementary School","PC_RoomArea":"Auditorium","PC_BuildingFullAddress":"4156 Menlo Ave  Los Angeles, CA 90037","PC_BuildingAddress":"4156 Menlo Ave ","PC_BuildingCity":"Los Angeles","PC_BuildingZip":90037,"PC_AllocatedBMDs":15,"PC_AllocatedEPBs":5,"PC_FacilityType":"Public","PC_SupervisorialDistrict":2,"PC_AllocatedSize":"15 - Standard","PC_MaxNumBMDs":91,"PC_MaxNumEPBs":19,"CIC_Number":null,"PC_ElectionID":4348,"Election_Name":"Gubernatorial General Election","Election_Year":2026,"Election_Type":"4","GIS_Publication_Status":"1","PC_ServiceAreaType":"4 Day"}},{"type":"Feature","id":6130,"geometry":{"type":"Point","coordinates":[-118.422448806546,33.967057859247]},"properties":{"OBJECTID":6130,"globalid":"70c325a2-c683-4f75-bab3-e9b9194b3af4","VCID":11783,"PC_AssignedServiceArea":"2900111B","PC_BuildingName":"Loyola Marymount University","PC_RoomArea":"McIntosh Center","PC_BuildingFullAddress":"1 LMU Dr Los Angeles, CA 90045","PC_BuildingAddress":"1 LMU Dr","PC_BuildingCity":"Los Angeles","PC_BuildingZip":90045,"PC_AllocatedBMDs":15,"PC_AllocatedEPBs":7,"PC_FacilityType":"Private","PC_SupervisorialDistrict":null,"PC_AllocatedSize":"15 - Large","PC_MaxNumBMDs":158,"PC_MaxNumEPBs":45,"CIC_Number":null,"PC_ElectionID":4348,"Election_Name":"Gubernatorial General Election","Election_Year":2026,"Election_Type":"4","GIS_Publication_Status":"1","PC_ServiceAreaType":"4 Day"}},{"type":"Feature","id":6131,"geometry":{"type":"Point","coordinates":[-118.224110022412,33.9536873195464]},"properties":{"OBJECTID":6131,"globalid":"f3834e5e-c3b3-4763-be34-8fbb97baef6d","VCID":13013,"PC_AssignedServiceArea":"4655001B","PC_BuildingName":"Primera Iglesia Bautista El Peregrino","PC_RoomArea":"Meeting Room","PC_BuildingFullAddress":"2702 Glenwood Pl South Gate, CA 90280","PC_BuildingAddress":"2702 Glenwood Pl","PC_BuildingCity":"South Gate","PC_BuildingZip":90280,"PC_AllocatedBMDs":15,"PC_AllocatedEPBs":5,"PC_FacilityType":"Private","PC_SupervisorialDistrict":4,"PC_AllocatedSize":"15 - Standard","PC_MaxNumBMDs":40,"PC_MaxNumEPBs":19,"CIC_Number":null,"PC_ElectionID":4348,"Election_Name":"Gubernatorial General Election","Election_Year":2026,"Election_Type":"4","GIS_Publication_Status":"1","PC_ServiceAreaType":"4 Day"}},{"type":"Feature","id":6132,"geometry":{"type":"Point","coordinates":[-118.128044473727,34.065929411423]},"properties":{"OBJECTID":6132,"globalid":"ae74919e-77e6-4350-ab29-f3785d059262","VCID":13168,"PC_AssignedServiceArea":"1450021B","PC_BuildingName":"Langley Senior Center","PC_RoomArea":"Friendship Room","PC_BuildingFullAddress":"400 W Emerson Ave Monterey Park, CA 91754","PC_BuildingAddress":"400 W Emerson Ave","PC_BuildingCity":"Monterey Park","PC_BuildingZip":91754,"PC_AllocatedBMDs":15,"PC_AllocatedEPBs":5,"PC_FacilityType":"Public","PC_SupervisorialDistrict":1,"PC_AllocatedSize":"15 - Standard","PC_MaxNumBMDs":91,"PC_MaxNumEPBs":27,"CIC_Number":null,"PC_ElectionID":4348,"Election_Name":"Gubernatorial General Election","Election_Year":2026,"Election_Type":"4","GIS_Publication_Status":"1","PC_ServiceAreaType":"4 Day"}},{"type":"Feature","id":6133,"geometry":{"type":"Point","coordinates":[-118.29085119621,33.735785815288]},"properties":{"OBJECTID":6133,"globalid":"e1efa3d7-27f7-480a-8b35-52a3da1bbd38","VCID":23013,"PC_AssignedServiceArea":"4900152H","PC_BuildingName":"Croatian American Club","PC_RoomArea":"The Hall","PC_BuildingFullAddress":"631 W 9th St San Pedro, CA 90731","PC_BuildingAddress":"631 W 9th St","PC_BuildingCity":"San Pedro","PC_BuildingZip":90731,"PC_AllocatedBMDs":15,"PC_AllocatedEPBs":5,"PC_FacilityType":"Private","PC_SupervisorialDistrict":null,"PC_AllocatedSize":"15 - Standard","PC_MaxNumBMDs":80,"PC_MaxNumEPBs":45,"CIC_Number":null,"PC_ElectionID":4348,"Election_Name":"Gubernatorial General Election","Election_Year":2026,"Election_Type":"4","GIS_Publication_Status":"1","PC_ServiceAreaType":"4 Day"}},{"type":"Feature","id":6134,"geometry":{"type":"Point","coordinates":[-117.863690444447,34.1400542210875]},"properties":{"OBJECTID":6134,"globalid":"9d74fa2d-aebc-4201-bd3c-887e7017a471","VCID":2225,"PC_AssignedServiceArea":"5260000A","PC_BuildingName":"Glendora United Methodist Church","PC_RoomArea":"Dining Room","PC_BuildingFullAddress":"201 E Bennett Ave Glendora, CA 91741","PC_BuildingAddress":"201 E Bennett Ave","PC_BuildingCity":"Glendora","PC_BuildingZip":91741,"PC_AllocatedBMDs":25,"PC_AllocatedEPBs":7,"PC_FacilityType":"Private","PC_SupervisorialDistrict":5,"PC_AllocatedSize":"25 - Large","PC_MaxNumBMDs":100,"PC_MaxNumEPBs":17,"CIC_Number":null,"PC_ElectionID":4348,"Election_Name":"Gubernatorial General Election","Election_Year":2026,"Election_Type":"4","GIS_Publication_Status":"1","PC_ServiceAreaType":"11 Day"}},{"type":"Feature","id":6135,"geometry":{"type":"Point","coordinates":[-118.276633084306,33.7789401113916]},"properties":{"OBJECTID":6135,"globalid":"231e15d5-6c86-459b-a7d9-cb798454f910","VCID":12691,"PC_AssignedServiceArea":"4900151A","PC_BuildingName":"Wilmington VFW Post 2967","PC_RoomArea":"Assembly Hall","PC_BuildingFullAddress":"1130 W Anaheim St Wilmington, CA 90744","PC_BuildingAddress":"1130 W Anaheim St","PC_BuildingCity":"Wilmington","PC_BuildingZip":90744,"PC_AllocatedBMDs":15,"PC_AllocatedEPBs":5,"PC_FacilityType":"Private","PC_SupervisorialDistrict":4,"PC_AllocatedSize":"15 - Standard","PC_MaxNumBMDs":68,"PC_MaxNumEPBs":22,"CIC_Number":null,"PC_ElectionID":4348,"Election_Name":"Gubernatorial General Election","Election_Year":2026,"Election_Type":"4","GIS_Publication_Status":"1","PC_ServiceAreaType":"11 Day"}},{"type":"Feature","id":6136,"geometry":{"type":"Point","coordinates":[-118.371178124371,34.2751475471844]},"properties":{"OBJECTID":6136,"globalid":"618f31ac-d762-48c8-a1f2-6395c51c58d7","VCID":566,"PC_AssignedServiceArea":"5900070B","PC_BuildingName":"Lake View Terrace Recreation Center","PC_RoomArea":"Community Room","PC_BuildingFullAddress":"11075 Foothill Blvd Lake View Terrace, CA 91342","PC_BuildingAddress":"11075 Foothill Blvd","PC_BuildingCity":"Lake View Terrace","PC_BuildingZip":91342,"PC_AllocatedBMDs":15,"PC_AllocatedEPBs":5,"PC_FacilityType":"Public","PC_SupervisorialDistrict":null,"PC_AllocatedSize":"15 - Standard","PC_MaxNumBMDs":45,"PC_MaxNumEPBs":23,"CIC_Number":null,"PC_ElectionID":4348,"Election_Name":"Gubernatorial General Election","Election_Year":2026,"Election_Type":"4","GIS_Publication_Status":"1","PC_ServiceAreaType":"4 Day"}},{"type":"Feature","id":6137,"geometry":{"type":"Point","coordinates":[-118.5048671377,34.2931629674466]},"properties":{"OBJECTID":6137,"globalid":"6840f7ff-041b-41c0-b9ac-22c9b237d7f4","VCID":13158,"PC_AssignedServiceArea":"3900126B","PC_BuildingName":"El Oro Way Charter for Enriched Studies","PC_RoomArea":"Auditorium","PC_BuildingFullAddress":"12230 El Oro Way Granada Hills, CA 91344","PC_BuildingAddress":"12230 El Oro Way","PC_BuildingCity":"Granada Hills","PC_BuildingZip":91344,"PC_AllocatedBMDs":15,"PC_AllocatedEPBs":5,"PC_FacilityType":"Public","PC_SupervisorialDistrict":3,"PC_AllocatedSize":"15 - Standard","PC_MaxNumBMDs":68,"PC_MaxNumEPBs":82,"CIC_Number":null,"PC_ElectionID":4348,"Election_Name":"Gubernatorial General Election","Election_Year":2026,"Election_Type":"4","GIS_Publication_Status":"1","PC_ServiceAreaType":"4 Day"}},{"type":"Feature","id":6138,"geometry":{"type":"Point","coordinates":[-118.393924072776,34.2728634616676]},"properties":{"OBJECTID":6138,"globalid":"6ea2ecf2-d030-47ba-a898-4a836c8ac412","VCID":195,"PC_AssignedServiceArea":"5900072D","PC_BuildingName":"Lake View Terrace Branch Library","PC_RoomArea":"Meeting Room","PC_BuildingFullAddress":"12002 Osborne St Sylmar, CA 91342","PC_BuildingAddress":"12002 Osborne St","PC_BuildingCity":"Sylmar","PC_BuildingZip":91342,"PC_AllocatedBMDs":15,"PC_AllocatedEPBs":5,"PC_FacilityType":"Public","PC_SupervisorialDistrict":5,"PC_AllocatedSize":"15 - Standard","PC_MaxNumBMDs":21,"PC_MaxNumEPBs":17,"CIC_Number":null,"PC_ElectionID":4348,"Election_Name":"Gubernatorial General Election","Election_Year":2026,"Election_Type":"4","GIS_Publication_Status":"1","PC_ServiceAreaType":"4 Day"}},{"type":"Feature","id":6139,"geometry":{"type":"Point","coordinates":[-118.293548739672,34.0266630722284]},"properties":{"OBJECTID":6139,"globalid":"a774e2eb-6a1e-4afd-8110-18d5f16bb2fd","VCID":15034,"PC_AssignedServiceArea":"2900081B","PC_BuildingName":"John Mack Elementary School","PC_RoomArea":"Multi-Purpose Room","PC_BuildingFullAddress":"3020 S Catalina St Los Angeles, CA 90007","PC_BuildingAddress":"3020 S Catalina St","PC_BuildingCity":"Los Angeles","PC_BuildingZip":90007,"PC_AllocatedBMDs":15,"PC_AllocatedEPBs":5,"PC_FacilityType":"Public","PC_SupervisorialDistrict":2,"PC_AllocatedSize":"15 - Standard","PC_MaxNumBMDs":70,"PC_MaxNumEPBs":30,"CIC_Number":null,"PC_ElectionID":4348,"Election_Name":"Gubernatorial General Election","Election_Year":2026,"Election_Type":"4","GIS_Publication_Status":"1","PC_ServiceAreaType":"4 Day"}},{"type":"Feature","id":6140,"geometry":{"type":"Point","coordinates":[-117.883009460863,34.1345328060896]},"properties":{"OBJECTID":6140,"globalid":"cf4fbb46-d14d-4f7e-be1a-7d11097b7717","VCID":14932,"PC_AssignedServiceArea":"5260030B","PC_BuildingName":"Citrus College","PC_RoomArea":"Hayden Hall Room 101","PC_BuildingFullAddress":"1000 W Foothill Blvd Glendora, CA 91741","PC_BuildingAddress":"1000 W Foothill Blvd","PC_BuildingCity":"Glendora","PC_BuildingZip":91741,"PC_AllocatedBMDs":15,"PC_AllocatedEPBs":7,"PC_FacilityType":"Public","PC_SupervisorialDistrict":null,"PC_AllocatedSize":"15 - Large","PC_MaxNumBMDs":68,"PC_MaxNumEPBs":32,"CIC_Number":null,"PC_ElectionID":4348,"Election_Name":"Gubernatorial General Election","Election_Year":2026,"Election_Type":"4","GIS_Publication_Status":"1","PC_ServiceAreaType":"4 Day"}},{"type":"Feature","id":6141,"geometry":{"type":"Point","coordinates":[-118.697235599535,34.1460647729971]},"properties":{"OBJECTID":6141,"globalid":"3e7c38b5-2cfc-4d85-bdcf-7da18ec77656","VCID":21527,"PC_AssignedServiceArea":"3278000B","PC_BuildingName":"Cambria Hotel Calabasas","PC_RoomArea":"Meeting Room","PC_BuildingFullAddress":"26400 Rondell St Calabasas, CA 91302","PC_BuildingAddress":"26400 Rondell St","PC_BuildingCity":"Calabasas","PC_BuildingZip":91302,"PC_AllocatedBMDs":15,"PC_AllocatedEPBs":5,"PC_FacilityType":"Private","PC_SupervisorialDistrict":null,"PC_AllocatedSize":"15 - Standard","PC_MaxNumBMDs":43,"PC_MaxNumEPBs":36,"CIC_Number":null,"PC_ElectionID":4348,"Election_Name":"Gubernatorial General Election","Election_Year":2026,"Election_Type":"4","GIS_Publication_Status":"1","PC_ServiceAreaType":"4 Day"}},{"type":"Feature","id":6142,"geometry":{"type":"Point","coordinates":[-118.215805582808,33.8224205956746]},"properties":{"OBJECTID":6142,"globalid":"2607d01c-4f20-48a0-9fa6-9f9eb0c6c19f","VCID":18390,"PC_AssignedServiceArea":"4385070B","PC_BuildingName":"Long Beach Sportsman's Club","PC_RoomArea":"Hall","PC_BuildingFullAddress":"3623 Santa Fe Ave Long Beach, CA 90810","PC_BuildingAddress":"3623 Santa Fe Ave","PC_BuildingCity":"Long Beach","PC_BuildingZip":90810,"PC_AllocatedBMDs":15,"PC_AllocatedEPBs":5,"PC_FacilityType":"Private","PC_SupervisorialDistrict":4,"PC_AllocatedSize":"15 - Standard","PC_MaxNumBMDs":90,"PC_MaxNumEPBs":45,"CIC_Number":null,"PC_ElectionID":4348,"Election_Name":"Gubernatorial General Election","Election_Year":2026,"Election_Type":"4","GIS_Publication_Status":"1","PC_ServiceAreaType":"4 Day"}},{"type":"Feature","id":6143,"geometry":{"type":"Point","coordinates":[-118.062553577763,33.850841007513]},"properties":{"OBJECTID":6143,"globalid":"f14feec6-0054-4a37-9526-22b9643a2ff8","VCID":8705,"PC_AssignedServiceArea":"4107001B","PC_BuildingName":"Don Knabe Comm Regional Park","PC_RoomArea":"Multi-Purpose Room","PC_BuildingFullAddress":"19700 Bloomfield Ave Cerritos, CA 90703","PC_BuildingAddress":"19700 Bloomfield Ave","PC_BuildingCity":"Cerritos","PC_BuildingZip":90703,"PC_AllocatedBMDs":15,"PC_AllocatedEPBs":5,"PC_FacilityType":"Public","PC_SupervisorialDistrict":4,"PC_AllocatedSize":"15 - Standard","PC_MaxNumBMDs":45,"PC_MaxNumEPBs":41,"CIC_Number":null,"PC_ElectionID":4348,"Election_Name":"Gubernatorial General Election","Election_Year":2026,"Election_Type":"4","GIS_Publication_Status":"1","PC_ServiceAreaType":"4 Day"}},{"type":"Feature","id":6144,"geometry":{"type":"Point","coordinates":[-118.4309869324,34.2913112451149]},"properties":{"OBJECTID":6144,"globalid":"4a68add5-191f-4363-b034-12e9fdaece74","VCID":14408,"PC_AssignedServiceArea":"3605000B","PC_BuildingName":"Mission City Church","PC_RoomArea":"Gymnasium","PC_BuildingFullAddress":"777 N Maclay Ave San Fernando, CA 91340","PC_BuildingAddress":"777 N Maclay Ave","PC_BuildingCity":"San Fernando","PC_BuildingZip":91340,"PC_AllocatedBMDs":35,"PC_AllocatedEPBs":9,"PC_FacilityType":"Private","PC_SupervisorialDistrict":3,"PC_AllocatedSize":"35 - Extra Large","PC_MaxNumBMDs":90,"PC_MaxNumEPBs":18,"CIC_Number":null,"PC_ElectionID":4348,"Election_Name":"Gubernatorial General Election","Election_Year":2026,"Election_Type":"4","GIS_Publication_Status":"1","PC_ServiceAreaType":"4 Day"}},{"type":"Feature","id":6145,"geometry":{"type":"Point","coordinates":[-118.479097562747,34.1249455481136]},"properties":{"OBJECTID":6145,"globalid":"0d01d1a7-64d5-4ee1-918d-ae8c352ef375","VCID":408,"PC_AssignedServiceArea":"3900051B","PC_BuildingName":"Skirball Cultural Center","PC_RoomArea":"Haas Conference Center 171-173","PC_BuildingFullAddress":"2701 N Sepulveda Blvd Los Angeles, CA 90049","PC_BuildingAddress":"2701 N Sepulveda Blvd","PC_BuildingCity":"Los Angeles","PC_BuildingZip":90049,"PC_AllocatedBMDs":40,"PC_AllocatedEPBs":10,"PC_FacilityType":"Private","PC_SupervisorialDistrict":3,"PC_AllocatedSize":"40 - Extra Large","PC_MaxNumBMDs":null,"PC_MaxNumEPBs":null,"CIC_Number":null,"PC_ElectionID":4348,"Election_Name":"Gubernatorial General Election","Election_Year":2026,"Election_Type":"4","GIS_Publication_Status":"1","PC_ServiceAreaType":"4 Day"}},{"type":"Feature","id":6146,"geometry":{"type":"Point","coordinates":[-118.313409167905,34.0531982215298]},"properties":{"OBJECTID":6146,"globalid":"60c74cb0-6119-4e69-86d1-e1bbf860abb6","VCID":6142,"PC_AssignedServiceArea":"2900101A","PC_BuildingName":"Trinity Central Lutheran Church","PC_RoomArea":"Parish Hall","PC_BuildingFullAddress":"987 S Gramercy Pl Los Angeles, CA 90019","PC_BuildingAddress":"987 S Gramercy Pl","PC_BuildingCity":"Los Angeles","PC_BuildingZip":90019,"PC_AllocatedBMDs":15,"PC_AllocatedEPBs":5,"PC_FacilityType":"Private","PC_SupervisorialDistrict":2,"PC_AllocatedSize":"15 - Standard","PC_MaxNumBMDs":60,"PC_MaxNumEPBs":8,"CIC_Number":null,"PC_ElectionID":4348,"Election_Name":"Gubernatorial General Election","Election_Year":2026,"Election_Type":"4","GIS_Publication_Status":"1","PC_ServiceAreaType":"11 Day"}},{"type":"Feature","id":6147,"geometry":{"type":"Point","coordinates":[-118.122679264298,33.9634806472139]},"properties":{"OBJECTID":6147,"globalid":"c8afa097-ccec-47d9-b5cf-6f5990876ee8","VCID":17173,"PC_AssignedServiceArea":"4185020A","PC_BuildingName":"New Season LA","PC_RoomArea":"Rooms 2 and 3","PC_BuildingFullAddress":"9001 Paramount Blvd Downey, CA 90240","PC_BuildingAddress":"9001 Paramount Blvd","PC_BuildingCity":"Downey","PC_BuildingZip":90240,"PC_AllocatedBMDs":15,"PC_AllocatedEPBs":5,"PC_FacilityType":"Private","PC_SupervisorialDistrict":4,"PC_AllocatedSize":"15 - Standard","PC_MaxNumBMDs":22,"PC_MaxNumEPBs":5,"CIC_Number":null,"PC_ElectionID":4348,"Election_Name":"Gubernatorial General Election","Election_Year":2026,"Election_Type":"4","GIS_Publication_Status":"1","PC_ServiceAreaType":"11 Day"}},{"type":"Feature","id":6148,"geometry":{"type":"Point","coordinates":[-118.392357211053,33.9176260240939]},"properties":{"OBJECTID":6148,"globalid":"5dde8a11-cb96-43cf-96a2-f4300b171c97","VCID":26943,"PC_AssignedServiceArea":"2225000A","PC_BuildingName":"Cambria Hotel LAX","PC_RoomArea":"Hearst I and II","PC_BuildingFullAddress":"199 Continental Blvd El Segundo, CA 90245","PC_BuildingAddress":"199 Continental Blvd","PC_BuildingCity":"El Segundo","PC_BuildingZip":90245,"PC_AllocatedBMDs":15,"PC_AllocatedEPBs":5,"PC_FacilityType":"Private","PC_SupervisorialDistrict":2,"PC_AllocatedSize":"15 - Standard","PC_MaxNumBMDs":null,"PC_MaxNumEPBs":null,"CIC_Number":null,"PC_ElectionID":4348,"Election_Name":"Gubernatorial General Election","Election_Year":2026,"Election_Type":"4","GIS_Publication_Status":"1","PC_ServiceAreaType":"11 Day"}},{"type":"Feature","id":6149,"geometry":{"type":"Point","coordinates":[-117.897487897732,34.0902877115853]},"properties":{"OBJECTID":6149,"globalid":"526b9e8d-904d-4b77-bbd8-73152ee70c25","VCID":6623,"PC_AssignedServiceArea":"1150010A","PC_BuildingName":"Covina United Methodist Church","PC_RoomArea":"Dougherty Hall","PC_BuildingFullAddress":"437 W San Bernardino Rd Covina, CA 91723","PC_BuildingAddress":"437 W San Bernardino Rd","PC_BuildingCity":"Covina","PC_BuildingZip":91723,"PC_AllocatedBMDs":45,"PC_AllocatedEPBs":12,"PC_FacilityType":"Private","PC_SupervisorialDistrict":1,"PC_AllocatedSize":"45 - Extra Large","PC_MaxNumBMDs":114,"PC_MaxNumEPBs":12,"CIC_Number":null,"PC_ElectionID":4348,"Election_Name":"Gubernatorial General Election","Election_Year":2026,"Election_Type":"4","GIS_Publication_Status":"1","PC_ServiceAreaType":"11 Day"}},{"type":"Feature","id":6150,"geometry":{"type":"Point","coordinates":[-118.133658254301,33.8908004404872]},"properties":{"OBJECTID":6150,"globalid":"4ad2298e-febb-4160-9527-7519e374bcf0","VCID":6627,"PC_AssignedServiceArea":"4075000A","PC_BuildingName":"IOOF Bellflower Lodge 463","PC_RoomArea":"Meeting Hall","PC_BuildingFullAddress":"15720 Clark Ave Bellflower, CA 90706","PC_BuildingAddress":"15720 Clark Ave","PC_BuildingCity":"Bellflower","PC_BuildingZip":90706,"PC_AllocatedBMDs":15,"PC_AllocatedEPBs":7,"PC_FacilityType":"Private","PC_SupervisorialDistrict":4,"PC_AllocatedSize":"15 - Large","PC_MaxNumBMDs":60,"PC_MaxNumEPBs":13,"CIC_Number":null,"PC_ElectionID":4348,"Election_Name":"Gubernatorial General Election","Election_Year":2026,"Election_Type":"4","GIS_Publication_Status":"1","PC_ServiceAreaType":"11 Day"}},{"type":"Feature","id":6151,"geometry":{"type":"Point","coordinates":[-118.185689543046,33.8585130467151]},"properties":{"OBJECTID":6151,"globalid":"eb7e5ecc-e24c-48da-b9df-ad52983f1931","VCID":2548,"PC_AssignedServiceArea":"4510000A","PC_BuildingName":"United With Hope","PC_RoomArea":"Social Hall","PC_BuildingFullAddress":"5600 Linden Ave Long Beach, CA 90805","PC_BuildingAddress":"5600 Linden Ave","PC_BuildingCity":"Long Beach","PC_BuildingZip":90805,"PC_AllocatedBMDs":15,"PC_AllocatedEPBs":5,"PC_FacilityType":"Private","PC_SupervisorialDistrict":4,"PC_AllocatedSize":"15 - Standard","PC_MaxNumBMDs":22,"PC_MaxNumEPBs":28,"CIC_Number":null,"PC_ElectionID":4348,"Election_Name":"Gubernatorial General Election","Election_Year":2026,"Election_Type":"4","GIS_Publication_Status":"1","PC_ServiceAreaType":"11 Day"}},{"type":"Feature","id":6152,"geometry":{"type":"Point","coordinates":[-118.020142245191,34.1038035083351]},"properties":{"OBJECTID":6152,"globalid":"cf637d77-976e-45da-b743-234d736e0ec7","VCID":23988,"PC_AssignedServiceArea":"5035051B","PC_BuildingName":"Rio Hondo Elementary School","PC_RoomArea":"Science Lab Room 33","PC_BuildingFullAddress":"11425 Wildflower Rd Arcadia, CA 91006","PC_BuildingAddress":"11425 Wildflower Rd","PC_BuildingCity":"Arcadia","PC_BuildingZip":91006,"PC_AllocatedBMDs":15,"PC_AllocatedEPBs":5,"PC_FacilityType":"Public","PC_SupervisorialDistrict":5,"PC_AllocatedSize":"15 - Standard","PC_MaxNumBMDs":114,"PC_MaxNumEPBs":14,"CIC_Number":null,"PC_ElectionID":4348,"Election_Name":"Gubernatorial General Election","Election_Year":2026,"Election_Type":"4","GIS_Publication_Status":"1","PC_ServiceAreaType":"4 Day"}},{"type":"Feature","id":6153,"geometry":{"type":"Point","coordinates":[-118.26762291073,33.951447464562]},"properties":{"OBJECTID":6153,"globalid":"d8168064-43ad-4480-a202-db6bf90f5ab0","VCID":12346,"PC_AssignedServiceArea":"2900090B","PC_BuildingName":"93rd Street Elementary School","PC_RoomArea":"Auditorium","PC_BuildingFullAddress":"330 E 93rd St Los Angeles, CA 90003","PC_BuildingAddress":"330 E 93rd St","PC_BuildingCity":"Los Angeles","PC_BuildingZip":90003,"PC_AllocatedBMDs":15,"PC_AllocatedEPBs":5,"PC_FacilityType":"Public","PC_SupervisorialDistrict":null,"PC_AllocatedSize":"15 - Standard","PC_MaxNumBMDs":40,"PC_MaxNumEPBs":6,"CIC_Number":null,"PC_ElectionID":4348,"Election_Name":"Gubernatorial General Election","Election_Year":2026,"Election_Type":"4","GIS_Publication_Status":"1","PC_ServiceAreaType":"4 Day"}},{"type":"Feature","id":6154,"geometry":{"type":"Point","coordinates":[-118.408691060679,33.8838014925702]},"properties":{"OBJECTID":6154,"globalid":"25a4a43c-4d3b-4138-aeb7-e914a67abe4d","VCID":5820,"PC_AssignedServiceArea":"2410001B","PC_BuildingName":"Neptunian Woman's Club","PC_RoomArea":"North Hall","PC_BuildingFullAddress":"920 Highland Ave Manhattan Beach, CA 90266","PC_BuildingAddress":"920 Highland Ave","PC_BuildingCity":"Manhattan Beach","PC_BuildingZip":90266,"PC_AllocatedBMDs":15,"PC_AllocatedEPBs":5,"PC_FacilityType":"Private","PC_SupervisorialDistrict":2,"PC_AllocatedSize":"15 - Standard","PC_MaxNumBMDs":68,"PC_MaxNumEPBs":5,"CIC_Number":null,"PC_ElectionID":4348,"Election_Name":"Gubernatorial General Election","Election_Year":2026,"Election_Type":"4","GIS_Publication_Status":"1","PC_ServiceAreaType":"4 Day"}},{"type":"Feature","id":6155,"geometry":{"type":"Point","coordinates":[-118.256224500436,34.021188000004]},"properties":{"OBJECTID":6155,"globalid":"0ab27457-02d0-4f5e-b195-9847d7b016e9","VCID":26345,"PC_AssignedServiceArea":"2900090A","PC_BuildingName":"Second Baptist Church","PC_RoomArea":"Griffith Hall","PC_BuildingFullAddress":"2412 Griffith Ave Los Angeles, CA 90011","PC_BuildingAddress":"2412 Griffith Ave","PC_BuildingCity":"Los Angeles","PC_BuildingZip":90011,"PC_AllocatedBMDs":15,"PC_AllocatedEPBs":5,"PC_FacilityType":"Private","PC_SupervisorialDistrict":2,"PC_AllocatedSize":"15 - Standard","PC_MaxNumBMDs":80,"PC_MaxNumEPBs":54,"CIC_Number":null,"PC_ElectionID":4348,"Election_Name":"Gubernatorial General Election","Election_Year":2026,"Election_Type":"4","GIS_Publication_Status":"1","PC_ServiceAreaType":"11 Day"}},{"type":"Feature","id":6156,"geometry":{"type":"Point","coordinates":[-118.241072892691,34.060657056074]},"properties":{"OBJECTID":6156,"globalid":"d3ed8190-876a-468d-bc2a-a4c4d84d885c","VCID":196,"PC_AssignedServiceArea":"1900014D","PC_BuildingName":"Chinatown Branch Library","PC_RoomArea":"Meeting Room","PC_BuildingFullAddress":"639 N Hill St Los Angeles, CA 90012","PC_BuildingAddress":"639 N Hill St","PC_BuildingCity":"Los Angeles","PC_BuildingZip":90012,"PC_AllocatedBMDs":15,"PC_AllocatedEPBs":5,"PC_FacilityType":"Public","PC_SupervisorialDistrict":1,"PC_AllocatedSize":"15 - Standard","PC_MaxNumBMDs":40,"PC_MaxNumEPBs":33,"CIC_Number":null,"PC_ElectionID":4348,"Election_Name":"Gubernatorial General Election","Election_Year":2026,"Election_Type":"4","GIS_Publication_Status":"1","PC_ServiceAreaType":"4 Day"}},{"type":"Feature","id":6157,"geometry":{"type":"Point","coordinates":[-118.640176362945,34.47121005701]},"properties":{"OBJECTID":6157,"globalid":"41dce5f7-c8ff-420b-8943-cd2f41d40556","VCID":7524,"PC_AssignedServiceArea":"5104001B","PC_BuildingName":"Castaic Middle School","PC_RoomArea":"Multi-Purpose Room","PC_BuildingFullAddress":"28900 Hillcrest Pkwy Castaic, CA 91384","PC_BuildingAddress":"28900 Hillcrest Pkwy","PC_BuildingCity":"Castaic","PC_BuildingZip":91384,"PC_AllocatedBMDs":15,"PC_AllocatedEPBs":5,"PC_FacilityType":"Public","PC_SupervisorialDistrict":5,"PC_AllocatedSize":"15 - Standard","PC_MaxNumBMDs":80,"PC_MaxNumEPBs":23,"CIC_Number":null,"PC_ElectionID":4348,"Election_Name":"Gubernatorial General Election","Election_Year":2026,"Election_Type":"4","GIS_Publication_Status":"1","PC_ServiceAreaType":"4 Day"}},{"type":"Feature","id":6158,"geometry":{"type":"Point","coordinates":[-118.375003975652,34.2490845355663]},"properties":{"OBJECTID":6158,"globalid":"191e3ae5-8987-4697-98b7-c0eef2d4b009","VCID":17742,"PC_AssignedServiceArea":"5900070A","PC_BuildingName":"Stonehurst Recreation Center","PC_RoomArea":"Preschool Building","PC_BuildingFullAddress":"9901 Dronfield Ave Sun Valley, CA 91352","PC_BuildingAddress":"9901 Dronfield Ave","PC_BuildingCity":"Sun Valley","PC_BuildingZip":91352,"PC_AllocatedBMDs":15,"PC_AllocatedEPBs":5,"PC_FacilityType":"Public","PC_SupervisorialDistrict":5,"PC_AllocatedSize":"15 - Standard","PC_MaxNumBMDs":20,"PC_MaxNumEPBs":18,"CIC_Number":null,"PC_ElectionID":4348,"Election_Name":"Gubernatorial General Election","Election_Year":2026,"Election_Type":"4","GIS_Publication_Status":"1","PC_ServiceAreaType":"11 Day"}},{"type":"Feature","id":6159,"geometry":{"type":"Point","coordinates":[-118.169243977333,34.0131587209116]},"properties":{"OBJECTID":6159,"globalid":"b7b616d9-14ea-4b1d-91c3-f727f614acf4","VCID":214,"PC_AssignedServiceArea":"4143000B","PC_BuildingName":"Bristow Park Community Center","PC_RoomArea":"Community Room","PC_BuildingFullAddress":"1466 S McDonnell Ave Commerce, CA 90040","PC_BuildingAddress":"1466 S McDonnell Ave","PC_BuildingCity":"Commerce","PC_BuildingZip":90040,"PC_AllocatedBMDs":15,"PC_AllocatedEPBs":5,"PC_FacilityType":"Public","PC_SupervisorialDistrict":4,"PC_AllocatedSize":"15 - Standard","PC_MaxNumBMDs":20,"PC_MaxNumEPBs":85,"CIC_Number":null,"PC_ElectionID":4348,"Election_Name":"Gubernatorial General Election","Election_Year":2026,"Election_Type":"4","GIS_Publication_Status":"1","PC_ServiceAreaType":"4 Day"}},{"type":"Feature","id":6160,"geometry":{"type":"Point","coordinates":[-118.39707734629,34.1893324629171]},"properties":{"OBJECTID":6160,"globalid":"5b9814ff-7161-4703-946a-c6a00c6a3968","VCID":9339,"PC_AssignedServiceArea":"3900026B","PC_BuildingName":"Roy Romer Middle School","PC_RoomArea":"Multi-Purpose Room","PC_BuildingFullAddress":"6501 Laurel Canyon Blvd North Hollywood, CA 91606","PC_BuildingAddress":"6501 Laurel Canyon Blvd","PC_BuildingCity":"North Hollywood","PC_BuildingZip":91606,"PC_AllocatedBMDs":15,"PC_AllocatedEPBs":7,"PC_FacilityType":"Public","PC_SupervisorialDistrict":3,"PC_AllocatedSize":"15 - Large","PC_MaxNumBMDs":110,"PC_MaxNumEPBs":77,"CIC_Number":null,"PC_ElectionID":4348,"Election_Name":"Gubernatorial General Election","Election_Year":2026,"Election_Type":"4","GIS_Publication_Status":"1","PC_ServiceAreaType":"4 Day"}},{"type":"Feature","id":6161,"geometry":{"type":"Point","coordinates":[-118.294325328585,34.0493321228128]},"properties":{"OBJECTID":6161,"globalid":"a0077450-8795-472f-8d24-2e1890c1f35a","VCID":20571,"PC_AssignedServiceArea":"2900011B","PC_BuildingName":"Berendo Middle School","PC_RoomArea":"Auditorium","PC_BuildingFullAddress":"1157 S Berendo St Los Angeles, CA 90006","PC_BuildingAddress":"1157 S Berendo St","PC_BuildingCity":"Los Angeles","PC_BuildingZip":90006,"PC_AllocatedBMDs":15,"PC_AllocatedEPBs":5,"PC_FacilityType":"Public","PC_SupervisorialDistrict":2,"PC_AllocatedSize":"15 - Standard","PC_MaxNumBMDs":40,"PC_MaxNumEPBs":17,"CIC_Number":null,"PC_ElectionID":4348,"Election_Name":"Gubernatorial General Election","Election_Year":2026,"Election_Type":"4","GIS_Publication_Status":"1","PC_ServiceAreaType":"4 Day"}},{"type":"Feature","id":6162,"geometry":{"type":"Point","coordinates":[-118.311489607078,33.9767460958947]},"properties":{"OBJECTID":6162,"globalid":"a715f57d-21e2-4f75-bc7a-8cdbbab259c7","VCID":19979,"PC_AssignedServiceArea":"2900086B","PC_BuildingName":"Mann UCLA Community School","PC_RoomArea":"Auditorium","PC_BuildingFullAddress":"7001 S St Andrews Pl Los Angeles, CA 90047","PC_BuildingAddress":"7001 S St Andrews Pl","PC_BuildingCity":"Los Angeles","PC_BuildingZip":90047,"PC_AllocatedBMDs":15,"PC_AllocatedEPBs":5,"PC_FacilityType":"Public","PC_SupervisorialDistrict":2,"PC_AllocatedSize":"15 - Standard","PC_MaxNumBMDs":17,"PC_MaxNumEPBs":11,"CIC_Number":null,"PC_ElectionID":4348,"Election_Name":"Gubernatorial General Election","Election_Year":2026,"Election_Type":"4","GIS_Publication_Status":"1","PC_ServiceAreaType":"4 Day"}},{"type":"Feature","id":6163,"geometry":{"type":"Point","coordinates":[-118.355071136356,33.8711763827309]},"properties":{"OBJECTID":6163,"globalid":"19eb1f80-8637-4758-8444-899659005dde","VCID":35106,"PC_AssignedServiceArea":"2555050B","PC_BuildingName":"South Bay Galleria","PC_RoomArea":"Space 262","PC_BuildingFullAddress":"1815 Hawthorne Blvd Redondo Beach, CA 90278","PC_BuildingAddress":"1815 Hawthorne Blvd","PC_BuildingCity":"Redondo Beach","PC_BuildingZip":90278,"PC_AllocatedBMDs":15,"PC_AllocatedEPBs":5,"PC_FacilityType":"Private","PC_SupervisorialDistrict":null,"PC_AllocatedSize":"15 - Standard","PC_MaxNumBMDs":113,"PC_MaxNumEPBs":25,"CIC_Number":null,"PC_ElectionID":4348,"Election_Name":"Gubernatorial General Election","Election_Year":2026,"Election_Type":"4","GIS_Publication_Status":"1","PC_ServiceAreaType":"4 Day"}},{"type":"Feature","id":6164,"geometry":{"type":"Point","coordinates":[-118.367437717338,34.2303744571704]},"properties":{"OBJECTID":6164,"globalid":"034b2e23-b5aa-457c-bdd9-fd85678f3b63","VCID":19122,"PC_AssignedServiceArea":"5900072B","PC_BuildingName":"Cielo Banquet Hall","PC_RoomArea":"Junior Hall","PC_BuildingFullAddress":"8905 Glenoaks Blvd HIJ Sun Valley, CA 91352","PC_BuildingAddress":"8905 Glenoaks Blvd HIJ","PC_BuildingCity":"Sun Valley","PC_BuildingZip":91352,"PC_AllocatedBMDs":15,"PC_AllocatedEPBs":5,"PC_FacilityType":"Private","PC_SupervisorialDistrict":5,"PC_AllocatedSize":"15 - Standard","PC_MaxNumBMDs":45,"PC_MaxNumEPBs":49,"CIC_Number":null,"PC_ElectionID":4348,"Election_Name":"Gubernatorial General Election","Election_Year":2026,"Election_Type":"4","GIS_Publication_Status":"1","PC_ServiceAreaType":"4 Day"}},{"type":"Feature","id":6165,"geometry":{"type":"Point","coordinates":[-118.192548947407,33.8084264903119]},"properties":{"OBJECTID":6165,"globalid":"604e0a6e-cc6f-49af-b949-397713cbc6c6","VCID":19742,"PC_AssignedServiceArea":"4385080A","PC_BuildingName":"Veterans Park","PC_RoomArea":"Social Hall","PC_BuildingFullAddress":"101 E 28th St Long Beach, CA 90806","PC_BuildingAddress":"101 E 28th St","PC_BuildingCity":"Long Beach","PC_BuildingZip":90806,"PC_AllocatedBMDs":15,"PC_AllocatedEPBs":5,"PC_FacilityType":"Public","PC_SupervisorialDistrict":null,"PC_AllocatedSize":"15 - Standard","PC_MaxNumBMDs":50,"PC_MaxNumEPBs":6,"CIC_Number":null,"PC_ElectionID":4348,"Election_Name":"Gubernatorial General Election","Election_Year":2026,"Election_Type":"4","GIS_Publication_Status":"1","PC_ServiceAreaType":"11 Day"}},{"type":"Feature","id":6166,"geometry":{"type":"Point","coordinates":[-118.330507566983,34.1641216367556]},"properties":{"OBJECTID":6166,"globalid":"92f35081-75d8-4c31-a8ac-7ef6cbb0c2e1","VCID":9859,"PC_AssignedServiceArea":"5095003B","PC_BuildingName":"Buena Vista Branch Library","PC_RoomArea":"Meeting Room","PC_BuildingFullAddress":"300 N Buena Vista St Burbank, CA 91505","PC_BuildingAddress":"300 N Buena Vista St","PC_BuildingCity":"Burbank","PC_BuildingZip":91505,"PC_AllocatedBMDs":15,"PC_AllocatedEPBs":7,"PC_FacilityType":"Public","PC_SupervisorialDistrict":5,"PC_AllocatedSize":"15 - Large","PC_MaxNumBMDs":137,"PC_MaxNumEPBs":56,"CIC_Number":null,"PC_ElectionID":4348,"Election_Name":"Gubernatorial General Election","Election_Year":2026,"Election_Type":"4","GIS_Publication_Status":"1","PC_ServiceAreaType":"4 Day"}},{"type":"Feature","id":6167,"geometry":{"type":"Point","coordinates":[-118.071305120854,33.8796120251561]},"properties":{"OBJECTID":6167,"globalid":"3b3024d5-6ae3-446e-be9f-ff83fe20736e","VCID":35298,"PC_AssignedServiceArea":"4107000B","PC_BuildingName":"ABC Unified School District","PC_RoomArea":"Hallway","PC_BuildingFullAddress":"16700 Norwalk Blvd Cerritos, CA 90703","PC_BuildingAddress":"16700 Norwalk Blvd","PC_BuildingCity":"Cerritos","PC_BuildingZip":90703,"PC_AllocatedBMDs":15,"PC_AllocatedEPBs":5,"PC_FacilityType":"Public","PC_SupervisorialDistrict":4,"PC_AllocatedSize":"15 - Standard","PC_MaxNumBMDs":10,"PC_MaxNumEPBs":24,"CIC_Number":null,"PC_ElectionID":4348,"Election_Name":"Gubernatorial General Election","Election_Year":2026,"Election_Type":"4","GIS_Publication_Status":"1","PC_ServiceAreaType":"4 Day"}},{"type":"Feature","id":6168,"geometry":{"type":"Point","coordinates":[-118.367752931472,34.1741985048129]},"properties":{"OBJECTID":6168,"globalid":"19b3c381-2385-44d4-930c-e3de894d47ed","VCID":13108,"PC_AssignedServiceArea":"5095004B","PC_BuildingName":"Jesus Sacred Heart Church","PC_RoomArea":"Parish Hall","PC_BuildingFullAddress":"10837 Collins St North Hollywood, CA 91601","PC_BuildingAddress":"10837 Collins St","PC_BuildingCity":"North Hollywood","PC_BuildingZip":91601,"PC_AllocatedBMDs":35,"PC_AllocatedEPBs":9,"PC_FacilityType":"Private","PC_SupervisorialDistrict":5,"PC_AllocatedSize":"35 - Extra Large","PC_MaxNumBMDs":80,"PC_MaxNumEPBs":29,"CIC_Number":null,"PC_ElectionID":4348,"Election_Name":"Gubernatorial General Election","Election_Year":2026,"Election_Type":"4","GIS_Publication_Status":"1","PC_ServiceAreaType":"4 Day"}},{"type":"Feature","id":6169,"geometry":{"type":"Point","coordinates":[-118.134656653602,33.8643705712873]},"properties":{"OBJECTID":6169,"globalid":"70b58ae7-02fb-4645-b64c-ff3a2ae9f8df","VCID":12652,"PC_AssignedServiceArea":"4345001B","PC_BuildingName":"Calvary Apostolic Tabernacle","PC_RoomArea":"Fellowship Hall","PC_BuildingFullAddress":"5035 Hedda St Lakewood, CA 90712","PC_BuildingAddress":"5035 Hedda St","PC_BuildingCity":"Lakewood","PC_BuildingZip":90712,"PC_AllocatedBMDs":15,"PC_AllocatedEPBs":5,"PC_FacilityType":"Private","PC_SupervisorialDistrict":4,"PC_AllocatedSize":"15 - Standard","PC_MaxNumBMDs":22,"PC_MaxNumEPBs":8,"CIC_Number":null,"PC_ElectionID":4348,"Election_Name":"Gubernatorial General Election","Election_Year":2026,"Election_Type":"4","GIS_Publication_Status":"1","PC_ServiceAreaType":"4 Day"}},{"type":"Feature","id":6170,"geometry":{"type":"Point","coordinates":[-118.401139858973,34.1945578205731]},"properties":{"OBJECTID":6170,"globalid":"af6dfbd1-a67c-44a7-8a3d-f797fd1cbcff","VCID":22270,"PC_AssignedServiceArea":"3900064B","PC_BuildingName":"Valley Plaza Branch Library","PC_RoomArea":"Meeting Room","PC_BuildingFullAddress":"12311 Vanowen St North Hollywood, CA 91605","PC_BuildingAddress":"12311 Vanowen St","PC_BuildingCity":"North Hollywood","PC_BuildingZip":91605,"PC_AllocatedBMDs":15,"PC_AllocatedEPBs":5,"PC_FacilityType":"Public","PC_SupervisorialDistrict":3,"PC_AllocatedSize":"15 - Standard","PC_MaxNumBMDs":160,"PC_MaxNumEPBs":43,"CIC_Number":null,"PC_ElectionID":4348,"Election_Name":"Gubernatorial General Election","Election_Year":2026,"Election_Type":"4","GIS_Publication_Status":"1","PC_ServiceAreaType":"4 Day"}},{"type":"Feature","id":6171,"geometry":{"type":"Point","coordinates":[-118.342000466183,34.0077816860306]},"properties":{"OBJECTID":6171,"globalid":"8d6b0646-3478-4a6a-a699-abdac3dad990","VCID":14567,"PC_AssignedServiceArea":"2900102A","PC_BuildingName":"St Bernadette Catholic Church","PC_RoomArea":"Parish Hall","PC_BuildingFullAddress":"3825 Don Felipe Dr Los Angeles, CA 90008","PC_BuildingAddress":"3825 Don Felipe Dr","PC_BuildingCity":"Los Angeles","PC_BuildingZip":90008,"PC_AllocatedBMDs":45,"PC_AllocatedEPBs":12,"PC_FacilityType":"Private","PC_SupervisorialDistrict":2,"PC_AllocatedSize":"45 - Extra Large","PC_MaxNumBMDs":55,"PC_MaxNumEPBs":16,"CIC_Number":null,"PC_ElectionID":4348,"Election_Name":"Gubernatorial General Election","Election_Year":2026,"Election_Type":"4","GIS_Publication_Status":"1","PC_ServiceAreaType":"11 Day"}},{"type":"Feature","id":6172,"geometry":{"type":"Point","coordinates":[-118.615055315288,34.1996285521292]},"properties":{"OBJECTID":6172,"globalid":"a051100e-922b-4ebe-85fd-0ee66e4a1e1f","VCID":7328,"PC_AssignedServiceArea":"3900037B","PC_BuildingName":"Calvary Church West Hills","PC_RoomArea":"Fellowship Hall","PC_BuildingFullAddress":"7115 Shoup Ave West Hills, CA 91304","PC_BuildingAddress":"7115 Shoup Ave","PC_BuildingCity":"West Hills","PC_BuildingZip":91304,"PC_AllocatedBMDs":15,"PC_AllocatedEPBs":5,"PC_FacilityType":"Private","PC_SupervisorialDistrict":null,"PC_AllocatedSize":"15 - Standard","PC_MaxNumBMDs":45,"PC_MaxNumEPBs":37,"CIC_Number":null,"PC_ElectionID":4348,"Election_Name":"Gubernatorial General Election","Election_Year":2026,"Election_Type":"4","GIS_Publication_Status":"1","PC_ServiceAreaType":"4 Day"}},{"type":"Feature","id":6173,"geometry":{"type":"Point","coordinates":[-118.309931647494,33.7792758174767]},"properties":{"OBJECTID":6173,"globalid":"22aa23db-94c4-486f-8b42-cec0643158a9","VCID":13243,"PC_AssignedServiceArea":"4380100B","PC_BuildingName":"Harbor Hills Apartments","PC_RoomArea":"Community Room","PC_BuildingFullAddress":"26607 S Western Ave  Lomita, CA 90717","PC_BuildingAddress":"26607 S Western Ave ","PC_BuildingCity":"Lomita","PC_BuildingZip":90717,"PC_AllocatedBMDs":15,"PC_AllocatedEPBs":5,"PC_FacilityType":"Public","PC_SupervisorialDistrict":4,"PC_AllocatedSize":"15 - Standard","PC_MaxNumBMDs":40,"PC_MaxNumEPBs":31,"CIC_Number":null,"PC_ElectionID":4348,"Election_Name":"Gubernatorial General Election","Election_Year":2026,"Election_Type":"4","GIS_Publication_Status":"1","PC_ServiceAreaType":"4 Day"}},{"type":"Feature","id":6174,"geometry":{"type":"Point","coordinates":[-118.067474459707,33.9159668545663]},"properties":{"OBJECTID":6174,"globalid":"8deb12f2-b8db-46e0-8dcf-358e9b9e4f2c","VCID":14772,"PC_AssignedServiceArea":"4480000A","PC_BuildingName":"LA County Registrar-Recorder","PC_RoomArea":"Room 3002","PC_BuildingFullAddress":"12400 Imperial Hwy Norwalk, CA 90650","PC_BuildingAddress":"12400 Imperial Hwy","PC_BuildingCity":"Norwalk","PC_BuildingZip":90650,"PC_AllocatedBMDs":4,"PC_AllocatedEPBs":2,"PC_FacilityType":"Public","PC_SupervisorialDistrict":null,"PC_AllocatedSize":"4 - No Size","PC_MaxNumBMDs":70,"PC_MaxNumEPBs":53,"CIC_Number":null,"PC_ElectionID":4348,"Election_Name":"Gubernatorial General Election","Election_Year":2026,"Election_Type":"4","GIS_Publication_Status":"1","PC_ServiceAreaType":"11 Day"}},{"type":"Feature","id":6175,"geometry":{"type":"Point","coordinates":[-118.304641634593,34.0863764902791]},"properties":{"OBJECTID":6175,"globalid":"06130a49-a4a5-4a9c-91da-0a2b290621d8","VCID":567,"PC_AssignedServiceArea":"3900132B","PC_BuildingName":"Lemon Grove Recreation Center","PC_RoomArea":"Auditorium","PC_BuildingFullAddress":"4959 Lemon Grove Ave Los Angeles, CA 90029","PC_BuildingAddress":"4959 Lemon Grove Ave","PC_BuildingCity":"Los Angeles","PC_BuildingZip":90029,"PC_AllocatedBMDs":15,"PC_AllocatedEPBs":5,"PC_FacilityType":"Public","PC_SupervisorialDistrict":3,"PC_AllocatedSize":"15 - Standard","PC_MaxNumBMDs":60,"PC_MaxNumEPBs":18,"CIC_Number":null,"PC_ElectionID":4348,"Election_Name":"Gubernatorial General Election","Election_Year":2026,"Election_Type":"4","GIS_Publication_Status":"1","PC_ServiceAreaType":"4 Day"}},{"type":"Feature","id":6176,"geometry":{"type":"Point","coordinates":[-118.336825508892,34.0873763412659]},"properties":{"OBJECTID":6176,"globalid":"581cc8a7-e0ec-4d50-83e6-452f5bfbd16b","VCID":14868,"PC_AssignedServiceArea":"3900134B","PC_BuildingName":"Bancroft Middle School","PC_RoomArea":"Auditorium","PC_BuildingFullAddress":"929 N Las Palmas Ave Los Angeles, CA 90038","PC_BuildingAddress":"929 N Las Palmas Ave","PC_BuildingCity":"Los Angeles","PC_BuildingZip":90038,"PC_AllocatedBMDs":15,"PC_AllocatedEPBs":5,"PC_FacilityType":"Public","PC_SupervisorialDistrict":3,"PC_AllocatedSize":"15 - Standard","PC_MaxNumBMDs":22,"PC_MaxNumEPBs":16,"CIC_Number":null,"PC_ElectionID":4348,"Election_Name":"Gubernatorial General Election","Election_Year":2026,"Election_Type":"4","GIS_Publication_Status":"1","PC_ServiceAreaType":"4 Day"}},{"type":"Feature","id":6177,"geometry":{"type":"Point","coordinates":[-117.900150632335,34.0195655108466]},"properties":{"OBJECTID":6177,"globalid":"6767bf90-bb6f-459c-8bde-93f67af7607b","VCID":10678,"PC_AssignedServiceArea":"1770041B","PC_BuildingName":"Shadow Oak Park Recreation Center","PC_RoomArea":"Community Hall","PC_BuildingFullAddress":"2121 Shadow Oak Dr West Covina, CA 91792","PC_BuildingAddress":"2121 Shadow Oak Dr","PC_BuildingCity":"West Covina","PC_BuildingZip":91792,"PC_AllocatedBMDs":15,"PC_AllocatedEPBs":5,"PC_FacilityType":"Public","PC_SupervisorialDistrict":1,"PC_AllocatedSize":"15 - Standard","PC_MaxNumBMDs":30,"PC_MaxNumEPBs":14,"CIC_Number":null,"PC_ElectionID":4348,"Election_Name":"Gubernatorial General Election","Election_Year":2026,"Election_Type":"4","GIS_Publication_Status":"1","PC_ServiceAreaType":"4 Day"}},{"type":"Feature","id":6178,"geometry":{"type":"Point","coordinates":[-118.416861021089,34.1579140108959]},"properties":{"OBJECTID":6178,"globalid":"fa37f281-d519-4b8a-9efa-7ba937d9a967","VCID":5953,"PC_AssignedServiceArea":"3900043B","PC_BuildingName":"Riverside Drive Elementary School","PC_RoomArea":"Auditorium","PC_BuildingFullAddress":"13061 Riverside Dr Sherman Oaks, CA 91423","PC_BuildingAddress":"13061 Riverside Dr","PC_BuildingCity":"Sherman Oaks","PC_BuildingZip":91423,"PC_AllocatedBMDs":15,"PC_AllocatedEPBs":5,"PC_FacilityType":"Public","PC_SupervisorialDistrict":3,"PC_AllocatedSize":"15 - Standard","PC_MaxNumBMDs":44,"PC_MaxNumEPBs":7,"CIC_Number":null,"PC_ElectionID":4348,"Election_Name":"Gubernatorial General Election","Election_Year":2026,"Election_Type":"4","GIS_Publication_Status":"1","PC_ServiceAreaType":"4 Day"}},{"type":"Feature","id":6179,"geometry":{"type":"Point","coordinates":[-118.351600445533,34.0506261322395]},"properties":{"OBJECTID":6179,"globalid":"40f2e3b3-23ee-4b16-938e-aac8bc0ea6c5","VCID":6176,"PC_AssignedServiceArea":"2900051B","PC_BuildingName":"Cochran Avenue Baptist Church","PC_RoomArea":"Fellowship Hall","PC_BuildingFullAddress":"1304 Cochran Ave Los Angeles, CA 90019","PC_BuildingAddress":"1304 Cochran Ave","PC_BuildingCity":"Los Angeles","PC_BuildingZip":90019,"PC_AllocatedBMDs":15,"PC_AllocatedEPBs":5,"PC_FacilityType":"Private","PC_SupervisorialDistrict":2,"PC_AllocatedSize":"15 - Standard","PC_MaxNumBMDs":80,"PC_MaxNumEPBs":47,"CIC_Number":null,"PC_ElectionID":4348,"Election_Name":"Gubernatorial General Election","Election_Year":2026,"Election_Type":"4","GIS_Publication_Status":"1","PC_ServiceAreaType":"4 Day"}},{"type":"Feature","id":6180,"geometry":{"type":"Point","coordinates":[-118.317266394509,33.9124263735575]},"properties":{"OBJECTID":6180,"globalid":"14aa7d08-0a0f-4f6f-9289-639b6d158bb3","VCID":10717,"PC_AssignedServiceArea":"2250001B","PC_BuildingName":"Rowley Park","PC_RoomArea":"Gymnasium","PC_BuildingFullAddress":"13220 Van Ness Ave Gardena, CA 90249","PC_BuildingAddress":"13220 Van Ness Ave","PC_BuildingCity":"Gardena","PC_BuildingZip":90249,"PC_AllocatedBMDs":45,"PC_AllocatedEPBs":12,"PC_FacilityType":"Public","PC_SupervisorialDistrict":2,"PC_AllocatedSize":"45 - Extra Large","PC_MaxNumBMDs":68,"PC_MaxNumEPBs":30,"CIC_Number":null,"PC_ElectionID":4348,"Election_Name":"Gubernatorial General Election","Election_Year":2026,"Election_Type":"4","GIS_Publication_Status":"1","PC_ServiceAreaType":"4 Day"}},{"type":"Feature","id":6181,"geometry":{"type":"Point","coordinates":[-118.169100161732,34.068118587836]},"properties":{"OBJECTID":6181,"globalid":"ff10eb4d-90d3-4d4a-8f4e-0be89cd529e2","VCID":11695,"PC_AssignedServiceArea":"1015051B","PC_BuildingName":"Cal State University Los Angeles","PC_RoomArea":"Library Palmer Wing 4049","PC_BuildingFullAddress":"5151 State University Dr Los Angeles, CA 90032","PC_BuildingAddress":"5151 State University Dr","PC_BuildingCity":"Los Angeles","PC_BuildingZip":90032,"PC_AllocatedBMDs":45,"PC_AllocatedEPBs":12,"PC_FacilityType":"Public","PC_SupervisorialDistrict":1,"PC_AllocatedSize":"45 - Extra Large","PC_MaxNumBMDs":163,"PC_MaxNumEPBs":43,"CIC_Number":null,"PC_ElectionID":4348,"Election_Name":"Gubernatorial General Election","Election_Year":2026,"Election_Type":"4","GIS_Publication_Status":"1","PC_ServiceAreaType":"4 Day"}},{"type":"Feature","id":6182,"geometry":{"type":"Point","coordinates":[-118.244971167131,34.0443451919754]},"properties":{"OBJECTID":6182,"globalid":"339ef8b7-b20e-4d67-b78c-66ce86ed8b02","VCID":14985,"PC_AssignedServiceArea":"1900147B","PC_BuildingName":"James Wood Community Center","PC_RoomArea":"Community Room","PC_BuildingFullAddress":"400 E 5th St Los Angeles, CA 90013","PC_BuildingAddress":"400 E 5th St","PC_BuildingCity":"Los Angeles","PC_BuildingZip":90013,"PC_AllocatedBMDs":15,"PC_AllocatedEPBs":5,"PC_FacilityType":"Private","PC_SupervisorialDistrict":null,"PC_AllocatedSize":"15 - Standard","PC_MaxNumBMDs":45,"PC_MaxNumEPBs":18,"CIC_Number":null,"PC_ElectionID":4348,"Election_Name":"Gubernatorial General Election","Election_Year":2026,"Election_Type":"4","GIS_Publication_Status":"1","PC_ServiceAreaType":"4 Day"}},{"type":"Feature","id":6183,"geometry":{"type":"Point","coordinates":[-118.127914096762,33.9602889447403]},"properties":{"OBJECTID":6183,"globalid":"c327e099-8f8e-4649-8bad-f4bd8695b629","VCID":17105,"PC_AssignedServiceArea":"4185030B","PC_BuildingName":"Maude Price Elementary School","PC_RoomArea":"Cafeteria","PC_BuildingFullAddress":"9525 Tweedy Ln Downey, CA 90240","PC_BuildingAddress":"9525 Tweedy Ln","PC_BuildingCity":"Downey","PC_BuildingZip":90240,"PC_AllocatedBMDs":15,"PC_AllocatedEPBs":5,"PC_FacilityType":"Public","PC_SupervisorialDistrict":4,"PC_AllocatedSize":"15 - Standard","PC_MaxNumBMDs":60,"PC_MaxNumEPBs":12,"CIC_Number":null,"PC_ElectionID":4348,"Election_Name":"Gubernatorial General Election","Election_Year":2026,"Election_Type":"4","GIS_Publication_Status":"1","PC_ServiceAreaType":"4 Day"}},{"type":"Feature","id":6184,"geometry":{"type":"Point","coordinates":[-118.606393233943,34.2485243127047]},"properties":{"OBJECTID":6184,"globalid":"bb04263d-818a-4130-8a2f-9543698cc25f","VCID":27044,"PC_AssignedServiceArea":"3900120A","PC_BuildingName":"DoubleTree by Hilton Chatsworth","PC_RoomArea":"Roma Room","PC_BuildingFullAddress":"9777 Topanga Canyon Blvd Chatsworth, CA 91311","PC_BuildingAddress":"9777 Topanga Canyon Blvd","PC_BuildingCity":"Chatsworth","PC_BuildingZip":91311,"PC_AllocatedBMDs":15,"PC_AllocatedEPBs":5,"PC_FacilityType":"Private","PC_SupervisorialDistrict":3,"PC_AllocatedSize":"15 - Standard","PC_MaxNumBMDs":null,"PC_MaxNumEPBs":null,"CIC_Number":null,"PC_ElectionID":4348,"Election_Name":"Gubernatorial General Election","Election_Year":2026,"Election_Type":"4","GIS_Publication_Status":"1","PC_ServiceAreaType":"11 Day"}},{"type":"Feature","id":6185,"geometry":{"type":"Point","coordinates":[-118.261292744755,33.8325871128791]},"properties":{"OBJECTID":6185,"globalid":"c2266036-7a3f-45f6-8deb-c68bed2693f6","VCID":35439,"PC_AssignedServiceArea":"2103020B","PC_BuildingName":"Carson Civic Center","PC_RoomArea":"Room 107","PC_BuildingFullAddress":"801 Carson St Carson, CA 90745","PC_BuildingAddress":"801 Carson St","PC_BuildingCity":"Carson","PC_BuildingZip":90745,"PC_AllocatedBMDs":15,"PC_AllocatedEPBs":5,"PC_FacilityType":"Public","PC_SupervisorialDistrict":2,"PC_AllocatedSize":"15 - Standard","PC_MaxNumBMDs":null,"PC_MaxNumEPBs":null,"CIC_Number":null,"PC_ElectionID":4348,"Election_Name":"Gubernatorial General Election","Election_Year":2026,"Election_Type":"4","GIS_Publication_Status":"1","PC_ServiceAreaType":"4 Day"}},{"type":"Feature","id":6186,"geometry":{"type":"Point","coordinates":[-118.130863182235,33.8413518824774]},"properties":{"OBJECTID":6186,"globalid":"10ead01e-6c5f-44b3-9fcf-9cb5fc7477fd","VCID":8251,"PC_AssignedServiceArea":"4385052B","PC_BuildingName":"Pan American Park","PC_RoomArea":"Gymnasium","PC_BuildingFullAddress":"5157 E Centralia St Long Beach, CA 90808","PC_BuildingAddress":"5157 E Centralia St","PC_BuildingCity":"Long Beach","PC_BuildingZip":90808,"PC_AllocatedBMDs":15,"PC_AllocatedEPBs":5,"PC_FacilityType":"Public","PC_SupervisorialDistrict":4,"PC_AllocatedSize":"15 - Standard","PC_MaxNumBMDs":68,"PC_MaxNumEPBs":11,"CIC_Number":null,"PC_ElectionID":4348,"Election_Name":"Gubernatorial General Election","Election_Year":2026,"Election_Type":"4","GIS_Publication_Status":"1","PC_ServiceAreaType":"4 Day"}},{"type":"Feature","id":6187,"geometry":{"type":"Point","coordinates":[-118.198119000726,33.9316400071168]},"properties":{"OBJECTID":6187,"globalid":"e6a3236d-fbbd-400c-b4fd-739c729397df","VCID":25625,"PC_AssignedServiceArea":"4655004B","PC_BuildingName":"Greater Emmanuel Temple Church","PC_RoomArea":"Learning Center","PC_BuildingFullAddress":"3740 E Imperial Hwy Lynwood, CA 90262","PC_BuildingAddress":"3740 E Imperial Hwy","PC_BuildingCity":"Lynwood","PC_BuildingZip":90262,"PC_AllocatedBMDs":15,"PC_AllocatedEPBs":5,"PC_FacilityType":"Private","PC_SupervisorialDistrict":4,"PC_AllocatedSize":"15 - Standard","PC_MaxNumBMDs":45,"PC_MaxNumEPBs":41,"CIC_Number":null,"PC_ElectionID":4348,"Election_Name":"Gubernatorial General Election","Election_Year":2026,"Election_Type":"4","GIS_Publication_Status":"1","PC_ServiceAreaType":"4 Day"}},{"type":"Feature","id":6188,"geometry":{"type":"Point","coordinates":[-118.409536848028,34.0282390441333]},"properties":{"OBJECTID":6188,"globalid":"f68a4dca-2eda-41bc-9981-cbe53150ea06","VCID":14974,"PC_AssignedServiceArea":"3900111A","PC_BuildingName":"IMAN Cultural Center","PC_RoomArea":"Tehran Hall","PC_BuildingFullAddress":"3376 Motor Ave  Los Angeles, CA 90034","PC_BuildingAddress":"3376 Motor Ave ","PC_BuildingCity":"Los Angeles","PC_BuildingZip":90034,"PC_AllocatedBMDs":25,"PC_AllocatedEPBs":7,"PC_FacilityType":"Private","PC_SupervisorialDistrict":3,"PC_AllocatedSize":"25 - Large","PC_MaxNumBMDs":64,"PC_MaxNumEPBs":17,"CIC_Number":null,"PC_ElectionID":4348,"Election_Name":"Gubernatorial General Election","Election_Year":2026,"Election_Type":"4","GIS_Publication_Status":"1","PC_ServiceAreaType":"11 Day"}},{"type":"Feature","id":6189,"geometry":{"type":"Point","coordinates":[-118.392651802177,33.7677945746167]},"properties":{"OBJECTID":6189,"globalid":"7500c086-12c0-4ef4-9b48-306454cf0d86","VCID":21721,"PC_AssignedServiceArea":"4553000B","PC_BuildingName":"Fred Hesse Community Park","PC_RoomArea":"Activity Room","PC_BuildingFullAddress":"29301 Hawthorne Blvd Rancho Palos Verdes, CA 90275","PC_BuildingAddress":"29301 Hawthorne Blvd","PC_BuildingCity":"Rancho Palos Verdes","PC_BuildingZip":90275,"PC_AllocatedBMDs":15,"PC_AllocatedEPBs":5,"PC_FacilityType":"Public","PC_SupervisorialDistrict":4,"PC_AllocatedSize":"15 - Standard","PC_MaxNumBMDs":50,"PC_MaxNumEPBs":19,"CIC_Number":null,"PC_ElectionID":4348,"Election_Name":"Gubernatorial General Election","Election_Year":2026,"Election_Type":"4","GIS_Publication_Status":"1","PC_ServiceAreaType":"4 Day"}},{"type":"Feature","id":6190,"geometry":{"type":"Point","coordinates":[-118.373001959767,33.9097212124782]},"properties":{"OBJECTID":6190,"globalid":"7f90cb5c-3953-4343-ad89-fe708a2e59a2","VCID":11484,"PC_AssignedServiceArea":"2225000B","PC_BuildingName":"Hollyglen Elementary School","PC_RoomArea":"Multi-Purpose Room","PC_BuildingFullAddress":"5309 W 135th St Hawthorne, CA 90250","PC_BuildingAddress":"5309 W 135th St","PC_BuildingCity":"Hawthorne","PC_BuildingZip":90250,"PC_AllocatedBMDs":15,"PC_AllocatedEPBs":5,"PC_FacilityType":"Public","PC_SupervisorialDistrict":2,"PC_AllocatedSize":"15 - Standard","PC_MaxNumBMDs":68,"PC_MaxNumEPBs":16,"CIC_Number":null,"PC_ElectionID":4348,"Election_Name":"Gubernatorial General Election","Election_Year":2026,"Election_Type":"4","GIS_Publication_Status":"1","PC_ServiceAreaType":"4 Day"}},{"type":"Feature","id":6191,"geometry":{"type":"Point","coordinates":[-118.224251702129,33.9671675478779]},"properties":{"OBJECTID":6191,"globalid":"8ce33133-8d09-4e17-add0-be42b8c561fc","VCID":6803,"PC_AssignedServiceArea":"4765000B","PC_BuildingName":"Walnut Park Elementary School","PC_RoomArea":"Multi-Purpose Room","PC_BuildingFullAddress":"2642 Olive St  Walnut Park, CA 90255","PC_BuildingAddress":"2642 Olive St ","PC_BuildingCity":"Walnut Park","PC_BuildingZip":90255,"PC_AllocatedBMDs":15,"PC_AllocatedEPBs":5,"PC_FacilityType":"Public","PC_SupervisorialDistrict":null,"PC_AllocatedSize":"15 - Standard","PC_MaxNumBMDs":90,"PC_MaxNumEPBs":35,"CIC_Number":null,"PC_ElectionID":4348,"Election_Name":"Gubernatorial General Election","Election_Year":2026,"Election_Type":"4","GIS_Publication_Status":"1","PC_ServiceAreaType":"4 Day"}},{"type":"Feature","id":6192,"geometry":{"type":"Point","coordinates":[-118.272365814531,34.0550919120432]},"properties":{"OBJECTID":6192,"globalid":"e01e326e-a5f1-4e23-afde-896555f02044","VCID":2802,"PC_AssignedServiceArea":"1900019D","PC_BuildingName":"Esperanza Elementary School","PC_RoomArea":"Multi-Purpose Room","PC_BuildingFullAddress":"680 Little St Los Angeles, CA 90017","PC_BuildingAddress":"680 Little St","PC_BuildingCity":"Los Angeles","PC_BuildingZip":90017,"PC_AllocatedBMDs":15,"PC_AllocatedEPBs":5,"PC_FacilityType":"Public","PC_SupervisorialDistrict":1,"PC_AllocatedSize":"15 - Standard","PC_MaxNumBMDs":80,"PC_MaxNumEPBs":75,"CIC_Number":null,"PC_ElectionID":4348,"Election_Name":"Gubernatorial General Election","Election_Year":2026,"Election_Type":"4","GIS_Publication_Status":"1","PC_ServiceAreaType":"4 Day"}},{"type":"Feature","id":6193,"geometry":{"type":"Point","coordinates":[-118.28096442833,33.8229965895823]},"properties":{"OBJECTID":6193,"globalid":"b643bdea-0111-4e5c-9f84-aa435129c676","VCID":15027,"PC_AssignedServiceArea":"2103000A","PC_BuildingName":"Veterans Park","PC_RoomArea":"Small Gymnasium","PC_BuildingFullAddress":"22400 Moneta Ave Carson, CA 90745","PC_BuildingAddress":"22400 Moneta Ave","PC_BuildingCity":"Carson","PC_BuildingZip":90745,"PC_AllocatedBMDs":45,"PC_AllocatedEPBs":12,"PC_FacilityType":"Public","PC_SupervisorialDistrict":2,"PC_AllocatedSize":"45 - Extra Large","PC_MaxNumBMDs":114,"PC_MaxNumEPBs":95,"CIC_Number":null,"PC_ElectionID":4348,"Election_Name":"Gubernatorial General Election","Election_Year":2026,"Election_Type":"4","GIS_Publication_Status":"1","PC_ServiceAreaType":"11 Day"}},{"type":"Feature","id":6194,"geometry":{"type":"Point","coordinates":[-118.050393415941,34.1261530795961]},"properties":{"OBJECTID":6194,"globalid":"a446a205-d30c-4e78-ad37-2000e90874e6","VCID":6819,"PC_AssignedServiceArea":"5035021D","PC_BuildingName":"Our Savior Lutheran Church","PC_RoomArea":"Fellowship Hall","PC_BuildingFullAddress":"512 W Duarte Rd  Arcadia, CA 91007","PC_BuildingAddress":"512 W Duarte Rd ","PC_BuildingCity":"Arcadia","PC_BuildingZip":91007,"PC_AllocatedBMDs":15,"PC_AllocatedEPBs":5,"PC_FacilityType":"Private","PC_SupervisorialDistrict":5,"PC_AllocatedSize":"15 - Standard","PC_MaxNumBMDs":68,"PC_MaxNumEPBs":16,"CIC_Number":null,"PC_ElectionID":4348,"Election_Name":"Gubernatorial General Election","Election_Year":2026,"Election_Type":"4","GIS_Publication_Status":"1","PC_ServiceAreaType":"4 Day"}},{"type":"Feature","id":6195,"geometry":{"type":"Point","coordinates":[-118.164162214904,34.1568575207358]},"properties":{"OBJECTID":6195,"globalid":"af93b0c4-7829-42b8-a05c-11263bf0b907","VCID":13329,"PC_AssignedServiceArea":"5515011B","PC_BuildingName":"Rosemont Pavilion","PC_RoomArea":"North Warehouse","PC_BuildingFullAddress":"700 Seco St Pasadena, CA 91103","PC_BuildingAddress":"700 Seco St","PC_BuildingCity":"Pasadena","PC_BuildingZip":91103,"PC_AllocatedBMDs":40,"PC_AllocatedEPBs":10,"PC_FacilityType":"Private","PC_SupervisorialDistrict":null,"PC_AllocatedSize":"40 - Extra Large","PC_MaxNumBMDs":180,"PC_MaxNumEPBs":10,"CIC_Number":null,"PC_ElectionID":4348,"Election_Name":"Gubernatorial General Election","Election_Year":2026,"Election_Type":"4","GIS_Publication_Status":"1","PC_ServiceAreaType":"4 Day"}},{"type":"Feature","id":6196,"geometry":{"type":"Point","coordinates":[-118.439297889533,34.166450323763]},"properties":{"OBJECTID":6196,"globalid":"d6e64d13-c5f7-4dba-9008-2a8fe160e5f3","VCID":6760,"PC_AssignedServiceArea":"3900046B","PC_BuildingName":"Chandler Elementary School","PC_RoomArea":"Multi-Purpose","PC_BuildingFullAddress":"14030 Weddington St Sherman Oaks, CA 91401","PC_BuildingAddress":"14030 Weddington St","PC_BuildingCity":"Sherman Oaks","PC_BuildingZip":91401,"PC_AllocatedBMDs":15,"PC_AllocatedEPBs":5,"PC_FacilityType":"Public","PC_SupervisorialDistrict":3,"PC_AllocatedSize":"15 - Standard","PC_MaxNumBMDs":57,"PC_MaxNumEPBs":5,"CIC_Number":null,"PC_ElectionID":4348,"Election_Name":"Gubernatorial General Election","Election_Year":2026,"Election_Type":"4","GIS_Publication_Status":"1","PC_ServiceAreaType":"4 Day"}},{"type":"Feature","id":6197,"geometry":{"type":"Point","coordinates":[-118.332238343171,34.0560088376914]},"properties":{"OBJECTID":6197,"globalid":"3676408d-5788-4e36-a481-6a9af8689dfd","VCID":14534,"PC_AssignedServiceArea":"2900106B","PC_BuildingName":"Los Angeles High School","PC_RoomArea":"Memorial Hall","PC_BuildingFullAddress":"4650 W Olympic Blvd Los Angeles, CA 90019","PC_BuildingAddress":"4650 W Olympic Blvd","PC_BuildingCity":"Los Angeles","PC_BuildingZip":90019,"PC_AllocatedBMDs":25,"PC_AllocatedEPBs":7,"PC_FacilityType":"Public","PC_SupervisorialDistrict":2,"PC_AllocatedSize":"25 - Large","PC_MaxNumBMDs":114,"PC_MaxNumEPBs":8,"CIC_Number":null,"PC_ElectionID":4348,"Election_Name":"Gubernatorial General Election","Election_Year":2026,"Election_Type":"4","GIS_Publication_Status":"1","PC_ServiceAreaType":"4 Day"}},{"type":"Feature","id":6198,"geometry":{"type":"Point","coordinates":[-118.067334200844,33.9158540267211]},"properties":{"OBJECTID":6198,"globalid":"a7abd269-40ba-4689-b6ac-b7205253b010","VCID":13565,"PC_AssignedServiceArea":"4480001A","PC_BuildingName":"LA County Registrar-Recorder","PC_RoomArea":"Room 3201","PC_BuildingFullAddress":"12400 Imperial Hwy Norwalk, CA 90650","PC_BuildingAddress":"12400 Imperial Hwy","PC_BuildingCity":"Norwalk","PC_BuildingZip":90650,"PC_AllocatedBMDs":45,"PC_AllocatedEPBs":12,"PC_FacilityType":"Public","PC_SupervisorialDistrict":null,"PC_AllocatedSize":"45 - Extra Large","PC_MaxNumBMDs":485,"PC_MaxNumEPBs":69,"CIC_Number":null,"PC_ElectionID":4348,"Election_Name":"Gubernatorial General Election","Election_Year":2026,"Election_Type":"4","GIS_Publication_Status":"1","PC_ServiceAreaType":"11 Day"}},{"type":"Feature","id":6199,"geometry":{"type":"Point","coordinates":[-118.240588608902,33.9480633251416]},"properties":{"OBJECTID":6199,"globalid":"91700f88-3ca0-45fb-af44-6d0462173c0f","VCID":11790,"PC_AssignedServiceArea":"2900150A","PC_BuildingName":"Tree of Life Missionary Baptist Church","PC_RoomArea":"Fellowship Hall","PC_BuildingFullAddress":"9702 Holmes Ave Los Angeles, CA 90002","PC_BuildingAddress":"9702 Holmes Ave","PC_BuildingCity":"Los Angeles","PC_BuildingZip":90002,"PC_AllocatedBMDs":15,"PC_AllocatedEPBs":5,"PC_FacilityType":"Private","PC_SupervisorialDistrict":2,"PC_AllocatedSize":"15 - Standard","PC_MaxNumBMDs":68,"PC_MaxNumEPBs":27,"CIC_Number":null,"PC_ElectionID":4348,"Election_Name":"Gubernatorial General Election","Election_Year":2026,"Election_Type":"4","GIS_Publication_Status":"1","PC_ServiceAreaType":"11 Day"}},{"type":"Feature","id":6200,"geometry":{"type":"Point","coordinates":[-118.337609341731,34.09189937287]},"properties":{"OBJECTID":6200,"globalid":"49441a0d-8de2-47e0-bf4d-51a6e0bd8c87","VCID":24553,"PC_AssignedServiceArea":"3900134D","PC_BuildingName":"Los Angeles LGBT Center","PC_RoomArea":"Pride Hall 1-2","PC_BuildingFullAddress":"1118 N McCadden Pl Los Angeles, CA 90038","PC_BuildingAddress":"1118 N McCadden Pl","PC_BuildingCity":"Los Angeles","PC_BuildingZip":90038,"PC_AllocatedBMDs":25,"PC_AllocatedEPBs":7,"PC_FacilityType":"Private","PC_SupervisorialDistrict":3,"PC_AllocatedSize":"25 - Large","PC_MaxNumBMDs":null,"PC_MaxNumEPBs":null,"CIC_Number":null,"PC_ElectionID":4348,"Election_Name":"Gubernatorial General Election","Election_Year":2026,"Election_Type":"4","GIS_Publication_Status":"1","PC_ServiceAreaType":"4 Day"}},{"type":"Feature","id":6201,"geometry":{"type":"Point","coordinates":[-118.251437336167,34.1350608225468]},"properties":{"OBJECTID":6201,"globalid":"e217551d-d39e-471d-ac73-d9d25ac14855","VCID":5449,"PC_AssignedServiceArea":"5255006B","PC_BuildingName":"Armenian Church of the Nazarene","PC_RoomArea":"Fellowship Hall","PC_BuildingFullAddress":"411 E Acacia Ave Glendale, CA 91205","PC_BuildingAddress":"411 E Acacia Ave","PC_BuildingCity":"Glendale","PC_BuildingZip":91205,"PC_AllocatedBMDs":15,"PC_AllocatedEPBs":5,"PC_FacilityType":"Private","PC_SupervisorialDistrict":5,"PC_AllocatedSize":"15 - Standard","PC_MaxNumBMDs":90,"PC_MaxNumEPBs":18,"CIC_Number":null,"PC_ElectionID":4348,"Election_Name":"Gubernatorial General Election","Election_Year":2026,"Election_Type":"4","GIS_Publication_Status":"1","PC_ServiceAreaType":"4 Day"}},{"type":"Feature","id":6202,"geometry":{"type":"Point","coordinates":[-118.213389021663,34.1376129026768]},"properties":{"OBJECTID":6202,"globalid":"9a30c5d8-d3c5-42e4-8d02-3aa671639a0b","VCID":175,"PC_AssignedServiceArea":"1900141B","PC_BuildingName":"Eagle Rock Branch Library","PC_RoomArea":"Meeting Room","PC_BuildingFullAddress":"5027 Caspar Ave Los Angeles, CA 90041","PC_BuildingAddress":"5027 Caspar Ave","PC_BuildingCity":"Los Angeles","PC_BuildingZip":90041,"PC_AllocatedBMDs":15,"PC_AllocatedEPBs":5,"PC_FacilityType":"Public","PC_SupervisorialDistrict":1,"PC_AllocatedSize":"15 - Standard","PC_MaxNumBMDs":30,"PC_MaxNumEPBs":32,"CIC_Number":null,"PC_ElectionID":4348,"Election_Name":"Gubernatorial General Election","Election_Year":2026,"Election_Type":"4","GIS_Publication_Status":"1","PC_ServiceAreaType":"4 Day"}},{"type":"Feature","id":6203,"geometry":{"type":"Point","coordinates":[-118.451573908687,34.2181632339678]},"properties":{"OBJECTID":6203,"globalid":"0a09e62a-b2bc-413f-9d8d-f8045593a7ce","VCID":10821,"PC_AssignedServiceArea":"3900066B","PC_BuildingName":"Goodwill Southern California","PC_RoomArea":"Community Room","PC_BuildingFullAddress":"14565 Lanark St Panorama City, CA 91402","PC_BuildingAddress":"14565 Lanark St","PC_BuildingCity":"Panorama City","PC_BuildingZip":91402,"PC_AllocatedBMDs":15,"PC_AllocatedEPBs":5,"PC_FacilityType":"Private","PC_SupervisorialDistrict":3,"PC_AllocatedSize":"15 - Standard","PC_MaxNumBMDs":140,"PC_MaxNumEPBs":22,"CIC_Number":null,"PC_ElectionID":4348,"Election_Name":"Gubernatorial General Election","Election_Year":2026,"Election_Type":"4","GIS_Publication_Status":"1","PC_ServiceAreaType":"4 Day"}},{"type":"Feature","id":6204,"geometry":{"type":"Point","coordinates":[-118.238456659706,34.0496279066012]},"properties":{"OBJECTID":6204,"globalid":"321c94c1-4454-472b-81c1-b73b5280976d","VCID":27043,"PC_AssignedServiceArea":"1900147H","PC_BuildingName":"Japanese American National Museum","PC_RoomArea":"Democracy Lab","PC_BuildingFullAddress":"100 N Central Ave Los Angeles, CA 90012","PC_BuildingAddress":"100 N Central Ave","PC_BuildingCity":"Los Angeles","PC_BuildingZip":90012,"PC_AllocatedBMDs":15,"PC_AllocatedEPBs":5,"PC_FacilityType":"Private","PC_SupervisorialDistrict":1,"PC_AllocatedSize":"15 - Standard","PC_MaxNumBMDs":182,"PC_MaxNumEPBs":16,"CIC_Number":null,"PC_ElectionID":4348,"Election_Name":"Gubernatorial General Election","Election_Year":2026,"Election_Type":"4","GIS_Publication_Status":"1","PC_ServiceAreaType":"4 Day"}},{"type":"Feature","id":6205,"geometry":{"type":"Point","coordinates":[-117.980230282045,34.0445284849939]},"properties":{"OBJECTID":6205,"globalid":"e82ecff7-6c61-4df6-93d9-61105b25f481","VCID":1751,"PC_AssignedServiceArea":"1052000A","PC_BuildingName":"Willow Adult Education Center","PC_RoomArea":"Cafeteria","PC_BuildingFullAddress":"14101 Nelson Ave La Puente, CA 91746","PC_BuildingAddress":"14101 Nelson Ave","PC_BuildingCity":"La Puente","PC_BuildingZip":91746,"PC_AllocatedBMDs":15,"PC_AllocatedEPBs":5,"PC_FacilityType":"Public","PC_SupervisorialDistrict":1,"PC_AllocatedSize":"15 - Standard","PC_MaxNumBMDs":30,"PC_MaxNumEPBs":12,"CIC_Number":null,"PC_ElectionID":4348,"Election_Name":"Gubernatorial General Election","Election_Year":2026,"Election_Type":"4","GIS_Publication_Status":"1","PC_ServiceAreaType":"11 Day"}},{"type":"Feature","id":6206,"geometry":{"type":"Point","coordinates":[-118.273162464131,34.0484760195593]},"properties":{"OBJECTID":6206,"globalid":"c5ddac06-a4c6-4d5d-97b1-26792dda1e1f","VCID":14483,"PC_AssignedServiceArea":"1900012B","PC_BuildingName":"10th Street Elementary School","PC_RoomArea":"Auditorium","PC_BuildingFullAddress":"1000 Grattan St Los Angeles, CA 90015","PC_BuildingAddress":"1000 Grattan St","PC_BuildingCity":"Los Angeles","PC_BuildingZip":90015,"PC_AllocatedBMDs":15,"PC_AllocatedEPBs":5,"PC_FacilityType":"Public","PC_SupervisorialDistrict":1,"PC_AllocatedSize":"15 - Standard","PC_MaxNumBMDs":30,"PC_MaxNumEPBs":62,"CIC_Number":null,"PC_ElectionID":4348,"Election_Name":"Gubernatorial General Election","Election_Year":2026,"Election_Type":"4","GIS_Publication_Status":"1","PC_ServiceAreaType":"4 Day"}},{"type":"Feature","id":6207,"geometry":{"type":"Point","coordinates":[-118.178073655322,33.8900417597776]},"properties":{"OBJECTID":6207,"globalid":"c6c02c53-e0f9-4358-a1a7-f73ee8f94ce0","VCID":17919,"PC_AssignedServiceArea":"4510000B","PC_BuildingName":"Frank J Zamboni Middle School","PC_RoomArea":"Library","PC_BuildingFullAddress":"15733 Orange Ave Paramount, CA 90723","PC_BuildingAddress":"15733 Orange Ave","PC_BuildingCity":"Paramount","PC_BuildingZip":90723,"PC_AllocatedBMDs":15,"PC_AllocatedEPBs":5,"PC_FacilityType":"Public","PC_SupervisorialDistrict":4,"PC_AllocatedSize":"15 - Standard","PC_MaxNumBMDs":40,"PC_MaxNumEPBs":0,"CIC_Number":null,"PC_ElectionID":4348,"Election_Name":"Gubernatorial General Election","Election_Year":2026,"Election_Type":"4","GIS_Publication_Status":"1","PC_ServiceAreaType":"4 Day"}},{"type":"Feature","id":6208,"geometry":{"type":"Point","coordinates":[-118.194361129445,34.1207775513248]},"properties":{"OBJECTID":6208,"globalid":"a80f5aab-f969-419a-85db-56841784840d","VCID":1840,"PC_AssignedServiceArea":"1900142D","PC_BuildingName":"Yorkdale Elementary School","PC_RoomArea":"Auditorium","PC_BuildingFullAddress":"5657 Meridian St Los Angeles, CA 90042","PC_BuildingAddress":"5657 Meridian St","PC_BuildingCity":"Los Angeles","PC_BuildingZip":90042,"PC_AllocatedBMDs":15,"PC_AllocatedEPBs":5,"PC_FacilityType":"Public","PC_SupervisorialDistrict":1,"PC_AllocatedSize":"15 - Standard","PC_MaxNumBMDs":40,"PC_MaxNumEPBs":63,"CIC_Number":null,"PC_ElectionID":4348,"Election_Name":"Gubernatorial General Election","Election_Year":2026,"Election_Type":"4","GIS_Publication_Status":"1","PC_ServiceAreaType":"4 Day"}},{"type":"Feature","id":6209,"geometry":{"type":"Point","coordinates":[-118.279922869455,34.0441662799073]},"properties":{"OBJECTID":6209,"globalid":"7dc530c0-1688-4fd4-96c4-93cde3dc4e12","VCID":3726,"PC_AssignedServiceArea":"1900019B","PC_BuildingName":"Angelica Lutheran Church","PC_RoomArea":"Auditorium","PC_BuildingFullAddress":"1345 S Burlington Ave Los Angeles, CA 90006","PC_BuildingAddress":"1345 S Burlington Ave","PC_BuildingCity":"Los Angeles","PC_BuildingZip":90006,"PC_AllocatedBMDs":15,"PC_AllocatedEPBs":5,"PC_FacilityType":"Private","PC_SupervisorialDistrict":1,"PC_AllocatedSize":"15 - Standard","PC_MaxNumBMDs":20,"PC_MaxNumEPBs":53,"CIC_Number":null,"PC_ElectionID":4348,"Election_Name":"Gubernatorial General Election","Election_Year":2026,"Election_Type":"4","GIS_Publication_Status":"1","PC_ServiceAreaType":"4 Day"}},{"type":"Feature","id":6210,"geometry":{"type":"Point","coordinates":[-118.493854760755,34.2722959225695]},"properties":{"OBJECTID":6210,"globalid":"374a2e71-a728-430f-bdc0-9d471ce39ce7","VCID":11825,"PC_AssignedServiceArea":"3900124B","PC_BuildingName":"Our Savior's First Lutheran Church","PC_RoomArea":"Koinonia Room","PC_BuildingFullAddress":"16603 San Fernando Mission Blvd Granada Hills, CA 91344","PC_BuildingAddress":"16603 San Fernando Mission Blvd","PC_BuildingCity":"Granada Hills","PC_BuildingZip":91344,"PC_AllocatedBMDs":15,"PC_AllocatedEPBs":5,"PC_FacilityType":"Private","PC_SupervisorialDistrict":null,"PC_AllocatedSize":"15 - Standard","PC_MaxNumBMDs":90,"PC_MaxNumEPBs":13,"CIC_Number":null,"PC_ElectionID":4348,"Election_Name":"Gubernatorial General Election","Election_Year":2026,"Election_Type":"4","GIS_Publication_Status":"1","PC_ServiceAreaType":"4 Day"}},{"type":"Feature","id":6211,"geometry":{"type":"Point","coordinates":[-117.885127267242,33.9819513717349]},"properties":{"OBJECTID":6211,"globalid":"6619a09d-80fe-48fe-aec9-f3fa1f8384a2","VCID":12301,"PC_AssignedServiceArea":"1585001B","PC_BuildingName":"Rowland High School","PC_RoomArea":"Hide Out","PC_BuildingFullAddress":"2000 S Otterbein Ave Rowland Heights, CA 91748","PC_BuildingAddress":"2000 S Otterbein Ave","PC_BuildingCity":"Rowland Heights","PC_BuildingZip":91748,"PC_AllocatedBMDs":15,"PC_AllocatedEPBs":5,"PC_FacilityType":"Public","PC_SupervisorialDistrict":1,"PC_AllocatedSize":"15 - Standard","PC_MaxNumBMDs":107,"PC_MaxNumEPBs":51,"CIC_Number":null,"PC_ElectionID":4348,"Election_Name":"Gubernatorial General Election","Election_Year":2026,"Election_Type":"4","GIS_Publication_Status":"1","PC_ServiceAreaType":"4 Day"}},{"type":"Feature","id":6212,"geometry":{"type":"Point","coordinates":[-118.270533842622,34.0297123877739]},"properties":{"OBJECTID":6212,"globalid":"36b2053d-97bc-4842-b572-1f6e1ab0c70c","VCID":20971,"PC_AssignedServiceArea":"1900149B","PC_BuildingName":"Los Angeles Trade Technical College","PC_RoomArea":"Lib Arts Bldg Multi-Purpose Room F5-101","PC_BuildingFullAddress":"400 W Washington Blvd Los Angeles, CA 90015","PC_BuildingAddress":"400 W Washington Blvd","PC_BuildingCity":"Los Angeles","PC_BuildingZip":90015,"PC_AllocatedBMDs":15,"PC_AllocatedEPBs":7,"PC_FacilityType":"Public","PC_SupervisorialDistrict":1,"PC_AllocatedSize":"15 - Large","PC_MaxNumBMDs":50,"PC_MaxNumEPBs":27,"CIC_Number":null,"PC_ElectionID":4348,"Election_Name":"Gubernatorial General Election","Election_Year":2026,"Election_Type":"4","GIS_Publication_Status":"1","PC_ServiceAreaType":"4 Day"}},{"type":"Feature","id":6213,"geometry":{"type":"Point","coordinates":[-118.029080812633,34.0889468400255]},"properties":{"OBJECTID":6213,"globalid":"183b54c9-14fc-4b90-9378-11b61f09f40a","VCID":5400,"PC_AssignedServiceArea":"1210031B","PC_BuildingName":"Jeff Seymour Fam Ctr-Mulhall Elem Sch","PC_RoomArea":"Multi-Purpose Room","PC_BuildingFullAddress":"10900 Mulhall St El Monte, CA 91731","PC_BuildingAddress":"10900 Mulhall St","PC_BuildingCity":"El Monte","PC_BuildingZip":91731,"PC_AllocatedBMDs":15,"PC_AllocatedEPBs":5,"PC_FacilityType":"Public","PC_SupervisorialDistrict":1,"PC_AllocatedSize":"15 - Standard","PC_MaxNumBMDs":60,"PC_MaxNumEPBs":10,"CIC_Number":null,"PC_ElectionID":4348,"Election_Name":"Gubernatorial General Election","Election_Year":2026,"Election_Type":"4","GIS_Publication_Status":"1","PC_ServiceAreaType":"4 Day"}},{"type":"Feature","id":6214,"geometry":{"type":"Point","coordinates":[-118.35186436042,34.0223355760503]},"properties":{"OBJECTID":6214,"globalid":"761556dd-059d-4d4d-9f87-1fc06b1db4ef","VCID":21023,"PC_AssignedServiceArea":"2900101B","PC_BuildingName":"Michelle and Barack Obama Sport Complex","PC_RoomArea":"Fitness Room","PC_BuildingFullAddress":"5001 Obama Blvd Los Angeles, CA 90016","PC_BuildingAddress":"5001 Obama Blvd","PC_BuildingCity":"Los Angeles","PC_BuildingZip":90016,"PC_AllocatedBMDs":15,"PC_AllocatedEPBs":5,"PC_FacilityType":"Public","PC_SupervisorialDistrict":2,"PC_AllocatedSize":"15 - Standard","PC_MaxNumBMDs":45,"PC_MaxNumEPBs":12,"CIC_Number":null,"PC_ElectionID":4348,"Election_Name":"Gubernatorial General Election","Election_Year":2026,"Election_Type":"4","GIS_Publication_Status":"1","PC_ServiceAreaType":"4 Day"}},{"type":"Feature","id":6215,"geometry":{"type":"Point","coordinates":[-118.257318096734,34.0671026011989]},"properties":{"OBJECTID":6215,"globalid":"62b49236-ce87-4180-ad1c-2c50052f9d0d","VCID":160,"PC_AssignedServiceArea":"1900013D","PC_BuildingName":"Echo Park Branch Library","PC_RoomArea":"203 Multi-Purpose Room","PC_BuildingFullAddress":"1410 W Temple St Los Angeles, CA 90026","PC_BuildingAddress":"1410 W Temple St","PC_BuildingCity":"Los Angeles","PC_BuildingZip":90026,"PC_AllocatedBMDs":15,"PC_AllocatedEPBs":5,"PC_FacilityType":"Public","PC_SupervisorialDistrict":null,"PC_AllocatedSize":"15 - Standard","PC_MaxNumBMDs":66,"PC_MaxNumEPBs":59,"CIC_Number":null,"PC_ElectionID":4348,"Election_Name":"Gubernatorial General Election","Election_Year":2026,"Election_Type":"4","GIS_Publication_Status":"1","PC_ServiceAreaType":"4 Day"}},{"type":"Feature","id":6216,"geometry":{"type":"Point","coordinates":[-118.209847580886,33.877464218523]},"properties":{"OBJECTID":6216,"globalid":"5e86f998-d30d-46e6-8166-900912d405db","VCID":1364,"PC_AssignedServiceArea":"2145031B","PC_BuildingName":"Compton College","PC_RoomArea":"Multi-Purpose Room","PC_BuildingFullAddress":"1111 E Artesia Blvd Compton, CA 90221","PC_BuildingAddress":"1111 E Artesia Blvd","PC_BuildingCity":"Compton","PC_BuildingZip":90221,"PC_AllocatedBMDs":40,"PC_AllocatedEPBs":10,"PC_FacilityType":"Public","PC_SupervisorialDistrict":2,"PC_AllocatedSize":"40 - Extra Large","PC_MaxNumBMDs":158,"PC_MaxNumEPBs":10,"CIC_Number":null,"PC_ElectionID":4348,"Election_Name":"Gubernatorial General Election","Election_Year":2026,"Election_Type":"4","GIS_Publication_Status":"1","PC_ServiceAreaType":"4 Day"}},{"type":"Feature","id":6217,"geometry":{"type":"Point","coordinates":[-117.829792109072,34.6042369629722]},"properties":{"OBJECTID":6217,"globalid":"5afb65e3-15c2-4040-bb7c-40e0dfbde2cd","VCID":11779,"PC_AssignedServiceArea":"5370000A","PC_BuildingName":"Stephen Sorensen Park","PC_RoomArea":"Multi-Purpose Room","PC_BuildingFullAddress":"16801 E Ave P Palmdale, CA 93591","PC_BuildingAddress":"16801 E Ave P","PC_BuildingCity":"Palmdale","PC_BuildingZip":93591,"PC_AllocatedBMDs":15,"PC_AllocatedEPBs":5,"PC_FacilityType":"Public","PC_SupervisorialDistrict":null,"PC_AllocatedSize":"15 - Standard","PC_MaxNumBMDs":45,"PC_MaxNumEPBs":6,"CIC_Number":null,"PC_ElectionID":4348,"Election_Name":"Gubernatorial General Election","Election_Year":2026,"Election_Type":"4","GIS_Publication_Status":"1","PC_ServiceAreaType":"11 Day"}},{"type":"Feature","id":6218,"geometry":{"type":"Point","coordinates":[-118.526524007584,34.2414767541092]},"properties":{"OBJECTID":6218,"globalid":"85e1421d-caf9-486d-b632-1691c48ab84f","VCID":19922,"PC_AssignedServiceArea":"3900122A","PC_BuildingName":"Cal State University Northridge","PC_RoomArea":"Redwood Hall 180","PC_BuildingFullAddress":"18111 Nordhoff St Northridge, CA 91330","PC_BuildingAddress":"18111 Nordhoff St","PC_BuildingCity":"Northridge","PC_BuildingZip":91330,"PC_AllocatedBMDs":45,"PC_AllocatedEPBs":12,"PC_FacilityType":"Public","PC_SupervisorialDistrict":3,"PC_AllocatedSize":"45 - Extra Large","PC_MaxNumBMDs":67,"PC_MaxNumEPBs":36,"CIC_Number":null,"PC_ElectionID":4348,"Election_Name":"Gubernatorial General Election","Election_Year":2026,"Election_Type":"4","GIS_Publication_Status":"1","PC_ServiceAreaType":"11 Day"}},{"type":"Feature","id":6219,"geometry":{"type":"Point","coordinates":[-118.034074465336,33.9801118793764]},"properties":{"OBJECTID":6219,"globalid":"3710d52f-2d1a-4ce9-a124-d7171068661e","VCID":3294,"PC_AssignedServiceArea":"4780020B","PC_BuildingName":"First United Methodist Church","PC_RoomArea":"Wesley Building Room 120","PC_BuildingFullAddress":"6725 Friends Ave Whittier, CA 90601","PC_BuildingAddress":"6725 Friends Ave","PC_BuildingCity":"Whittier","PC_BuildingZip":90601,"PC_AllocatedBMDs":15,"PC_AllocatedEPBs":5,"PC_FacilityType":"Private","PC_SupervisorialDistrict":4,"PC_AllocatedSize":"15 - Standard","PC_MaxNumBMDs":80,"PC_MaxNumEPBs":25,"CIC_Number":null,"PC_ElectionID":4348,"Election_Name":"Gubernatorial General Election","Election_Year":2026,"Election_Type":"4","GIS_Publication_Status":"1","PC_ServiceAreaType":"4 Day"}},{"type":"Feature","id":6220,"geometry":{"type":"Point","coordinates":[-118.450601914593,34.3121589626895]},"properties":{"OBJECTID":6220,"globalid":"fa6bbd0d-3cb7-43af-a337-5febd28ee245","VCID":8035,"PC_AssignedServiceArea":"3900074B","PC_BuildingName":"Olive Vista Middle School","PC_RoomArea":"Miles Auditorium","PC_BuildingFullAddress":"14600 Tyler St Sylmar, CA 91342","PC_BuildingAddress":"14600 Tyler St","PC_BuildingCity":"Sylmar","PC_BuildingZip":91342,"PC_AllocatedBMDs":45,"PC_AllocatedEPBs":12,"PC_FacilityType":"Public","PC_SupervisorialDistrict":3,"PC_AllocatedSize":"45 - Extra Large","PC_MaxNumBMDs":158,"PC_MaxNumEPBs":32,"CIC_Number":null,"PC_ElectionID":4348,"Election_Name":"Gubernatorial General Election","Election_Year":2026,"Election_Type":"4","GIS_Publication_Status":"1","PC_ServiceAreaType":"4 Day"}},{"type":"Feature","id":6221,"geometry":{"type":"Point","coordinates":[-118.212355126631,34.1263086860136]},"properties":{"OBJECTID":6221,"globalid":"9772e01d-f949-41e4-bd6f-345a190208ed","VCID":11756,"PC_AssignedServiceArea":"1900141D","PC_BuildingName":"Occidental College","PC_RoomArea":"Herrick Memorial Chapel-Interfaith Ctr","PC_BuildingFullAddress":"1600 Campus Rd Los Angeles, CA 90041","PC_BuildingAddress":"1600 Campus Rd","PC_BuildingCity":"Los Angeles","PC_BuildingZip":90041,"PC_AllocatedBMDs":25,"PC_AllocatedEPBs":9,"PC_FacilityType":"Private","PC_SupervisorialDistrict":1,"PC_AllocatedSize":"25 - Extra Large","PC_MaxNumBMDs":45,"PC_MaxNumEPBs":451,"CIC_Number":null,"PC_ElectionID":4348,"Election_Name":"Gubernatorial General Election","Election_Year":2026,"Election_Type":"4","GIS_Publication_Status":"1","PC_ServiceAreaType":"4 Day"}},{"type":"Feature","id":6222,"geometry":{"type":"Point","coordinates":[-118.194467340979,34.0442729897533]},"properties":{"OBJECTID":6222,"globalid":"f9acb248-0706-49f5-976c-f57c8d9a41e9","VCID":12330,"PC_AssignedServiceArea":"1900145B","PC_BuildingName":"Malabar Street Elementary School","PC_RoomArea":"Auditorium","PC_BuildingFullAddress":"3200 Malabar St Los Angeles, CA 90063","PC_BuildingAddress":"3200 Malabar St","PC_BuildingCity":"Los Angeles","PC_BuildingZip":90063,"PC_AllocatedBMDs":15,"PC_AllocatedEPBs":5,"PC_FacilityType":"Public","PC_SupervisorialDistrict":1,"PC_AllocatedSize":"15 - Standard","PC_MaxNumBMDs":90,"PC_MaxNumEPBs":8,"CIC_Number":null,"PC_ElectionID":4348,"Election_Name":"Gubernatorial General Election","Election_Year":2026,"Election_Type":"4","GIS_Publication_Status":"1","PC_ServiceAreaType":"4 Day"}},{"type":"Feature","id":6223,"geometry":{"type":"Point","coordinates":[-118.194705094544,33.8523016146068]},"properties":{"OBJECTID":6223,"globalid":"bbdaf4cd-0774-413d-95af-9f434e101c24","VCID":4501,"PC_AssignedServiceArea":"4385081B","PC_BuildingName":"Grace Samoan Church of the Nazarene","PC_RoomArea":"Fellowship Hall","PC_BuildingFullAddress":"24 E 53rd St Long Beach, CA 90805","PC_BuildingAddress":"24 E 53rd St","PC_BuildingCity":"Long Beach","PC_BuildingZip":90805,"PC_AllocatedBMDs":15,"PC_AllocatedEPBs":5,"PC_FacilityType":"Private","PC_SupervisorialDistrict":null,"PC_AllocatedSize":"15 - Standard","PC_MaxNumBMDs":128,"PC_MaxNumEPBs":8,"CIC_Number":null,"PC_ElectionID":4348,"Election_Name":"Gubernatorial General Election","Election_Year":2026,"Election_Type":"4","GIS_Publication_Status":"1","PC_ServiceAreaType":"4 Day"}},{"type":"Feature","id":6224,"geometry":{"type":"Point","coordinates":[-118.430159263689,34.0471959812195]},"properties":{"OBJECTID":6224,"globalid":"26037f0d-0ee7-43a2-8f4c-442042c5604e","VCID":5912,"PC_AssignedServiceArea":"3900053B","PC_BuildingName":"Westwood Charter School","PC_RoomArea":"Auditorium","PC_BuildingFullAddress":"2050 Selby Ave Los Angeles, CA 90025","PC_BuildingAddress":"2050 Selby Ave","PC_BuildingCity":"Los Angeles","PC_BuildingZip":90025,"PC_AllocatedBMDs":15,"PC_AllocatedEPBs":5,"PC_FacilityType":"Public","PC_SupervisorialDistrict":3,"PC_AllocatedSize":"15 - Standard","PC_MaxNumBMDs":30,"PC_MaxNumEPBs":27,"CIC_Number":null,"PC_ElectionID":4348,"Election_Name":"Gubernatorial General Election","Election_Year":2026,"Election_Type":"4","GIS_Publication_Status":"1","PC_ServiceAreaType":"4 Day"}},{"type":"Feature","id":6225,"geometry":{"type":"Point","coordinates":[-117.821060587658,34.0558195658234]},"properties":{"OBJECTID":6225,"globalid":"3050527d-33d4-40a1-8c2f-688b360c9cb6","VCID":11786,"PC_AssignedServiceArea":"1525052B","PC_BuildingName":"CA State Polytechnic University Pomona","PC_RoomArea":"Building 35 Room 2135 Ursa Minor","PC_BuildingFullAddress":"3801 W Temple Ave Pomona, CA 91768","PC_BuildingAddress":"3801 W Temple Ave","PC_BuildingCity":"Pomona","PC_BuildingZip":91768,"PC_AllocatedBMDs":40,"PC_AllocatedEPBs":12,"PC_FacilityType":"Public","PC_SupervisorialDistrict":1,"PC_AllocatedSize":"40 - Extra Large","PC_MaxNumBMDs":45,"PC_MaxNumEPBs":12,"CIC_Number":null,"PC_ElectionID":4348,"Election_Name":"Gubernatorial General Election","Election_Year":2026,"Election_Type":"4","GIS_Publication_Status":"1","PC_ServiceAreaType":"4 Day"}},{"type":"Feature","id":6226,"geometry":{"type":"Point","coordinates":[-118.142719216467,34.1545599537937]},"properties":{"OBJECTID":6226,"globalid":"e98ef09b-25ec-4fb4-b07b-e6c0b1a5614a","VCID":240,"PC_AssignedServiceArea":"5515051B","PC_BuildingName":"Villa Park Community Center","PC_RoomArea":"Auditorium","PC_BuildingFullAddress":"363 E Villa St Pasadena, CA 91101","PC_BuildingAddress":"363 E Villa St","PC_BuildingCity":"Pasadena","PC_BuildingZip":91101,"PC_AllocatedBMDs":15,"PC_AllocatedEPBs":5,"PC_FacilityType":"Public","PC_SupervisorialDistrict":5,"PC_AllocatedSize":"15 - Standard","PC_MaxNumBMDs":70,"PC_MaxNumEPBs":21,"CIC_Number":null,"PC_ElectionID":4348,"Election_Name":"Gubernatorial General Election","Election_Year":2026,"Election_Type":"4","GIS_Publication_Status":"1","PC_ServiceAreaType":"4 Day"}},{"type":"Feature","id":6227,"geometry":{"type":"Point","coordinates":[-118.447434403632,34.2009619151144]},"properties":{"OBJECTID":6227,"globalid":"a36fd6af-94ba-47e9-b0ef-ae37f9098a9e","VCID":35455,"PC_AssignedServiceArea":"3900021B","PC_BuildingName":"The Church On The Way","PC_RoomArea":"The Cornerstone Building","PC_BuildingFullAddress":"14424 Sherman Way Van Nuys, CA 91405","PC_BuildingAddress":"14424 Sherman Way","PC_BuildingCity":"Van Nuys","PC_BuildingZip":91405,"PC_AllocatedBMDs":15,"PC_AllocatedEPBs":5,"PC_FacilityType":"Private","PC_SupervisorialDistrict":3,"PC_AllocatedSize":"15 - Standard","PC_MaxNumBMDs":182,"PC_MaxNumEPBs":41,"CIC_Number":null,"PC_ElectionID":4348,"Election_Name":"Gubernatorial General Election","Election_Year":2026,"Election_Type":"4","GIS_Publication_Status":"1","PC_ServiceAreaType":"4 Day"}},{"type":"Feature","id":6228,"geometry":{"type":"Point","coordinates":[-118.182277407992,34.6033605972975]},"properties":{"OBJECTID":6228,"globalid":"5bb4a069-0e4a-41d0-8c3d-35840a2596fe","VCID":18653,"PC_AssignedServiceArea":"5500020A","PC_BuildingName":"Marie Kerr Park","PC_RoomArea":"Community Building","PC_BuildingFullAddress":"39700 30th St W Palmdale, CA 93551","PC_BuildingAddress":"39700 30th St W","PC_BuildingCity":"Palmdale","PC_BuildingZip":93551,"PC_AllocatedBMDs":15,"PC_AllocatedEPBs":7,"PC_FacilityType":"Public","PC_SupervisorialDistrict":null,"PC_AllocatedSize":"15 - Large","PC_MaxNumBMDs":110,"PC_MaxNumEPBs":52,"CIC_Number":null,"PC_ElectionID":4348,"Election_Name":"Gubernatorial General Election","Election_Year":2026,"Election_Type":"4","GIS_Publication_Status":"1","PC_ServiceAreaType":"11 Day"}},{"type":"Feature","id":6229,"geometry":{"type":"Point","coordinates":[-118.444562045033,34.0365457877038]},"properties":{"OBJECTID":6229,"globalid":"7ba3a072-8068-4a77-a2f6-fcd23a20d163","VCID":12790,"PC_AssignedServiceArea":"3900116B","PC_BuildingName":"LAFD Station 59","PC_RoomArea":"Training Room 103","PC_BuildingFullAddress":"11505 W Olympic Blvd  Los Angeles, CA 90025","PC_BuildingAddress":"11505 W Olympic Blvd ","PC_BuildingCity":"Los Angeles","PC_BuildingZip":90025,"PC_AllocatedBMDs":15,"PC_AllocatedEPBs":5,"PC_FacilityType":"Public","PC_SupervisorialDistrict":null,"PC_AllocatedSize":"15 - Standard","PC_MaxNumBMDs":120,"PC_MaxNumEPBs":10,"CIC_Number":null,"PC_ElectionID":4348,"Election_Name":"Gubernatorial General Election","Election_Year":2026,"Election_Type":"4","GIS_Publication_Status":"1","PC_ServiceAreaType":"4 Day"}},{"type":"Feature","id":6230,"geometry":{"type":"Point","coordinates":[-118.308436106997,34.0692125054784]},"properties":{"OBJECTID":6230,"globalid":"34d055c2-9095-4479-a77a-2eb36c013851","VCID":13752,"PC_AssignedServiceArea":"2900103A","PC_BuildingName":"Anderson Munger Family YMCA","PC_RoomArea":"Multi-Purpose Room","PC_BuildingFullAddress":"4301 W 3rd St Los Angeles, CA 90020","PC_BuildingAddress":"4301 W 3rd St","PC_BuildingCity":"Los Angeles","PC_BuildingZip":90020,"PC_AllocatedBMDs":15,"PC_AllocatedEPBs":5,"PC_FacilityType":"Private","PC_SupervisorialDistrict":null,"PC_AllocatedSize":"15 - Standard","PC_MaxNumBMDs":50,"PC_MaxNumEPBs":29,"CIC_Number":null,"PC_ElectionID":4348,"Election_Name":"Gubernatorial General Election","Election_Year":2026,"Election_Type":"4","GIS_Publication_Status":"1","PC_ServiceAreaType":"11 Day"}},{"type":"Feature","id":6231,"geometry":{"type":"Point","coordinates":[-118.146957641775,33.9489322568657]},"properties":{"OBJECTID":6231,"globalid":"4b826e0b-73dc-484a-9e59-ffb055aa7c50","VCID":35131,"PC_AssignedServiceArea":"4185031B","PC_BuildingName":"Islamic Society of Downey","PC_RoomArea":"Multi-Purpose Room","PC_BuildingFullAddress":"11022 Old River School Rd Downey, CA 90241","PC_BuildingAddress":"11022 Old River School Rd","PC_BuildingCity":"Downey","PC_BuildingZip":90241,"PC_AllocatedBMDs":15,"PC_AllocatedEPBs":5,"PC_FacilityType":"Private","PC_SupervisorialDistrict":4,"PC_AllocatedSize":"15 - Standard","PC_MaxNumBMDs":35,"PC_MaxNumEPBs":0,"CIC_Number":null,"PC_ElectionID":4348,"Election_Name":"Gubernatorial General Election","Election_Year":2026,"Election_Type":"4","GIS_Publication_Status":"1","PC_ServiceAreaType":"4 Day"}},{"type":"Feature","id":6232,"geometry":{"type":"Point","coordinates":[-117.772226183724,34.0997522827667]},"properties":{"OBJECTID":6232,"globalid":"39f137b1-555f-4c0c-8af5-26b17f87c308","VCID":21492,"PC_AssignedServiceArea":"1525011D","PC_BuildingName":"University of La Verne","PC_RoomArea":"Abraham Campus Ctr Ballrooms 3rd Floor","PC_BuildingFullAddress":"2000 2nd St La Verne, CA 91750","PC_BuildingAddress":"2000 2nd St","PC_BuildingCity":"La Verne","PC_BuildingZip":91750,"PC_AllocatedBMDs":40,"PC_AllocatedEPBs":12,"PC_FacilityType":"Private","PC_SupervisorialDistrict":null,"PC_AllocatedSize":"40 - Extra Large","PC_MaxNumBMDs":110,"PC_MaxNumEPBs":46,"CIC_Number":null,"PC_ElectionID":4348,"Election_Name":"Gubernatorial General Election","Election_Year":2026,"Election_Type":"4","GIS_Publication_Status":"1","PC_ServiceAreaType":"4 Day"}},{"type":"Feature","id":6233,"geometry":{"type":"Point","coordinates":[-118.239753100001,34.2144372437537]},"properties":{"OBJECTID":6233,"globalid":"7644cd28-0391-43df-9261-8bf3301a07f9","VCID":14619,"PC_AssignedServiceArea":"5461001F","PC_BuildingName":"La Crescenta Woman's Club","PC_RoomArea":"Meeting Room and Tea Room","PC_BuildingFullAddress":"4004 La Crescenta Ave La Crescenta, CA 91214","PC_BuildingAddress":"4004 La Crescenta Ave","PC_BuildingCity":"La Crescenta","PC_BuildingZip":91214,"PC_AllocatedBMDs":25,"PC_AllocatedEPBs":7,"PC_FacilityType":"Private","PC_SupervisorialDistrict":null,"PC_AllocatedSize":"25 - Large","PC_MaxNumBMDs":null,"PC_MaxNumEPBs":null,"CIC_Number":null,"PC_ElectionID":4348,"Election_Name":"Gubernatorial General Election","Election_Year":2026,"Election_Type":"4","GIS_Publication_Status":"1","PC_ServiceAreaType":"4 Day"}},{"type":"Feature","id":6234,"geometry":{"type":"Point","coordinates":[-118.238089028535,34.2143090040196]},"properties":{"OBJECTID":6234,"globalid":"f15123cb-3f52-41d7-8023-db567dd75798","VCID":28694,"PC_AssignedServiceArea":"5255001B","PC_BuildingName":"Crescenta Valley Utd Methodist Church","PC_RoomArea":"Fellowship Hall","PC_BuildingFullAddress":"2700 Montrose Ave Montrose, CA 91020","PC_BuildingAddress":"2700 Montrose Ave","PC_BuildingCity":"Montrose","PC_BuildingZip":91020,"PC_AllocatedBMDs":25,"PC_AllocatedEPBs":7,"PC_FacilityType":"Private","PC_SupervisorialDistrict":5,"PC_AllocatedSize":"25 - Large","PC_MaxNumBMDs":60,"PC_MaxNumEPBs":20,"CIC_Number":null,"PC_ElectionID":4348,"Election_Name":"Gubernatorial General Election","Election_Year":2026,"Election_Type":"4","GIS_Publication_Status":"1","PC_ServiceAreaType":"4 Day"}},{"type":"Feature","id":6235,"geometry":{"type":"Point","coordinates":[-118.313882380339,34.0953939584133]},"properties":{"OBJECTID":6235,"globalid":"690ea9df-a5aa-49e7-9a4e-b9e2373eebd4","VCID":17151,"PC_AssignedServiceArea":"3900133B","PC_BuildingName":"Bernstein High School","PC_RoomArea":"Library","PC_BuildingFullAddress":"1309 N Wilton Pl Los Angeles, CA 90028","PC_BuildingAddress":"1309 N Wilton Pl","PC_BuildingCity":"Los Angeles","PC_BuildingZip":90028,"PC_AllocatedBMDs":15,"PC_AllocatedEPBs":5,"PC_FacilityType":"Public","PC_SupervisorialDistrict":3,"PC_AllocatedSize":"15 - Standard","PC_MaxNumBMDs":65,"PC_MaxNumEPBs":13,"CIC_Number":null,"PC_ElectionID":4348,"Election_Name":"Gubernatorial General Election","Election_Year":2026,"Election_Type":"4","GIS_Publication_Status":"1","PC_ServiceAreaType":"4 Day"}},{"type":"Feature","id":6236,"geometry":{"type":"Point","coordinates":[-118.258508048663,33.8726864564237]},"properties":{"OBJECTID":6236,"globalid":"398e8603-d85b-4195-9f7f-8c3e4e1bd03a","VCID":1913,"PC_AssignedServiceArea":"2103011B","PC_BuildingName":"Stevenson Park","PC_RoomArea":"Community Room","PC_BuildingFullAddress":"17400 Lysander Dr  Carson, CA 90746","PC_BuildingAddress":"17400 Lysander Dr ","PC_BuildingCity":"Carson","PC_BuildingZip":90746,"PC_AllocatedBMDs":15,"PC_AllocatedEPBs":5,"PC_FacilityType":"Public","PC_SupervisorialDistrict":2,"PC_AllocatedSize":"15 - Standard","PC_MaxNumBMDs":87,"PC_MaxNumEPBs":185,"CIC_Number":null,"PC_ElectionID":4348,"Election_Name":"Gubernatorial General Election","Election_Year":2026,"Election_Type":"4","GIS_Publication_Status":"1","PC_ServiceAreaType":"4 Day"}},{"type":"Feature","id":6237,"geometry":{"type":"Point","coordinates":[-117.867542119736,34.0832331585019]},"properties":{"OBJECTID":6237,"globalid":"cbbad946-3978-4dc2-befb-a4c81496a540","VCID":21556,"PC_AssignedServiceArea":"1150051B","PC_BuildingName":"Charter Oak Adult Education","PC_RoomArea":"Multi-Purpose Room","PC_BuildingFullAddress":"1115 E Puente St Covina, CA 91724","PC_BuildingAddress":"1115 E Puente St","PC_BuildingCity":"Covina","PC_BuildingZip":91724,"PC_AllocatedBMDs":15,"PC_AllocatedEPBs":5,"PC_FacilityType":"Public","PC_SupervisorialDistrict":null,"PC_AllocatedSize":"15 - Standard","PC_MaxNumBMDs":90,"PC_MaxNumEPBs":46,"CIC_Number":null,"PC_ElectionID":4348,"Election_Name":"Gubernatorial General Election","Election_Year":2026,"Election_Type":"4","GIS_Publication_Status":"1","PC_ServiceAreaType":"4 Day"}},{"type":"Feature","id":6238,"geometry":{"type":"Point","coordinates":[-118.346237449662,34.0284162908872]},"properties":{"OBJECTID":6238,"globalid":"864f143f-97f3-40f4-84b7-fce29d1c47b6","VCID":13365,"PC_AssignedServiceArea":"2900102B","PC_BuildingName":"Vineyard Recreation Center","PC_RoomArea":"Meeting Room","PC_BuildingFullAddress":"2942 Vineyard Ave Los Angeles, CA 90016","PC_BuildingAddress":"2942 Vineyard Ave","PC_BuildingCity":"Los Angeles","PC_BuildingZip":90016,"PC_AllocatedBMDs":15,"PC_AllocatedEPBs":5,"PC_FacilityType":"Public","PC_SupervisorialDistrict":2,"PC_AllocatedSize":"15 - Standard","PC_MaxNumBMDs":null,"PC_MaxNumEPBs":null,"CIC_Number":null,"PC_ElectionID":4348,"Election_Name":"Gubernatorial General Election","Election_Year":2026,"Election_Type":"4","GIS_Publication_Status":"1","PC_ServiceAreaType":"4 Day"}},{"type":"Feature","id":6239,"geometry":{"type":"Point","coordinates":[-118.269390065109,33.8567900757596]},"properties":{"OBJECTID":6239,"globalid":"7f700488-741c-4000-87e6-419e56f4f0d1","VCID":10465,"PC_AssignedServiceArea":"2103001A","PC_BuildingName":"Victoria Community Regional Park","PC_RoomArea":"Multi-Purpose Room","PC_BuildingFullAddress":"419 Martin Luther King Jr St Carson, CA 90746","PC_BuildingAddress":"419 Martin Luther King Jr St","PC_BuildingCity":"Carson","PC_BuildingZip":90746,"PC_AllocatedBMDs":15,"PC_AllocatedEPBs":5,"PC_FacilityType":"Public","PC_SupervisorialDistrict":null,"PC_AllocatedSize":"15 - Standard","PC_MaxNumBMDs":22,"PC_MaxNumEPBs":18,"CIC_Number":null,"PC_ElectionID":4348,"Election_Name":"Gubernatorial General Election","Election_Year":2026,"Election_Type":"4","GIS_Publication_Status":"1","PC_ServiceAreaType":"11 Day"}},{"type":"Feature","id":6240,"geometry":{"type":"Point","coordinates":[-118.463766874568,33.994655372289]},"properties":{"OBJECTID":6240,"globalid":"2ca9be88-735e-4e71-8bd7-343fa2cc987c","VCID":13316,"PC_AssignedServiceArea":"3900112A","PC_BuildingName":"Oakwood Recreation Center","PC_RoomArea":"Annex Room","PC_BuildingFullAddress":"767 California Ave Venice, CA 90291","PC_BuildingAddress":"767 California Ave","PC_BuildingCity":"Venice","PC_BuildingZip":90291,"PC_AllocatedBMDs":15,"PC_AllocatedEPBs":5,"PC_FacilityType":"Public","PC_SupervisorialDistrict":3,"PC_AllocatedSize":"15 - Standard","PC_MaxNumBMDs":110,"PC_MaxNumEPBs":29,"CIC_Number":null,"PC_ElectionID":4348,"Election_Name":"Gubernatorial General Election","Election_Year":2026,"Election_Type":"4","GIS_Publication_Status":"1","PC_ServiceAreaType":"11 Day"}},{"type":"Feature","id":6241,"geometry":{"type":"Point","coordinates":[-117.988023922628,33.9507002059155]},"properties":{"OBJECTID":6241,"globalid":"f835c334-0730-4c5e-8d48-5cbc69afbddf","VCID":5998,"PC_AssignedServiceArea":"4780031B","PC_BuildingName":"Hillcrest Congregational Church","PC_RoomArea":"Barwick Hall","PC_BuildingFullAddress":"2000 West Rd La Habra Heights, CA 90631","PC_BuildingAddress":"2000 West Rd","PC_BuildingCity":"La Habra Heights","PC_BuildingZip":90631,"PC_AllocatedBMDs":15,"PC_AllocatedEPBs":5,"PC_FacilityType":"Private","PC_SupervisorialDistrict":4,"PC_AllocatedSize":"15 - Standard","PC_MaxNumBMDs":80,"PC_MaxNumEPBs":12,"CIC_Number":null,"PC_ElectionID":4348,"Election_Name":"Gubernatorial General Election","Election_Year":2026,"Election_Type":"4","GIS_Publication_Status":"1","PC_ServiceAreaType":"4 Day"}},{"type":"Feature","id":6242,"geometry":{"type":"Point","coordinates":[-118.568851033436,34.4045482153941]},"properties":{"OBJECTID":6242,"globalid":"a19aed19-d4aa-4bf6-8483-e7b1294983fe","VCID":35321,"PC_AssignedServiceArea":"5622000D","PC_BuildingName":"College of the Canyons","PC_RoomArea":"Student Center 124","PC_BuildingFullAddress":"26455 Rockwell Canyon Rd Santa Clarita, CA 91355","PC_BuildingAddress":"26455 Rockwell Canyon Rd","PC_BuildingCity":"Santa Clarita","PC_BuildingZip":91355,"PC_AllocatedBMDs":15,"PC_AllocatedEPBs":5,"PC_FacilityType":"Public","PC_SupervisorialDistrict":null,"PC_AllocatedSize":"15 - Standard","PC_MaxNumBMDs":39,"PC_MaxNumEPBs":9,"CIC_Number":null,"PC_ElectionID":4348,"Election_Name":"Gubernatorial General Election","Election_Year":2026,"Election_Type":"4","GIS_Publication_Status":"1","PC_ServiceAreaType":"4 Day"}},{"type":"Feature","id":6243,"geometry":{"type":"Point","coordinates":[-118.415354248369,34.2443459797513]},"properties":{"OBJECTID":6243,"globalid":"156f39f7-603a-4649-9e94-34b0329e0b32","VCID":6772,"PC_AssignedServiceArea":"3900076B","PC_BuildingName":"Montague Charter Academy","PC_RoomArea":"Auditorium","PC_BuildingFullAddress":"13000 Montague St Pacoima, CA 91331","PC_BuildingAddress":"13000 Montague St","PC_BuildingCity":"Pacoima","PC_BuildingZip":91331,"PC_AllocatedBMDs":15,"PC_AllocatedEPBs":5,"PC_FacilityType":"Public","PC_SupervisorialDistrict":3,"PC_AllocatedSize":"15 - Standard","PC_MaxNumBMDs":40,"PC_MaxNumEPBs":15,"CIC_Number":null,"PC_ElectionID":4348,"Election_Name":"Gubernatorial General Election","Election_Year":2026,"Election_Type":"4","GIS_Publication_Status":"1","PC_ServiceAreaType":"4 Day"}},{"type":"Feature","id":6244,"geometry":{"type":"Point","coordinates":[-117.877102002145,34.1481774293546]},"properties":{"OBJECTID":6244,"globalid":"5028422f-84bf-4346-ae18-6838264929df","VCID":35440,"PC_AssignedServiceArea":"5260021B","PC_BuildingName":"St Lucy's Priory High School","PC_RoomArea":"Room 23","PC_BuildingFullAddress":"655 W Sierra Madre Ave Glendora, CA 91741","PC_BuildingAddress":"655 W Sierra Madre Ave","PC_BuildingCity":"Glendora","PC_BuildingZip":91741,"PC_AllocatedBMDs":15,"PC_AllocatedEPBs":5,"PC_FacilityType":"Private","PC_SupervisorialDistrict":5,"PC_AllocatedSize":"15 - Standard","PC_MaxNumBMDs":40,"PC_MaxNumEPBs":91,"CIC_Number":null,"PC_ElectionID":4348,"Election_Name":"Gubernatorial General Election","Election_Year":2026,"Election_Type":"4","GIS_Publication_Status":"1","PC_ServiceAreaType":"4 Day"}},{"type":"Feature","id":6245,"geometry":{"type":"Point","coordinates":[-118.19965355076,33.9277619549774]},"properties":{"OBJECTID":6245,"globalid":"fd1e8dad-32d7-4379-bc36-589a7004cb70","VCID":17100,"PC_AssignedServiceArea":"4399000F","PC_BuildingName":"Lynwood Community Transit Center","PC_RoomArea":"Gymnasium","PC_BuildingFullAddress":"11301 Bullis Rd Lynwood, CA 90262","PC_BuildingAddress":"11301 Bullis Rd","PC_BuildingCity":"Lynwood","PC_BuildingZip":90262,"PC_AllocatedBMDs":45,"PC_AllocatedEPBs":12,"PC_FacilityType":"Public","PC_SupervisorialDistrict":4,"PC_AllocatedSize":"45 - Extra Large","PC_MaxNumBMDs":114,"PC_MaxNumEPBs":35,"CIC_Number":null,"PC_ElectionID":4348,"Election_Name":"Gubernatorial General Election","Election_Year":2026,"Election_Type":"4","GIS_Publication_Status":"1","PC_ServiceAreaType":"4 Day"}},{"type":"Feature","id":6246,"geometry":{"type":"Point","coordinates":[-118.03370449555,34.0197605509647]},"properties":{"OBJECTID":6246,"globalid":"44bd3069-1aab-411c-8d87-6b7a4dac31df","VCID":27037,"PC_AssignedServiceArea":"4523000D","PC_BuildingName":"Rio Hondo College","PC_RoomArea":"Administration Bldg A102 Boardroom","PC_BuildingFullAddress":"3600 Workman Mill Rd Whittier, CA 90601","PC_BuildingAddress":"3600 Workman Mill Rd","PC_BuildingCity":"Whittier","PC_BuildingZip":90601,"PC_AllocatedBMDs":15,"PC_AllocatedEPBs":5,"PC_FacilityType":"Public","PC_SupervisorialDistrict":4,"PC_AllocatedSize":"15 - Standard","PC_MaxNumBMDs":67,"PC_MaxNumEPBs":21,"CIC_Number":null,"PC_ElectionID":4348,"Election_Name":"Gubernatorial General Election","Election_Year":2026,"Election_Type":"4","GIS_Publication_Status":"1","PC_ServiceAreaType":"4 Day"}},{"type":"Feature","id":6247,"geometry":{"type":"Point","coordinates":[-118.405068596039,34.1297534343595]},"properties":{"OBJECTID":6247,"globalid":"54a6fa22-5cf7-474d-9d7e-e9d62e83c69a","VCID":1568,"PC_AssignedServiceArea":"3900042A","PC_BuildingName":"TreePeople","PC_RoomArea":"Conference Center","PC_BuildingFullAddress":"12601 Mulholland Dr Beverly Hills, CA 90210","PC_BuildingAddress":"12601 Mulholland Dr","PC_BuildingCity":"Beverly Hills","PC_BuildingZip":90210,"PC_AllocatedBMDs":15,"PC_AllocatedEPBs":5,"PC_FacilityType":"Private","PC_SupervisorialDistrict":3,"PC_AllocatedSize":"15 - Standard","PC_MaxNumBMDs":114,"PC_MaxNumEPBs":8,"CIC_Number":null,"PC_ElectionID":4348,"Election_Name":"Gubernatorial General Election","Election_Year":2026,"Election_Type":"4","GIS_Publication_Status":"1","PC_ServiceAreaType":"11 Day"}},{"type":"Feature","id":6248,"geometry":{"type":"Point","coordinates":[-118.336977854234,33.8652550726166]},"properties":{"OBJECTID":6248,"globalid":"8ec860f1-d963-4c5f-823d-d2d1b39aa1a4","VCID":2655,"PC_AssignedServiceArea":"4715000B","PC_BuildingName":"North High School","PC_RoomArea":"East Cafeteria","PC_BuildingFullAddress":"3620 W 182nd St Torrance, CA 90504","PC_BuildingAddress":"3620 W 182nd St","PC_BuildingCity":"Torrance","PC_BuildingZip":90504,"PC_AllocatedBMDs":35,"PC_AllocatedEPBs":9,"PC_FacilityType":"Public","PC_SupervisorialDistrict":4,"PC_AllocatedSize":"35 - Extra Large","PC_MaxNumBMDs":80,"PC_MaxNumEPBs":18,"CIC_Number":null,"PC_ElectionID":4348,"Election_Name":"Gubernatorial General Election","Election_Year":2026,"Election_Type":"4","GIS_Publication_Status":"1","PC_ServiceAreaType":"4 Day"}},{"type":"Feature","id":6249,"geometry":{"type":"Point","coordinates":[-118.10024638686,33.8571943774189]},"properties":{"OBJECTID":6249,"globalid":"934fe2a9-447d-4dae-b905-2a400081070c","VCID":11754,"PC_AssignedServiceArea":"4345003B","PC_BuildingName":"Liberty II Facility","PC_RoomArea":"Multi-Purpose Room","PC_BuildingFullAddress":"19033 Studebaker Rd Cerritos, CA 90703","PC_BuildingAddress":"19033 Studebaker Rd","PC_BuildingCity":"Cerritos","PC_BuildingZip":90703,"PC_AllocatedBMDs":25,"PC_AllocatedEPBs":7,"PC_FacilityType":"Public","PC_SupervisorialDistrict":4,"PC_AllocatedSize":"25 - Large","PC_MaxNumBMDs":50,"PC_MaxNumEPBs":85,"CIC_Number":null,"PC_ElectionID":4348,"Election_Name":"Gubernatorial General Election","Election_Year":2026,"Election_Type":"4","GIS_Publication_Status":"1","PC_ServiceAreaType":"4 Day"}},{"type":"Feature","id":6250,"geometry":{"type":"Point","coordinates":[-118.419334248726,34.0587563682052]},"properties":{"OBJECTID":6250,"globalid":"c33e5e0b-42ef-4d8c-ae4e-776c7e0fbd77","VCID":9461,"PC_AssignedServiceArea":"3900057B","PC_BuildingName":"Westfield Century City","PC_RoomArea":"Community Room","PC_BuildingFullAddress":"10250 Santa Monica Blvd Los Angeles, CA 90067","PC_BuildingAddress":"10250 Santa Monica Blvd","PC_BuildingCity":"Los Angeles","PC_BuildingZip":90067,"PC_AllocatedBMDs":15,"PC_AllocatedEPBs":5,"PC_FacilityType":"Private","PC_SupervisorialDistrict":3,"PC_AllocatedSize":"15 - Standard","PC_MaxNumBMDs":88,"PC_MaxNumEPBs":44,"CIC_Number":null,"PC_ElectionID":4348,"Election_Name":"Gubernatorial General Election","Election_Year":2026,"Election_Type":"4","GIS_Publication_Status":"1","PC_ServiceAreaType":"4 Day"}},{"type":"Feature","id":6251,"geometry":{"type":"Point","coordinates":[-118.568308952325,34.3789250036642]},"properties":{"OBJECTID":6251,"globalid":"49a8c1c9-bd96-4a66-964a-8027fb96183c","VCID":35035,"PC_AssignedServiceArea":"5682000B","PC_BuildingName":"Residence Inn-Santa Clarita Valencia","PC_RoomArea":"Sunset Pointe and Vista Valencia Rooms","PC_BuildingFullAddress":"25320 The Old Rd Santa Clarita, CA 91381","PC_BuildingAddress":"25320 The Old Rd","PC_BuildingCity":"Santa Clarita","PC_BuildingZip":91381,"PC_AllocatedBMDs":15,"PC_AllocatedEPBs":5,"PC_FacilityType":"Private","PC_SupervisorialDistrict":null,"PC_AllocatedSize":"15 - Standard","PC_MaxNumBMDs":null,"PC_MaxNumEPBs":null,"CIC_Number":null,"PC_ElectionID":4348,"Election_Name":"Gubernatorial General Election","Election_Year":2026,"Election_Type":"4","GIS_Publication_Status":"1","PC_ServiceAreaType":"4 Day"}},{"type":"Feature","id":6252,"geometry":{"type":"Point","coordinates":[-118.2926318182,34.084809091082]},"properties":{"OBJECTID":6252,"globalid":"2bdd6ce0-91fd-4151-9a20-7851d801a4e1","VCID":26942,"PC_AssignedServiceArea":"1900134D","PC_BuildingName":"Braille Inst of America-LA Facility","PC_RoomArea":"Weingart North","PC_BuildingFullAddress":"740 N New Hampshire Ave Los Angeles, CA 90029","PC_BuildingAddress":"740 N New Hampshire Ave","PC_BuildingCity":"Los Angeles","PC_BuildingZip":90029,"PC_AllocatedBMDs":15,"PC_AllocatedEPBs":5,"PC_FacilityType":"Private","PC_SupervisorialDistrict":1,"PC_AllocatedSize":"15 - Standard","PC_MaxNumBMDs":40,"PC_MaxNumEPBs":51,"CIC_Number":null,"PC_ElectionID":4348,"Election_Name":"Gubernatorial General Election","Election_Year":2026,"Election_Type":"4","GIS_Publication_Status":"1","PC_ServiceAreaType":"4 Day"}},{"type":"Feature","id":6253,"geometry":{"type":"Point","coordinates":[-118.281307859197,34.148600071488]},"properties":{"OBJECTID":6253,"globalid":"f56ce7c4-559f-4f6c-b660-f3a7a88a93c9","VCID":524,"PC_AssignedServiceArea":"5730042B","PC_BuildingName":"Autry Museum of the American West","PC_RoomArea":"Meeting Rooms 2 and 3","PC_BuildingFullAddress":"4700 Western Heritage Way Los Angeles, CA 90027","PC_BuildingAddress":"4700 Western Heritage Way","PC_BuildingCity":"Los Angeles","PC_BuildingZip":90027,"PC_AllocatedBMDs":15,"PC_AllocatedEPBs":5,"PC_FacilityType":"Private","PC_SupervisorialDistrict":null,"PC_AllocatedSize":"15 - Standard","PC_MaxNumBMDs":null,"PC_MaxNumEPBs":null,"CIC_Number":null,"PC_ElectionID":4348,"Election_Name":"Gubernatorial General Election","Election_Year":2026,"Election_Type":"4","GIS_Publication_Status":"1","PC_ServiceAreaType":"4 Day"}},{"type":"Feature","id":6254,"geometry":{"type":"Point","coordinates":[-118.285037561819,34.252627332846]},"properties":{"OBJECTID":6254,"globalid":"69dc4c05-0e45-48d4-bb69-644d37013e63","VCID":1839,"PC_AssignedServiceArea":"5900073B","PC_BuildingName":"Pinewood Avenue Elementary School","PC_RoomArea":"Auditorium","PC_BuildingFullAddress":"10111 Silverton Ave Tujunga, CA 91042","PC_BuildingAddress":"10111 Silverton Ave","PC_BuildingCity":"Tujunga","PC_BuildingZip":91042,"PC_AllocatedBMDs":15,"PC_AllocatedEPBs":5,"PC_FacilityType":"Public","PC_SupervisorialDistrict":5,"PC_AllocatedSize":"15 - Standard","PC_MaxNumBMDs":68,"PC_MaxNumEPBs":233,"CIC_Number":null,"PC_ElectionID":4348,"Election_Name":"Gubernatorial General Election","Election_Year":2026,"Election_Type":"4","GIS_Publication_Status":"1","PC_ServiceAreaType":"4 Day"}},{"type":"Feature","id":6255,"geometry":{"type":"Point","coordinates":[-118.124954141431,33.9112167532734]},"properties":{"OBJECTID":6255,"globalid":"fcd68c45-ab2a-4715-a4e0-edb592bccac3","VCID":20882,"PC_AssignedServiceArea":"4185010B","PC_BuildingName":"Lewis Elementary School","PC_RoomArea":"Cafeteria","PC_BuildingFullAddress":"13220 Bellflower Blvd Downey, CA 90242","PC_BuildingAddress":"13220 Bellflower Blvd","PC_BuildingCity":"Downey","PC_BuildingZip":90242,"PC_AllocatedBMDs":15,"PC_AllocatedEPBs":5,"PC_FacilityType":"Public","PC_SupervisorialDistrict":4,"PC_AllocatedSize":"15 - Standard","PC_MaxNumBMDs":40,"PC_MaxNumEPBs":18,"CIC_Number":null,"PC_ElectionID":4348,"Election_Name":"Gubernatorial General Election","Election_Year":2026,"Election_Type":"4","GIS_Publication_Status":"1","PC_ServiceAreaType":"4 Day"}},{"type":"Feature","id":6256,"geometry":{"type":"Point","coordinates":[-118.088419216052,33.9356804534451]},"properties":{"OBJECTID":6256,"globalid":"0e2b9218-16b7-4dd7-9a80-1bb3fa9363c5","VCID":13672,"PC_AssignedServiceArea":"4480001B","PC_BuildingName":"Florence Avenue Foursquare Church","PC_RoomArea":"Fellowship Hall","PC_BuildingFullAddress":"11457 Florence Ave Santa Fe Springs, CA 90670","PC_BuildingAddress":"11457 Florence Ave","PC_BuildingCity":"Santa Fe Springs","PC_BuildingZip":90670,"PC_AllocatedBMDs":15,"PC_AllocatedEPBs":5,"PC_FacilityType":"Private","PC_SupervisorialDistrict":4,"PC_AllocatedSize":"15 - Standard","PC_MaxNumBMDs":62,"PC_MaxNumEPBs":21,"CIC_Number":null,"PC_ElectionID":4348,"Election_Name":"Gubernatorial General Election","Election_Year":2026,"Election_Type":"4","GIS_Publication_Status":"1","PC_ServiceAreaType":"4 Day"}},{"type":"Feature","id":6257,"geometry":{"type":"Point","coordinates":[-118.197820779338,33.9863055355155]},"properties":{"OBJECTID":6257,"globalid":"df095fbf-5068-4668-9087-f172d6407545","VCID":3215,"PC_AssignedServiceArea":"4070001B","PC_BuildingName":"Chester W Nimitz Middle School","PC_RoomArea":"Library","PC_BuildingFullAddress":"6021 Carmelita Ave Huntington Park, CA 90255","PC_BuildingAddress":"6021 Carmelita Ave","PC_BuildingCity":"Huntington Park","PC_BuildingZip":90255,"PC_AllocatedBMDs":15,"PC_AllocatedEPBs":5,"PC_FacilityType":"Public","PC_SupervisorialDistrict":4,"PC_AllocatedSize":"15 - Standard","PC_MaxNumBMDs":90,"PC_MaxNumEPBs":15,"CIC_Number":null,"PC_ElectionID":4348,"Election_Name":"Gubernatorial General Election","Election_Year":2026,"Election_Type":"4","GIS_Publication_Status":"1","PC_ServiceAreaType":"4 Day"}},{"type":"Feature","id":6258,"geometry":{"type":"Point","coordinates":[-118.076866940901,34.0792528451471]},"properties":{"OBJECTID":6258,"globalid":"aaf416fd-2961-4ff3-a650-8bbbc04d51c8","VCID":4390,"PC_AssignedServiceArea":"1575001B","PC_BuildingName":"Rosemead Community Recreation Center","PC_RoomArea":"Multi-Purpose Room 1","PC_BuildingFullAddress":"3936 Muscatel Ave Rosemead, CA 91770","PC_BuildingAddress":"3936 Muscatel Ave","PC_BuildingCity":"Rosemead","PC_BuildingZip":91770,"PC_AllocatedBMDs":15,"PC_AllocatedEPBs":5,"PC_FacilityType":"Public","PC_SupervisorialDistrict":1,"PC_AllocatedSize":"15 - Standard","PC_MaxNumBMDs":45,"PC_MaxNumEPBs":39,"CIC_Number":null,"PC_ElectionID":4348,"Election_Name":"Gubernatorial General Election","Election_Year":2026,"Election_Type":"4","GIS_Publication_Status":"1","PC_ServiceAreaType":"4 Day"}},{"type":"Feature","id":6259,"geometry":{"type":"Point","coordinates":[-118.220807797697,34.6211624067149]},"properties":{"OBJECTID":6259,"globalid":"3ceb2c32-83f3-4978-abbf-d1beb3215faf","VCID":21024,"PC_AssignedServiceArea":"5500022B","PC_BuildingName":"Boulders at the Ranch One","PC_RoomArea":"Clubhouse","PC_BuildingFullAddress":"40701 Rancho Vista Blvd Palmdale, CA 93551","PC_BuildingAddress":"40701 Rancho Vista Blvd","PC_BuildingCity":"Palmdale","PC_BuildingZip":93551,"PC_AllocatedBMDs":15,"PC_AllocatedEPBs":5,"PC_FacilityType":"Public","PC_SupervisorialDistrict":5,"PC_AllocatedSize":"15 - Standard","PC_MaxNumBMDs":80,"PC_MaxNumEPBs":19,"CIC_Number":null,"PC_ElectionID":4348,"Election_Name":"Gubernatorial General Election","Election_Year":2026,"Election_Type":"4","GIS_Publication_Status":"1","PC_ServiceAreaType":"4 Day"}},{"type":"Feature","id":6260,"geometry":{"type":"Point","coordinates":[-118.212847354697,34.0442709901369]},"properties":{"OBJECTID":6260,"globalid":"65fb449b-1935-4617-8590-975efbf4d45f","VCID":10833,"PC_AssignedServiceArea":"1900143A","PC_BuildingName":"Boyle Heights City Hall","PC_RoomArea":"Community Room","PC_BuildingFullAddress":"2130 E 1st St Los Angeles, CA 90033","PC_BuildingAddress":"2130 E 1st St","PC_BuildingCity":"Los Angeles","PC_BuildingZip":90033,"PC_AllocatedBMDs":15,"PC_AllocatedEPBs":5,"PC_FacilityType":"Public","PC_SupervisorialDistrict":null,"PC_AllocatedSize":"15 - Standard","PC_MaxNumBMDs":67,"PC_MaxNumEPBs":6,"CIC_Number":null,"PC_ElectionID":4348,"Election_Name":"Gubernatorial General Election","Election_Year":2026,"Election_Type":"4","GIS_Publication_Status":"1","PC_ServiceAreaType":"11 Day"}},{"type":"Feature","id":6261,"geometry":{"type":"Point","coordinates":[-118.26503610382,33.9981778501389]},"properties":{"OBJECTID":6261,"globalid":"0f746ecd-02d3-4e07-a0e1-2987df843a35","VCID":12984,"PC_AssignedServiceArea":"2900096B","PC_BuildingName":"Avalon Carver Community Center","PC_RoomArea":"Auditorium","PC_BuildingFullAddress":"4920 Avalon Blvd Los Angeles, CA 90011","PC_BuildingAddress":"4920 Avalon Blvd","PC_BuildingCity":"Los Angeles","PC_BuildingZip":90011,"PC_AllocatedBMDs":15,"PC_AllocatedEPBs":5,"PC_FacilityType":"Private","PC_SupervisorialDistrict":2,"PC_AllocatedSize":"15 - Standard","PC_MaxNumBMDs":137,"PC_MaxNumEPBs":0,"CIC_Number":null,"PC_ElectionID":4348,"Election_Name":"Gubernatorial General Election","Election_Year":2026,"Election_Type":"4","GIS_Publication_Status":"1","PC_ServiceAreaType":"4 Day"}},{"type":"Feature","id":6262,"geometry":{"type":"Point","coordinates":[-118.298879910886,33.7622308847008]},"properties":{"OBJECTID":6262,"globalid":"aeb66cfa-dccd-455e-9e1b-600a7eb25211","VCID":1885,"PC_AssignedServiceArea":"4900154B","PC_BuildingName":"Taper Avenue Elementary School","PC_RoomArea":"Auditorium","PC_BuildingFullAddress":"1824 N Taper Ave San Pedro, CA 90731","PC_BuildingAddress":"1824 N Taper Ave","PC_BuildingCity":"San Pedro","PC_BuildingZip":90731,"PC_AllocatedBMDs":15,"PC_AllocatedEPBs":5,"PC_FacilityType":"Public","PC_SupervisorialDistrict":4,"PC_AllocatedSize":"15 - Standard","PC_MaxNumBMDs":40,"PC_MaxNumEPBs":57,"CIC_Number":null,"PC_ElectionID":4348,"Election_Name":"Gubernatorial General Election","Election_Year":2026,"Election_Type":"4","GIS_Publication_Status":"1","PC_ServiceAreaType":"4 Day"}},{"type":"Feature","id":6263,"geometry":{"type":"Point","coordinates":[-118.776164687457,34.1445337170024]},"properties":{"OBJECTID":6263,"globalid":"a2d2a7c4-8077-445f-891a-2a6e3bff8a67","VCID":12693,"PC_AssignedServiceArea":"3008001B","PC_BuildingName":"Agoura Hills Civic Center","PC_RoomArea":"Community Room","PC_BuildingFullAddress":"30001 Ladyface Ct Agoura Hills, CA 91301","PC_BuildingAddress":"30001 Ladyface Ct","PC_BuildingCity":"Agoura Hills","PC_BuildingZip":91301,"PC_AllocatedBMDs":15,"PC_AllocatedEPBs":5,"PC_FacilityType":"Public","PC_SupervisorialDistrict":null,"PC_AllocatedSize":"15 - Standard","PC_MaxNumBMDs":45,"PC_MaxNumEPBs":6,"CIC_Number":null,"PC_ElectionID":4348,"Election_Name":"Gubernatorial General Election","Election_Year":2026,"Election_Type":"4","GIS_Publication_Status":"1","PC_ServiceAreaType":"4 Day"}},{"type":"Feature","id":6264,"geometry":{"type":"Point","coordinates":[-118.188725584352,34.1434127509442]},"properties":{"OBJECTID":6264,"globalid":"d499dd6a-b3f4-46f2-be40-0711cfa28b5c","VCID":13290,"PC_AssignedServiceArea":"1900142B","PC_BuildingName":"Eagle Rock Recreation Center","PC_RoomArea":"Multi-Purpose Room","PC_BuildingFullAddress":"1100 Eagle Vista Dr Los Angeles, CA 90041","PC_BuildingAddress":"1100 Eagle Vista Dr","PC_BuildingCity":"Los Angeles","PC_BuildingZip":90041,"PC_AllocatedBMDs":15,"PC_AllocatedEPBs":5,"PC_FacilityType":"Public","PC_SupervisorialDistrict":1,"PC_AllocatedSize":"15 - Standard","PC_MaxNumBMDs":40,"PC_MaxNumEPBs":18,"CIC_Number":null,"PC_ElectionID":4348,"Election_Name":"Gubernatorial General Election","Election_Year":2026,"Election_Type":"4","GIS_Publication_Status":"1","PC_ServiceAreaType":"4 Day"}},{"type":"Feature","id":6265,"geometry":{"type":"Point","coordinates":[-118.113709291751,34.0526100423053]},"properties":{"OBJECTID":6265,"globalid":"d14e6151-a779-416d-9a45-83bf424bf7af","VCID":6159,"PC_AssignedServiceArea":"1450051B","PC_BuildingName":"Garvey Ranch Park","PC_RoomArea":"Community Room","PC_BuildingFullAddress":"781 S Orange Ave Monterey Park, CA 91755","PC_BuildingAddress":"781 S Orange Ave","PC_BuildingCity":"Monterey Park","PC_BuildingZip":91755,"PC_AllocatedBMDs":15,"PC_AllocatedEPBs":5,"PC_FacilityType":"Public","PC_SupervisorialDistrict":1,"PC_AllocatedSize":"15 - Standard","PC_MaxNumBMDs":68,"PC_MaxNumEPBs":0,"CIC_Number":null,"PC_ElectionID":4348,"Election_Name":"Gubernatorial General Election","Election_Year":2026,"Election_Type":"4","GIS_Publication_Status":"1","PC_ServiceAreaType":"4 Day"}},{"type":"Feature","id":6266,"geometry":{"type":"Point","coordinates":[-118.374438336529,34.1261878051415]},"properties":{"OBJECTID":6266,"globalid":"6dde211d-9d84-4e34-ab38-31557360f89c","VCID":18488,"PC_AssignedServiceArea":"5900024B","PC_BuildingName":"LAFD Station 97","PC_RoomArea":"Apparatus Room","PC_BuildingFullAddress":"8021 Mulholland Dr Los Angeles, CA 90046","PC_BuildingAddress":"8021 Mulholland Dr","PC_BuildingCity":"Los Angeles","PC_BuildingZip":90046,"PC_AllocatedBMDs":15,"PC_AllocatedEPBs":5,"PC_FacilityType":"Public","PC_SupervisorialDistrict":5,"PC_AllocatedSize":"15 - Standard","PC_MaxNumBMDs":60,"PC_MaxNumEPBs":8,"CIC_Number":null,"PC_ElectionID":4348,"Election_Name":"Gubernatorial General Election","Election_Year":2026,"Election_Type":"4","GIS_Publication_Status":"1","PC_ServiceAreaType":"4 Day"}},{"type":"Feature","id":6267,"geometry":{"type":"Point","coordinates":[-118.042842276383,34.0152240199629]},"properties":{"OBJECTID":6267,"globalid":"17c6b209-8b5e-44e2-9222-33c3de9c8b98","VCID":5969,"PC_AssignedServiceArea":"4523000B","PC_BuildingName":"Mill Elementary School","PC_RoomArea":"Multi-Purpose Room Gate M","PC_BuildingFullAddress":"4030 Workman Mill Rd Whittier, CA 90601","PC_BuildingAddress":"4030 Workman Mill Rd","PC_BuildingCity":"Whittier","PC_BuildingZip":90601,"PC_AllocatedBMDs":15,"PC_AllocatedEPBs":5,"PC_FacilityType":"Public","PC_SupervisorialDistrict":4,"PC_AllocatedSize":"15 - Standard","PC_MaxNumBMDs":114,"PC_MaxNumEPBs":0,"CIC_Number":null,"PC_ElectionID":4348,"Election_Name":"Gubernatorial General Election","Election_Year":2026,"Election_Type":"4","GIS_Publication_Status":"1","PC_ServiceAreaType":"4 Day"}},{"type":"Feature","id":6268,"geometry":{"type":"Point","coordinates":[-118.178371580426,33.9876542249371]},"properties":{"OBJECTID":6268,"globalid":"6138ece1-6510-4ad9-8b46-b7177c8fbfca","VCID":5237,"PC_AssignedServiceArea":"4420000B","PC_BuildingName":"Southeast Rio Vista YMCA","PC_RoomArea":"Assembly Room","PC_BuildingFullAddress":"4801 E 58th St Maywood, CA 90270","PC_BuildingAddress":"4801 E 58th St","PC_BuildingCity":"Maywood","PC_BuildingZip":90270,"PC_AllocatedBMDs":15,"PC_AllocatedEPBs":5,"PC_FacilityType":"Private","PC_SupervisorialDistrict":null,"PC_AllocatedSize":"15 - Standard","PC_MaxNumBMDs":68,"PC_MaxNumEPBs":8,"CIC_Number":null,"PC_ElectionID":4348,"Election_Name":"Gubernatorial General Election","Election_Year":2026,"Election_Type":"4","GIS_Publication_Status":"1","PC_ServiceAreaType":"4 Day"}},{"type":"Feature","id":6269,"geometry":{"type":"Point","coordinates":[-118.248117862878,33.9610657255626]},"properties":{"OBJECTID":6269,"globalid":"4cd79180-c124-4048-83f1-5e4f2222fcfb","VCID":15035,"PC_AssignedServiceArea":"2230000B","PC_BuildingName":"Charles Drew Middle School","PC_RoomArea":"Gymnasium","PC_BuildingFullAddress":"8511 Compton Ave Los Angeles, CA 90001","PC_BuildingAddress":"8511 Compton Ave","PC_BuildingCity":"Los Angeles","PC_BuildingZip":90001,"PC_AllocatedBMDs":15,"PC_AllocatedEPBs":5,"PC_FacilityType":"Public","PC_SupervisorialDistrict":2,"PC_AllocatedSize":"15 - Standard","PC_MaxNumBMDs":40,"PC_MaxNumEPBs":11,"CIC_Number":null,"PC_ElectionID":4348,"Election_Name":"Gubernatorial General Election","Election_Year":2026,"Election_Type":"4","GIS_Publication_Status":"1","PC_ServiceAreaType":"4 Day"}},{"type":"Feature","id":6270,"geometry":{"type":"Point","coordinates":[-118.216530915162,34.0869278919098]},"properties":{"OBJECTID":6270,"globalid":"4d95ee6d-3368-4c85-9d76-85bfa7e4d96b","VCID":5947,"PC_AssignedServiceArea":"1900017B","PC_BuildingName":"Loreto Street Elementary School","PC_RoomArea":"Auditorium","PC_BuildingFullAddress":"3408 Arroyo Seco Ave Los Angeles, CA 90065","PC_BuildingAddress":"3408 Arroyo Seco Ave","PC_BuildingCity":"Los Angeles","PC_BuildingZip":90065,"PC_AllocatedBMDs":15,"PC_AllocatedEPBs":5,"PC_FacilityType":"Public","PC_SupervisorialDistrict":1,"PC_AllocatedSize":"15 - Standard","PC_MaxNumBMDs":50,"PC_MaxNumEPBs":23,"CIC_Number":null,"PC_ElectionID":4348,"Election_Name":"Gubernatorial General Election","Election_Year":2026,"Election_Type":"4","GIS_Publication_Status":"1","PC_ServiceAreaType":"4 Day"}},{"type":"Feature","id":6271,"geometry":{"type":"Point","coordinates":[-118.120188048734,34.1448923966806]},"properties":{"OBJECTID":6271,"globalid":"217c74ef-06b8-47d5-bcf8-bd83549840ac","VCID":13885,"PC_AssignedServiceArea":"5515071B","PC_BuildingName":"Pasadena City College","PC_RoomArea":"Creveling Lounge","PC_BuildingFullAddress":"1570 E Colorado Blvd Pasadena, CA 91106","PC_BuildingAddress":"1570 E Colorado Blvd","PC_BuildingCity":"Pasadena","PC_BuildingZip":91106,"PC_AllocatedBMDs":45,"PC_AllocatedEPBs":12,"PC_FacilityType":"Public","PC_SupervisorialDistrict":5,"PC_AllocatedSize":"45 - Extra Large","PC_MaxNumBMDs":210,"PC_MaxNumEPBs":15,"CIC_Number":null,"PC_ElectionID":4348,"Election_Name":"Gubernatorial General Election","Election_Year":2026,"Election_Type":"4","GIS_Publication_Status":"1","PC_ServiceAreaType":"4 Day"}},{"type":"Feature","id":6272,"geometry":{"type":"Point","coordinates":[-118.688701384874,34.0372437134684]},"properties":{"OBJECTID":6272,"globalid":"6592261b-78a9-4cca-bafa-eb89d9357e37","VCID":17031,"PC_AssignedServiceArea":"3405000B","PC_BuildingName":"Malibu Library","PC_RoomArea":"Meeting Room","PC_BuildingFullAddress":"23519 W Civic Center Way  Malibu, CA 90265","PC_BuildingAddress":"23519 W Civic Center Way ","PC_BuildingCity":"Malibu","PC_BuildingZip":90265,"PC_AllocatedBMDs":15,"PC_AllocatedEPBs":5,"PC_FacilityType":"Public","PC_SupervisorialDistrict":3,"PC_AllocatedSize":"15 - Standard","PC_MaxNumBMDs":251,"PC_MaxNumEPBs":15,"CIC_Number":null,"PC_ElectionID":4348,"Election_Name":"Gubernatorial General Election","Election_Year":2026,"Election_Type":"4","GIS_Publication_Status":"1","PC_ServiceAreaType":"4 Day"}},{"type":"Feature","id":6273,"geometry":{"type":"Point","coordinates":[-118.25701564383,34.1394906067647]},"properties":{"OBJECTID":6273,"globalid":"b5f56165-4881-4617-8bc2-675aa9320fd5","VCID":14179,"PC_AssignedServiceArea":"5255007B","PC_BuildingName":"Glendale Youth Center","PC_RoomArea":"Main Room and Waiting Room","PC_BuildingFullAddress":"211 W Chestnut St Glendale, CA 91204","PC_BuildingAddress":"211 W Chestnut St","PC_BuildingCity":"Glendale","PC_BuildingZip":91204,"PC_AllocatedBMDs":25,"PC_AllocatedEPBs":7,"PC_FacilityType":"Private","PC_SupervisorialDistrict":5,"PC_AllocatedSize":"25 - Large","PC_MaxNumBMDs":68,"PC_MaxNumEPBs":62,"CIC_Number":null,"PC_ElectionID":4348,"Election_Name":"Gubernatorial General Election","Election_Year":2026,"Election_Type":"4","GIS_Publication_Status":"1","PC_ServiceAreaType":"4 Day"}},{"type":"Feature","id":6274,"geometry":{"type":"Point","coordinates":[-118.471924121945,33.9918207252206]},"properties":{"OBJECTID":6274,"globalid":"18e30190-62ca-48fb-a065-b04a48112c68","VCID":2229,"PC_AssignedServiceArea":"3900113B","PC_BuildingName":"Westminster Avenue Elementary School","PC_RoomArea":"Auditorium","PC_BuildingFullAddress":"1010 Abbot Kinney Blvd Venice, CA 90291","PC_BuildingAddress":"1010 Abbot Kinney Blvd","PC_BuildingCity":"Venice","PC_BuildingZip":90291,"PC_AllocatedBMDs":40,"PC_AllocatedEPBs":10,"PC_FacilityType":"Public","PC_SupervisorialDistrict":3,"PC_AllocatedSize":"40 - Extra Large","PC_MaxNumBMDs":50,"PC_MaxNumEPBs":46,"CIC_Number":null,"PC_ElectionID":4348,"Election_Name":"Gubernatorial General Election","Election_Year":2026,"Election_Type":"4","GIS_Publication_Status":"1","PC_ServiceAreaType":"4 Day"}},{"type":"Feature","id":6275,"geometry":{"type":"Point","coordinates":[-118.796038195322,34.0210299918469]},"properties":{"OBJECTID":6275,"globalid":"c8f9a328-1b8c-4f6b-b5e0-372a2d884454","VCID":14522,"PC_AssignedServiceArea":"3405001B","PC_BuildingName":"Christian Science Church-Malibu","PC_RoomArea":"Sunday School Building Reading Room","PC_BuildingFullAddress":"28635 Pacific Coast Hwy Malibu, CA 90265","PC_BuildingAddress":"28635 Pacific Coast Hwy","PC_BuildingCity":"Malibu","PC_BuildingZip":90265,"PC_AllocatedBMDs":15,"PC_AllocatedEPBs":5,"PC_FacilityType":"Private","PC_SupervisorialDistrict":3,"PC_AllocatedSize":"15 - Standard","PC_MaxNumBMDs":40,"PC_MaxNumEPBs":235,"CIC_Number":null,"PC_ElectionID":4348,"Election_Name":"Gubernatorial General Election","Election_Year":2026,"Election_Type":"4","GIS_Publication_Status":"1","PC_ServiceAreaType":"4 Day"}},{"type":"Feature","id":6276,"geometry":{"type":"Point","coordinates":[-118.067444003249,33.9869463178956]},"properties":{"OBJECTID":6276,"globalid":"79c48642-7f82-4e09-bc0e-2dd489978eb0","VCID":6447,"PC_AssignedServiceArea":"4390000B","PC_BuildingName":"West Whittier Elementary School","PC_RoomArea":"Cafetorium","PC_BuildingFullAddress":"6411 Norwalk Blvd  Whittier, CA 90606","PC_BuildingAddress":"6411 Norwalk Blvd ","PC_BuildingCity":"Whittier","PC_BuildingZip":90606,"PC_AllocatedBMDs":15,"PC_AllocatedEPBs":5,"PC_FacilityType":"Public","PC_SupervisorialDistrict":4,"PC_AllocatedSize":"15 - Standard","PC_MaxNumBMDs":40,"PC_MaxNumEPBs":17,"CIC_Number":null,"PC_ElectionID":4348,"Election_Name":"Gubernatorial General Election","Election_Year":2026,"Election_Type":"4","GIS_Publication_Status":"1","PC_ServiceAreaType":"4 Day"}},{"type":"Feature","id":6277,"geometry":{"type":"Point","coordinates":[-118.17660816861,33.9759731627082]},"properties":{"OBJECTID":6277,"globalid":"348cc7bf-b6df-4e06-8e99-c1217ce6d643","VCID":23329,"PC_AssignedServiceArea":"4070000B","PC_BuildingName":"Veterans Memorial Park","PC_RoomArea":"Clubhouse Room A","PC_BuildingFullAddress":"6500 Wilcox Ave Bell, CA 90201","PC_BuildingAddress":"6500 Wilcox Ave","PC_BuildingCity":"Bell","PC_BuildingZip":90201,"PC_AllocatedBMDs":15,"PC_AllocatedEPBs":5,"PC_FacilityType":"Public","PC_SupervisorialDistrict":4,"PC_AllocatedSize":"15 - Standard","PC_MaxNumBMDs":170,"PC_MaxNumEPBs":17,"CIC_Number":null,"PC_ElectionID":4348,"Election_Name":"Gubernatorial General Election","Election_Year":2026,"Election_Type":"4","GIS_Publication_Status":"1","PC_ServiceAreaType":"4 Day"}},{"type":"Feature","id":6278,"geometry":{"type":"Point","coordinates":[-118.057468003106,34.1068933054168]},"properties":{"OBJECTID":6278,"globalid":"3d7fdff3-8f65-41e1-8efd-027258b5f8dc","VCID":10859,"PC_AssignedServiceArea":"5035041B","PC_BuildingName":"Temple City Unified School District","PC_RoomArea":"Boardroom","PC_BuildingFullAddress":"9700 Las Tunas Dr Temple City, CA 91780","PC_BuildingAddress":"9700 Las Tunas Dr","PC_BuildingCity":"Temple City","PC_BuildingZip":91780,"PC_AllocatedBMDs":15,"PC_AllocatedEPBs":5,"PC_FacilityType":"Public","PC_SupervisorialDistrict":5,"PC_AllocatedSize":"15 - Standard","PC_MaxNumBMDs":110,"PC_MaxNumEPBs":23,"CIC_Number":null,"PC_ElectionID":4348,"Election_Name":"Gubernatorial General Election","Election_Year":2026,"Election_Type":"4","GIS_Publication_Status":"1","PC_ServiceAreaType":"4 Day"}},{"type":"Feature","id":6279,"geometry":{"type":"Point","coordinates":[-118.205387924223,34.0975081309896]},"properties":{"OBJECTID":6279,"globalid":"371628f3-663f-4850-9425-b024394564d8","VCID":603,"PC_AssignedServiceArea":"1900011B","PC_BuildingName":"Ramona Hall Community Center","PC_RoomArea":"Banquet Hall","PC_BuildingFullAddress":"4580 N Figueroa St Los Angeles, CA 90065","PC_BuildingAddress":"4580 N Figueroa St","PC_BuildingCity":"Los Angeles","PC_BuildingZip":90065,"PC_AllocatedBMDs":35,"PC_AllocatedEPBs":9,"PC_FacilityType":"Public","PC_SupervisorialDistrict":1,"PC_AllocatedSize":"35 - Extra Large","PC_MaxNumBMDs":68,"PC_MaxNumEPBs":20,"CIC_Number":null,"PC_ElectionID":4348,"Election_Name":"Gubernatorial General Election","Election_Year":2026,"Election_Type":"4","GIS_Publication_Status":"1","PC_ServiceAreaType":"4 Day"}},{"type":"Feature","id":6280,"geometry":{"type":"Point","coordinates":[-118.016941565912,34.1464112014593]},"properties":{"OBJECTID":6280,"globalid":"0e03ec33-ee96-4168-831f-35173c3389d2","VCID":2948,"PC_AssignedServiceArea":"5440001B","PC_BuildingName":"Monrovia High School","PC_RoomArea":"Room 210","PC_BuildingFullAddress":"845 W Colorado Blvd  Monrovia, CA 91016","PC_BuildingAddress":"845 W Colorado Blvd ","PC_BuildingCity":"Monrovia","PC_BuildingZip":91016,"PC_AllocatedBMDs":15,"PC_AllocatedEPBs":5,"PC_FacilityType":"Public","PC_SupervisorialDistrict":5,"PC_AllocatedSize":"15 - Standard","PC_MaxNumBMDs":114,"PC_MaxNumEPBs":7,"CIC_Number":null,"PC_ElectionID":4348,"Election_Name":"Gubernatorial General Election","Election_Year":2026,"Election_Type":"4","GIS_Publication_Status":"1","PC_ServiceAreaType":"4 Day"}},{"type":"Feature","id":6281,"geometry":{"type":"Point","coordinates":[-118.444864541472,33.9773878567014]},"properties":{"OBJECTID":6281,"globalid":"4123ef33-2c2a-41f9-b3b3-0003d47fac22","VCID":13359,"PC_AssignedServiceArea":"2900113B","PC_BuildingName":"Burton Chace Park","PC_RoomArea":"Community Building","PC_BuildingFullAddress":"13650 Mindanao Way Marina Del Rey, CA 90292","PC_BuildingAddress":"13650 Mindanao Way","PC_BuildingCity":"Marina Del Rey","PC_BuildingZip":90292,"PC_AllocatedBMDs":15,"PC_AllocatedEPBs":5,"PC_FacilityType":"Public","PC_SupervisorialDistrict":2,"PC_AllocatedSize":"15 - Standard","PC_MaxNumBMDs":40,"PC_MaxNumEPBs":13,"CIC_Number":null,"PC_ElectionID":4348,"Election_Name":"Gubernatorial General Election","Election_Year":2026,"Election_Type":"4","GIS_Publication_Status":"1","PC_ServiceAreaType":"4 Day"}},{"type":"Feature","id":6282,"geometry":{"type":"Point","coordinates":[-118.258802908273,33.8654873236327]},"properties":{"OBJECTID":6282,"globalid":"6c1ec609-2d68-4365-bc16-b5fd9662498d","VCID":3698,"PC_AssignedServiceArea":"2103010B","PC_BuildingName":"Cal State University Dominguez Hills","PC_RoomArea":"EE-1213","PC_BuildingFullAddress":"1000 E Victoria St Carson, CA 90747","PC_BuildingAddress":"1000 E Victoria St","PC_BuildingCity":"Carson","PC_BuildingZip":90747,"PC_AllocatedBMDs":15,"PC_AllocatedEPBs":7,"PC_FacilityType":"Public","PC_SupervisorialDistrict":2,"PC_AllocatedSize":"15 - Large","PC_MaxNumBMDs":170,"PC_MaxNumEPBs":52,"CIC_Number":null,"PC_ElectionID":4348,"Election_Name":"Gubernatorial General Election","Election_Year":2026,"Election_Type":"4","GIS_Publication_Status":"1","PC_ServiceAreaType":"4 Day"}},{"type":"Feature","id":6283,"geometry":{"type":"Point","coordinates":[-118.395675983171,34.0209781270982]},"properties":{"OBJECTID":6283,"globalid":"981714b8-a195-48f3-bbfc-f9d59bd7b67c","VCID":20935,"PC_AssignedServiceArea":"2160100A","PC_BuildingName":"Culver City City Hall","PC_RoomArea":"Patacchia Rooms 1st Floor","PC_BuildingFullAddress":"9770 Culver Blvd Culver City, CA 90232","PC_BuildingAddress":"9770 Culver Blvd","PC_BuildingCity":"Culver City","PC_BuildingZip":90232,"PC_AllocatedBMDs":15,"PC_AllocatedEPBs":5,"PC_FacilityType":"Public","PC_SupervisorialDistrict":2,"PC_AllocatedSize":"15 - Standard","PC_MaxNumBMDs":91,"PC_MaxNumEPBs":10,"CIC_Number":null,"PC_ElectionID":4348,"Election_Name":"Gubernatorial General Election","Election_Year":2026,"Election_Type":"4","GIS_Publication_Status":"1","PC_ServiceAreaType":"11 Day"}},{"type":"Feature","id":6284,"geometry":{"type":"Point","coordinates":[-118.501953688987,34.2597201062947]},"properties":{"OBJECTID":6284,"globalid":"5a8c6d41-8a2c-4855-97a2-658b15c74b4c","VCID":20892,"PC_AssignedServiceArea":"3900124H","PC_BuildingName":"Valley Korean United Methodist Church","PC_RoomArea":"Ed Bldg Lobby and Rooms 100 and 101","PC_BuildingFullAddress":"10408 Balboa Blvd Granada Hills, CA 91344","PC_BuildingAddress":"10408 Balboa Blvd","PC_BuildingCity":"Granada Hills","PC_BuildingZip":91344,"PC_AllocatedBMDs":15,"PC_AllocatedEPBs":5,"PC_FacilityType":"Private","PC_SupervisorialDistrict":3,"PC_AllocatedSize":"15 - Standard","PC_MaxNumBMDs":null,"PC_MaxNumEPBs":44,"CIC_Number":null,"PC_ElectionID":4348,"Election_Name":"Gubernatorial General Election","Election_Year":2026,"Election_Type":"4","GIS_Publication_Status":"1","PC_ServiceAreaType":"4 Day"}},{"type":"Feature","id":6285,"geometry":{"type":"Point","coordinates":[-118.353726754321,33.9168099687567]},"properties":{"OBJECTID":6285,"globalid":"8db238c0-b9ae-4ac4-822b-388a487e27d5","VCID":22361,"PC_AssignedServiceArea":"2270001B","PC_BuildingName":"Courtyard by Marriott LA-LAX Hawthorne","PC_RoomArea":"Hangar Room and Aviation Room","PC_BuildingFullAddress":"4427 W El Segundo Blvd Hawthorne, CA 90250","PC_BuildingAddress":"4427 W El Segundo Blvd","PC_BuildingCity":"Hawthorne","PC_BuildingZip":90250,"PC_AllocatedBMDs":15,"PC_AllocatedEPBs":5,"PC_FacilityType":"Private","PC_SupervisorialDistrict":2,"PC_AllocatedSize":"15 - Standard","PC_MaxNumBMDs":114,"PC_MaxNumEPBs":null,"CIC_Number":null,"PC_ElectionID":4348,"Election_Name":"Gubernatorial General Election","Election_Year":2026,"Election_Type":"4","GIS_Publication_Status":"1","PC_ServiceAreaType":"4 Day"}},{"type":"Feature","id":6286,"geometry":{"type":"Point","coordinates":[-118.562843317342,34.2023292439877]},"properties":{"OBJECTID":6286,"globalid":"2e9d6242-a6e7-47af-a135-616731db780b","VCID":13079,"PC_AssignedServiceArea":"3900031A","PC_BuildingName":"Vietnamese Association of SFV","PC_RoomArea":"Main Room","PC_BuildingFullAddress":"7245 Corbin Ave Winnetka, CA 91306","PC_BuildingAddress":"7245 Corbin Ave","PC_BuildingCity":"Winnetka","PC_BuildingZip":91306,"PC_AllocatedBMDs":15,"PC_AllocatedEPBs":5,"PC_FacilityType":"Private","PC_SupervisorialDistrict":3,"PC_AllocatedSize":"15 - Standard","PC_MaxNumBMDs":80,"PC_MaxNumEPBs":52,"CIC_Number":null,"PC_ElectionID":4348,"Election_Name":"Gubernatorial General Election","Election_Year":2026,"Election_Type":"4","GIS_Publication_Status":"1","PC_ServiceAreaType":"11 Day"}},{"type":"Feature","id":6287,"geometry":{"type":"Point","coordinates":[-117.970432850687,34.1393173876279]},"properties":{"OBJECTID":6287,"globalid":"d3234291-6e85-4194-aacb-ace0defa1365","VCID":17101,"PC_AssignedServiceArea":"5190011B","PC_BuildingName":"Duarte Community Center","PC_RoomArea":"Community Center","PC_BuildingFullAddress":"1600 Huntington Dr Duarte, CA 91010","PC_BuildingAddress":"1600 Huntington Dr","PC_BuildingCity":"Duarte","PC_BuildingZip":91010,"PC_AllocatedBMDs":15,"PC_AllocatedEPBs":5,"PC_FacilityType":"Public","PC_SupervisorialDistrict":5,"PC_AllocatedSize":"15 - Standard","PC_MaxNumBMDs":113,"PC_MaxNumEPBs":38,"CIC_Number":null,"PC_ElectionID":4348,"Election_Name":"Gubernatorial General Election","Election_Year":2026,"Election_Type":"4","GIS_Publication_Status":"1","PC_ServiceAreaType":"4 Day"}},{"type":"Feature","id":6288,"geometry":{"type":"Point","coordinates":[-118.41321682128,34.2762471973616]},"properties":{"OBJECTID":6288,"globalid":"8a11f53c-fa73-4c74-b87b-8baeafc9d04a","VCID":7762,"PC_AssignedServiceArea":"3605002B","PC_BuildingName":"Northeast Valley Multipurpose Sr Center","PC_RoomArea":"Multi-Purpose Room","PC_BuildingFullAddress":"11300 Glenoaks Blvd Pacoima, CA 91331","PC_BuildingAddress":"11300 Glenoaks Blvd","PC_BuildingCity":"Pacoima","PC_BuildingZip":91331,"PC_AllocatedBMDs":15,"PC_AllocatedEPBs":5,"PC_FacilityType":"Public","PC_SupervisorialDistrict":3,"PC_AllocatedSize":"15 - Standard","PC_MaxNumBMDs":45,"PC_MaxNumEPBs":36,"CIC_Number":null,"PC_ElectionID":4348,"Election_Name":"Gubernatorial General Election","Election_Year":2026,"Election_Type":"4","GIS_Publication_Status":"1","PC_ServiceAreaType":"4 Day"}},{"type":"Feature","id":6289,"geometry":{"type":"Point","coordinates":[-118.365262290733,33.8127904036535]},"properties":{"OBJECTID":6289,"globalid":"db595b61-87c4-44a8-9b38-06a62df7ead5","VCID":17147,"PC_AssignedServiceArea":"4715003B","PC_BuildingName":"South High School","PC_RoomArea":"Pavilion Gymnasium","PC_BuildingFullAddress":"4801 Pacific Coast Hwy  Torrance, CA 90505","PC_BuildingAddress":"4801 Pacific Coast Hwy ","PC_BuildingCity":"Torrance","PC_BuildingZip":90505,"PC_AllocatedBMDs":45,"PC_AllocatedEPBs":12,"PC_FacilityType":"Public","PC_SupervisorialDistrict":4,"PC_AllocatedSize":"45 - Extra Large","PC_MaxNumBMDs":90,"PC_MaxNumEPBs":14,"CIC_Number":null,"PC_ElectionID":4348,"Election_Name":"Gubernatorial General Election","Election_Year":2026,"Election_Type":"4","GIS_Publication_Status":"1","PC_ServiceAreaType":"4 Day"}},{"type":"Feature","id":6290,"geometry":{"type":"Point","coordinates":[-118.430098750321,34.4360838870417]},"properties":{"OBJECTID":6290,"globalid":"880dd329-0a48-467c-82af-bc65099dec67","VCID":18004,"PC_AssignedServiceArea":"5622001B","PC_BuildingName":"College of the Canyons-Canyon Country","PC_RoomArea":"Student Services Bldg 1st Floor Lobby","PC_BuildingFullAddress":"17200 Sierra Hwy Santa Clarita, CA 91351","PC_BuildingAddress":"17200 Sierra Hwy","PC_BuildingCity":"Santa Clarita","PC_BuildingZip":91351,"PC_AllocatedBMDs":15,"PC_AllocatedEPBs":7,"PC_FacilityType":"Public","PC_SupervisorialDistrict":null,"PC_AllocatedSize":"15 - Large","PC_MaxNumBMDs":80,"PC_MaxNumEPBs":16,"CIC_Number":null,"PC_ElectionID":4348,"Election_Name":"Gubernatorial General Election","Election_Year":2026,"Election_Type":"4","GIS_Publication_Status":"1","PC_ServiceAreaType":"4 Day"}},{"type":"Feature","id":6291,"geometry":{"type":"Point","coordinates":[-118.168317167912,34.0893568749903]},"properties":{"OBJECTID":6291,"globalid":"43074680-baa4-437c-9dc6-9ce6a47b948e","VCID":22222,"PC_AssignedServiceArea":"1900140D","PC_BuildingName":"El Sereno Branch Library","PC_RoomArea":"Meeting Room","PC_BuildingFullAddress":"5226 S Huntington Dr Los Angeles, CA 90032","PC_BuildingAddress":"5226 S Huntington Dr","PC_BuildingCity":"Los Angeles","PC_BuildingZip":90032,"PC_AllocatedBMDs":15,"PC_AllocatedEPBs":5,"PC_FacilityType":"Public","PC_SupervisorialDistrict":1,"PC_AllocatedSize":"15 - Standard","PC_MaxNumBMDs":160,"PC_MaxNumEPBs":25,"CIC_Number":null,"PC_ElectionID":4348,"Election_Name":"Gubernatorial General Election","Election_Year":2026,"Election_Type":"4","GIS_Publication_Status":"1","PC_ServiceAreaType":"4 Day"}},{"type":"Feature","id":6292,"geometry":{"type":"Point","coordinates":[-117.846765188376,34.1115141682738]},"properties":{"OBJECTID":6292,"globalid":"cd39d850-f629-4a13-b2be-db69bb21716f","VCID":15000,"PC_AssignedServiceArea":"5600031B","PC_BuildingName":"Sunflower Campus","PC_RoomArea":"Multi-Purpose Room","PC_BuildingFullAddress":"1505 S Sunflower Ave Glendora, CA 91740","PC_BuildingAddress":"1505 S Sunflower Ave","PC_BuildingCity":"Glendora","PC_BuildingZip":91740,"PC_AllocatedBMDs":15,"PC_AllocatedEPBs":5,"PC_FacilityType":"Public","PC_SupervisorialDistrict":5,"PC_AllocatedSize":"15 - Standard","PC_MaxNumBMDs":80,"PC_MaxNumEPBs":26,"CIC_Number":null,"PC_ElectionID":4348,"Election_Name":"Gubernatorial General Election","Election_Year":2026,"Election_Type":"4","GIS_Publication_Status":"1","PC_ServiceAreaType":"4 Day"}},{"type":"Feature","id":6293,"geometry":{"type":"Point","coordinates":[-118.495948210804,34.0222467264322]},"properties":{"OBJECTID":6293,"globalid":"bf058974-9cdf-498f-b787-327ad4e512c7","VCID":14998,"PC_AssignedServiceArea":"3625002B","PC_BuildingName":"Christine Emerson Reed Park","PC_RoomArea":"Joslyn Hall","PC_BuildingFullAddress":"1133 7th St Santa Monica, CA 90403","PC_BuildingAddress":"1133 7th St","PC_BuildingCity":"Santa Monica","PC_BuildingZip":90403,"PC_AllocatedBMDs":15,"PC_AllocatedEPBs":5,"PC_FacilityType":"Public","PC_SupervisorialDistrict":null,"PC_AllocatedSize":"15 - Standard","PC_MaxNumBMDs":114,"PC_MaxNumEPBs":36,"CIC_Number":null,"PC_ElectionID":4348,"Election_Name":"Gubernatorial General Election","Election_Year":2026,"Election_Type":"4","GIS_Publication_Status":"1","PC_ServiceAreaType":"4 Day"}},{"type":"Feature","id":6294,"geometry":{"type":"Point","coordinates":[-118.306116273952,33.8847479349084]},"properties":{"OBJECTID":6294,"globalid":"ee08b5db-8458-4f20-ae22-d4c85e4a805c","VCID":10895,"PC_AssignedServiceArea":"2250000A","PC_BuildingName":"Rush Gymnasium","PC_RoomArea":"Gymnasium","PC_BuildingFullAddress":"1651 W 162nd St Gardena, CA 90247","PC_BuildingAddress":"1651 W 162nd St","PC_BuildingCity":"Gardena","PC_BuildingZip":90247,"PC_AllocatedBMDs":45,"PC_AllocatedEPBs":12,"PC_FacilityType":"Public","PC_SupervisorialDistrict":null,"PC_AllocatedSize":"45 - Extra Large","PC_MaxNumBMDs":60,"PC_MaxNumEPBs":29,"CIC_Number":null,"PC_ElectionID":4348,"Election_Name":"Gubernatorial General Election","Election_Year":2026,"Election_Type":"4","GIS_Publication_Status":"1","PC_ServiceAreaType":"11 Day"}},{"type":"Feature","id":6295,"geometry":{"type":"Point","coordinates":[-118.376302269967,34.0452573547598]},"properties":{"OBJECTID":6295,"globalid":"011da0e0-58a3-4877-9ec0-761edf5d81d5","VCID":4856,"PC_AssignedServiceArea":"3900056B","PC_BuildingName":"Claude Pepper Senior Citizen Center","PC_RoomArea":"Auditorium","PC_BuildingFullAddress":"1762 S La Cienega Blvd Los Angeles, CA 90035","PC_BuildingAddress":"1762 S La Cienega Blvd","PC_BuildingCity":"Los Angeles","PC_BuildingZip":90035,"PC_AllocatedBMDs":15,"PC_AllocatedEPBs":5,"PC_FacilityType":"Public","PC_SupervisorialDistrict":2,"PC_AllocatedSize":"15 - Standard","PC_MaxNumBMDs":66,"PC_MaxNumEPBs":38,"CIC_Number":null,"PC_ElectionID":4348,"Election_Name":"Gubernatorial General Election","Election_Year":2026,"Election_Type":"4","GIS_Publication_Status":"1","PC_ServiceAreaType":"4 Day"}},{"type":"Feature","id":6296,"geometry":{"type":"Point","coordinates":[-118.255074018116,33.886063651337]},"properties":{"OBJECTID":6296,"globalid":"87c60205-bbd4-466b-84a0-c84de9766f8e","VCID":4490,"PC_AssignedServiceArea":"2145030B","PC_BuildingName":"Burrell-MacDonald Park","PC_RoomArea":"Multi-Purpose Room","PC_BuildingFullAddress":"2516 W Alondra Blvd  Compton, CA 90220","PC_BuildingAddress":"2516 W Alondra Blvd ","PC_BuildingCity":"Compton","PC_BuildingZip":90220,"PC_AllocatedBMDs":15,"PC_AllocatedEPBs":5,"PC_FacilityType":"Public","PC_SupervisorialDistrict":2,"PC_AllocatedSize":"15 - Standard","PC_MaxNumBMDs":91,"PC_MaxNumEPBs":34,"CIC_Number":null,"PC_ElectionID":4348,"Election_Name":"Gubernatorial General Election","Election_Year":2026,"Election_Type":"4","GIS_Publication_Status":"1","PC_ServiceAreaType":"4 Day"}},{"type":"Feature","id":6297,"geometry":{"type":"Point","coordinates":[-118.141406415427,33.9152154215446]},"properties":{"OBJECTID":6297,"globalid":"7c5ee29d-912e-451f-8b34-7457a223b37d","VCID":3323,"PC_AssignedServiceArea":"4510001B","PC_BuildingName":"Ward Elementary School","PC_RoomArea":"Cafeteria","PC_BuildingFullAddress":"8851 Adoree St Downey, CA 90242","PC_BuildingAddress":"8851 Adoree St","PC_BuildingCity":"Downey","PC_BuildingZip":90242,"PC_AllocatedBMDs":15,"PC_AllocatedEPBs":5,"PC_FacilityType":"Public","PC_SupervisorialDistrict":4,"PC_AllocatedSize":"15 - Standard","PC_MaxNumBMDs":90,"PC_MaxNumEPBs":47,"CIC_Number":null,"PC_ElectionID":4348,"Election_Name":"Gubernatorial General Election","Election_Year":2026,"Election_Type":"4","GIS_Publication_Status":"1","PC_ServiceAreaType":"4 Day"}},{"type":"Feature","id":6298,"geometry":{"type":"Point","coordinates":[-118.592760551778,34.2569436932233]},"properties":{"OBJECTID":6298,"globalid":"9fdce805-8684-44cd-97d0-82a29497d21e","VCID":194,"PC_AssignedServiceArea":"3900129B","PC_BuildingName":"Chatsworth Branch Library","PC_RoomArea":"Meeting Room","PC_BuildingFullAddress":"21052 Devonshire St Chatsworth, CA 91311","PC_BuildingAddress":"21052 Devonshire St","PC_BuildingCity":"Chatsworth","PC_BuildingZip":91311,"PC_AllocatedBMDs":15,"PC_AllocatedEPBs":5,"PC_FacilityType":"Public","PC_SupervisorialDistrict":3,"PC_AllocatedSize":"15 - Standard","PC_MaxNumBMDs":134,"PC_MaxNumEPBs":12,"CIC_Number":null,"PC_ElectionID":4348,"Election_Name":"Gubernatorial General Election","Election_Year":2026,"Election_Type":"4","GIS_Publication_Status":"1","PC_ServiceAreaType":"4 Day"}},{"type":"Feature","id":6299,"geometry":{"type":"Point","coordinates":[-118.074966257825,33.963841398298]},"properties":{"OBJECTID":6299,"globalid":"d1117fee-d9ac-4555-908c-f48e67ee053a","VCID":5819,"PC_AssignedServiceArea":"4623000B","PC_BuildingName":"Los Nietos Middle School STEAM Academy","PC_RoomArea":"Cafeteria","PC_BuildingFullAddress":"11425 Rivera Rd Los Nietos, CA 90606","PC_BuildingAddress":"11425 Rivera Rd","PC_BuildingCity":"Los Nietos","PC_BuildingZip":90606,"PC_AllocatedBMDs":15,"PC_AllocatedEPBs":5,"PC_FacilityType":"Public","PC_SupervisorialDistrict":null,"PC_AllocatedSize":"15 - Standard","PC_MaxNumBMDs":90,"PC_MaxNumEPBs":26,"CIC_Number":null,"PC_ElectionID":4348,"Election_Name":"Gubernatorial General Election","Election_Year":2026,"Election_Type":"4","GIS_Publication_Status":"1","PC_ServiceAreaType":"4 Day"}},{"type":"Feature","id":6300,"geometry":{"type":"Point","coordinates":[-118.434429870282,34.2149068145068]},"properties":{"OBJECTID":6300,"globalid":"f1fb51e1-19c5-413d-b041-00e30092cb40","VCID":5884,"PC_AssignedServiceArea":"3900022B","PC_BuildingName":"Ranchito Avenue Elementary School","PC_RoomArea":"Auditorium","PC_BuildingFullAddress":"7940 Ranchito Ave Panorama City, CA 91402","PC_BuildingAddress":"7940 Ranchito Ave","PC_BuildingCity":"Panorama City","PC_BuildingZip":91402,"PC_AllocatedBMDs":15,"PC_AllocatedEPBs":5,"PC_FacilityType":"Public","PC_SupervisorialDistrict":3,"PC_AllocatedSize":"15 - Standard","PC_MaxNumBMDs":66,"PC_MaxNumEPBs":27,"CIC_Number":null,"PC_ElectionID":4348,"Election_Name":"Gubernatorial General Election","Election_Year":2026,"Election_Type":"4","GIS_Publication_Status":"1","PC_ServiceAreaType":"4 Day"}},{"type":"Feature","id":6301,"geometry":{"type":"Point","coordinates":[-118.286560163666,33.7390138129761]},"properties":{"OBJECTID":6301,"globalid":"7682683b-a43f-475a-81a4-e74033f2c1d0","VCID":22951,"PC_AssignedServiceArea":"4900152B","PC_BuildingName":"The Grand Annex Music Hall","PC_RoomArea":"Grand Annex Music Hall","PC_BuildingFullAddress":"434 W 6th St San Pedro, CA 90731","PC_BuildingAddress":"434 W 6th St","PC_BuildingCity":"San Pedro","PC_BuildingZip":90731,"PC_AllocatedBMDs":15,"PC_AllocatedEPBs":5,"PC_FacilityType":"Private","PC_SupervisorialDistrict":null,"PC_AllocatedSize":"15 - Standard","PC_MaxNumBMDs":90,"PC_MaxNumEPBs":45,"CIC_Number":null,"PC_ElectionID":4348,"Election_Name":"Gubernatorial General Election","Election_Year":2026,"Election_Type":"4","GIS_Publication_Status":"1","PC_ServiceAreaType":"4 Day"}},{"type":"Feature","id":6302,"geometry":{"type":"Point","coordinates":[-118.036974922701,33.9424528992182]},"properties":{"OBJECTID":6302,"globalid":"64b29118-9f2a-45ce-b79f-cb3eb3b08b3d","VCID":6769,"PC_AssignedServiceArea":"4780031A","PC_BuildingName":"Adventure Park","PC_RoomArea":"Gymnasium","PC_BuildingFullAddress":"10130 Gunn Ave Whittier, CA 90605","PC_BuildingAddress":"10130 Gunn Ave","PC_BuildingCity":"Whittier","PC_BuildingZip":90605,"PC_AllocatedBMDs":45,"PC_AllocatedEPBs":12,"PC_FacilityType":"Public","PC_SupervisorialDistrict":4,"PC_AllocatedSize":"45 - Extra Large","PC_MaxNumBMDs":90,"PC_MaxNumEPBs":20,"CIC_Number":null,"PC_ElectionID":4348,"Election_Name":"Gubernatorial General Election","Election_Year":2026,"Election_Type":"4","GIS_Publication_Status":"1","PC_ServiceAreaType":"11 Day"}},{"type":"Feature","id":6303,"geometry":{"type":"Point","coordinates":[-118.271473962934,34.1651297349385]},"properties":{"OBJECTID":6303,"globalid":"9cbab483-7c19-4a31-8641-71114e9c130f","VCID":17754,"PC_AssignedServiceArea":"5255008B","PC_BuildingName":"Eleanor J Toll Middle School","PC_RoomArea":"Malt Shop","PC_BuildingFullAddress":"700 Glenwood Rd  Glendale, CA 91202","PC_BuildingAddress":"700 Glenwood Rd ","PC_BuildingCity":"Glendale","PC_BuildingZip":91202,"PC_AllocatedBMDs":15,"PC_AllocatedEPBs":5,"PC_FacilityType":"Public","PC_SupervisorialDistrict":5,"PC_AllocatedSize":"15 - Standard","PC_MaxNumBMDs":152,"PC_MaxNumEPBs":39,"CIC_Number":null,"PC_ElectionID":4348,"Election_Name":"Gubernatorial General Election","Election_Year":2026,"Election_Type":"4","GIS_Publication_Status":"1","PC_ServiceAreaType":"4 Day"}},{"type":"Feature","id":6304,"geometry":{"type":"Point","coordinates":[-118.243719489128,33.9584100379209]},"properties":{"OBJECTID":6304,"globalid":"cc4ab97f-f45d-493d-a145-d67effe6459e","VCID":1906,"PC_AssignedServiceArea":"2900090D","PC_BuildingName":"Col Leon H Washington Park","PC_RoomArea":"Community Room","PC_BuildingFullAddress":"8908 S Maie Ave Los Angeles, CA 90002","PC_BuildingAddress":"8908 S Maie Ave","PC_BuildingCity":"Los Angeles","PC_BuildingZip":90002,"PC_AllocatedBMDs":15,"PC_AllocatedEPBs":5,"PC_FacilityType":"Public","PC_SupervisorialDistrict":2,"PC_AllocatedSize":"15 - Standard","PC_MaxNumBMDs":80,"PC_MaxNumEPBs":23,"CIC_Number":null,"PC_ElectionID":4348,"Election_Name":"Gubernatorial General Election","Election_Year":2026,"Election_Type":"4","GIS_Publication_Status":"1","PC_ServiceAreaType":"4 Day"}},{"type":"Feature","id":6305,"geometry":{"type":"Point","coordinates":[-118.515073772907,34.2548498294009]},"properties":{"OBJECTID":6305,"globalid":"b1818cfb-acbf-484f-8313-dd08b46e246b","VCID":22133,"PC_AssignedServiceArea":"3900123B","PC_BuildingName":"Andasol Avenue Elementary School","PC_RoomArea":"Auditorium","PC_BuildingFullAddress":"10126 Encino Ave Northridge, CA 91325","PC_BuildingAddress":"10126 Encino Ave","PC_BuildingCity":"Northridge","PC_BuildingZip":91325,"PC_AllocatedBMDs":15,"PC_AllocatedEPBs":5,"PC_FacilityType":"Public","PC_SupervisorialDistrict":3,"PC_AllocatedSize":"15 - Standard","PC_MaxNumBMDs":70,"PC_MaxNumEPBs":51,"CIC_Number":null,"PC_ElectionID":4348,"Election_Name":"Gubernatorial General Election","Election_Year":2026,"Election_Type":"4","GIS_Publication_Status":"1","PC_ServiceAreaType":"4 Day"}},{"type":"Feature","id":6306,"geometry":{"type":"Point","coordinates":[-118.110638488822,33.8036961549066]},"properties":{"OBJECTID":6306,"globalid":"413f5f79-becb-4d77-84e6-2b1c828c4267","VCID":8258,"PC_AssignedServiceArea":"4385051B","PC_BuildingName":"St Gregory's Episcopal Church","PC_RoomArea":"Francis Hall","PC_BuildingFullAddress":"6201 E Willow St Long Beach, CA 90815","PC_BuildingAddress":"6201 E Willow St","PC_BuildingCity":"Long Beach","PC_BuildingZip":90815,"PC_AllocatedBMDs":15,"PC_AllocatedEPBs":7,"PC_FacilityType":"Private","PC_SupervisorialDistrict":4,"PC_AllocatedSize":"15 - Large","PC_MaxNumBMDs":100,"PC_MaxNumEPBs":44,"CIC_Number":null,"PC_ElectionID":4348,"Election_Name":"Gubernatorial General Election","Election_Year":2026,"Election_Type":"4","GIS_Publication_Status":"1","PC_ServiceAreaType":"4 Day"}},{"type":"Feature","id":6307,"geometry":{"type":"Point","coordinates":[-118.614258841864,34.1426492404651]},"properties":{"OBJECTID":6307,"globalid":"b9436875-6329-4aab-a016-b6b8379d988b","VCID":5194,"PC_AssignedServiceArea":"3100000B","PC_BuildingName":"A C Stelle Middle School","PC_RoomArea":"Multi-Purpose Room","PC_BuildingFullAddress":"22450 Mulholland Hwy Calabasas, CA 91302","PC_BuildingAddress":"22450 Mulholland Hwy","PC_BuildingCity":"Calabasas","PC_BuildingZip":91302,"PC_AllocatedBMDs":15,"PC_AllocatedEPBs":5,"PC_FacilityType":"Public","PC_SupervisorialDistrict":3,"PC_AllocatedSize":"15 - Standard","PC_MaxNumBMDs":90,"PC_MaxNumEPBs":0,"CIC_Number":null,"PC_ElectionID":4348,"Election_Name":"Gubernatorial General Election","Election_Year":2026,"Election_Type":"4","GIS_Publication_Status":"1","PC_ServiceAreaType":"4 Day"}},{"type":"Feature","id":6308,"geometry":{"type":"Point","coordinates":[-118.474195969391,34.0503343892461]},"properties":{"OBJECTID":6308,"globalid":"6daafa48-bf4f-411e-9c9c-380b827eb64e","VCID":12389,"PC_AssignedServiceArea":"3625001B","PC_BuildingName":"Brentwood Science Magnet School","PC_RoomArea":"Auditorium","PC_BuildingFullAddress":"740 S Gretna Green Way Los Angeles, CA 90049","PC_BuildingAddress":"740 S Gretna Green Way","PC_BuildingCity":"Los Angeles","PC_BuildingZip":90049,"PC_AllocatedBMDs":25,"PC_AllocatedEPBs":7,"PC_FacilityType":"Public","PC_SupervisorialDistrict":3,"PC_AllocatedSize":"25 - Large","PC_MaxNumBMDs":80,"PC_MaxNumEPBs":139,"CIC_Number":null,"PC_ElectionID":4348,"Election_Name":"Gubernatorial General Election","Election_Year":2026,"Election_Type":"4","GIS_Publication_Status":"1","PC_ServiceAreaType":"4 Day"}},{"type":"Feature","id":6309,"geometry":{"type":"Point","coordinates":[-118.205663352204,33.9267574042659]},"properties":{"OBJECTID":6309,"globalid":"9ef59c4a-87e9-4540-8287-6480ac86b266","VCID":519,"PC_AssignedServiceArea":"4399000B","PC_BuildingName":"Henning Youth Center","PC_RoomArea":"Gymnasium","PC_BuildingFullAddress":"11409 Birch St Lynwood, CA 90262","PC_BuildingAddress":"11409 Birch St","PC_BuildingCity":"Lynwood","PC_BuildingZip":90262,"PC_AllocatedBMDs":25,"PC_AllocatedEPBs":7,"PC_FacilityType":"Public","PC_SupervisorialDistrict":4,"PC_AllocatedSize":"25 - Large","PC_MaxNumBMDs":84,"PC_MaxNumEPBs":30,"CIC_Number":null,"PC_ElectionID":4348,"Election_Name":"Gubernatorial General Election","Election_Year":2026,"Election_Type":"4","GIS_Publication_Status":"1","PC_ServiceAreaType":"4 Day"}},{"type":"Feature","id":6310,"geometry":{"type":"Point","coordinates":[-117.929565874256,34.0377572545231]},"properties":{"OBJECTID":6310,"globalid":"1efe9a1f-2feb-4259-bf36-4ab63a701c3f","VCID":14237,"PC_AssignedServiceArea":"1741000B","PC_BuildingName":"Valinda School of Academics","PC_RoomArea":"Multi-Purpose Room-Cafeteria","PC_BuildingFullAddress":"1030 Indian Summer Ave La Puente, CA 91744","PC_BuildingAddress":"1030 Indian Summer Ave","PC_BuildingCity":"La Puente","PC_BuildingZip":91744,"PC_AllocatedBMDs":15,"PC_AllocatedEPBs":5,"PC_FacilityType":"Public","PC_SupervisorialDistrict":1,"PC_AllocatedSize":"15 - Standard","PC_MaxNumBMDs":70,"PC_MaxNumEPBs":13,"CIC_Number":null,"PC_ElectionID":4348,"Election_Name":"Gubernatorial General Election","Election_Year":2026,"Election_Type":"4","GIS_Publication_Status":"1","PC_ServiceAreaType":"4 Day"}},{"type":"Feature","id":6311,"geometry":{"type":"Point","coordinates":[-118.572906317412,34.3931920949607]},"properties":{"OBJECTID":6311,"globalid":"3741bcff-b5f5-4e41-b21b-9cce43b54480","VCID":13894,"PC_AssignedServiceArea":"5736000B","PC_BuildingName":"Stevenson Ranch Library","PC_RoomArea":"Meeting Room","PC_BuildingFullAddress":"25950 The Old Rd Stevenson Ranch, CA 91381","PC_BuildingAddress":"25950 The Old Rd","PC_BuildingCity":"Stevenson Ranch","PC_BuildingZip":91381,"PC_AllocatedBMDs":15,"PC_AllocatedEPBs":5,"PC_FacilityType":"Public","PC_SupervisorialDistrict":5,"PC_AllocatedSize":"15 - Standard","PC_MaxNumBMDs":114,"PC_MaxNumEPBs":5,"CIC_Number":null,"PC_ElectionID":4348,"Election_Name":"Gubernatorial General Election","Election_Year":2026,"Election_Type":"4","GIS_Publication_Status":"1","PC_ServiceAreaType":"4 Day"}},{"type":"Feature","id":6312,"geometry":{"type":"Point","coordinates":[-118.287418500341,34.060185000411]},"properties":{"OBJECTID":6312,"globalid":"0e77e261-3499-4b70-b17f-ea5c15797ed6","VCID":24942,"PC_AssignedServiceArea":"2900010B","PC_BuildingName":"Korea Daily","PC_RoomArea":"Gallery","PC_BuildingFullAddress":"690 Wilshire Pl Los Angeles, CA 90005","PC_BuildingAddress":"690 Wilshire Pl","PC_BuildingCity":"Los Angeles","PC_BuildingZip":90005,"PC_AllocatedBMDs":15,"PC_AllocatedEPBs":5,"PC_FacilityType":"Private","PC_SupervisorialDistrict":2,"PC_AllocatedSize":"15 - Standard","PC_MaxNumBMDs":45,"PC_MaxNumEPBs":22,"CIC_Number":null,"PC_ElectionID":4348,"Election_Name":"Gubernatorial General Election","Election_Year":2026,"Election_Type":"4","GIS_Publication_Status":"1","PC_ServiceAreaType":"4 Day"}},{"type":"Feature","id":6313,"geometry":{"type":"Point","coordinates":[-118.459058319986,34.4164738364801]},"properties":{"OBJECTID":6313,"globalid":"8d105091-cc18-4f0f-a501-d84953ea2915","VCID":20891,"PC_AssignedServiceArea":"5622002B","PC_BuildingName":"Canyon Country Jo Anne Darcy Library","PC_RoomArea":"Community Room","PC_BuildingFullAddress":"18601 Soledad Canyon Rd Santa Clarita, CA 91351","PC_BuildingAddress":"18601 Soledad Canyon Rd","PC_BuildingCity":"Santa Clarita","PC_BuildingZip":91351,"PC_AllocatedBMDs":15,"PC_AllocatedEPBs":5,"PC_FacilityType":"Public","PC_SupervisorialDistrict":null,"PC_AllocatedSize":"15 - Standard","PC_MaxNumBMDs":250,"PC_MaxNumEPBs":21,"CIC_Number":null,"PC_ElectionID":4348,"Election_Name":"Gubernatorial General Election","Election_Year":2026,"Election_Type":"4","GIS_Publication_Status":"1","PC_ServiceAreaType":"4 Day"}},{"type":"Feature","id":6314,"geometry":{"type":"Point","coordinates":[-118.199001896792,34.4687559045423]},"properties":{"OBJECTID":6314,"globalid":"b0e897fa-b413-4401-8915-2a53c09becc4","VCID":12521,"PC_AssignedServiceArea":"5009001B","PC_BuildingName":"Acton Community Club","PC_RoomArea":"Clubhouse","PC_BuildingFullAddress":"3748 Nickels Ave Acton, CA 93510","PC_BuildingAddress":"3748 Nickels Ave","PC_BuildingCity":"Acton","PC_BuildingZip":93510,"PC_AllocatedBMDs":15,"PC_AllocatedEPBs":5,"PC_FacilityType":"Private","PC_SupervisorialDistrict":5,"PC_AllocatedSize":"15 - Standard","PC_MaxNumBMDs":114,"PC_MaxNumEPBs":29,"CIC_Number":null,"PC_ElectionID":4348,"Election_Name":"Gubernatorial General Election","Election_Year":2026,"Election_Type":"4","GIS_Publication_Status":"1","PC_ServiceAreaType":"4 Day"}},{"type":"Feature","id":6315,"geometry":{"type":"Point","coordinates":[-118.254632216064,33.937531381243]},"properties":{"OBJECTID":6315,"globalid":"08c76ac1-0b1a-4eb0-9555-d3c02080a585","VCID":2959,"PC_AssignedServiceArea":"2900154B","PC_BuildingName":"Maxine Waters Employment Center","PC_RoomArea":"Mobley Center","PC_BuildingFullAddress":"10925 S Central Ave Los Angeles, CA 90059","PC_BuildingAddress":"10925 S Central Ave","PC_BuildingCity":"Los Angeles","PC_BuildingZip":90059,"PC_AllocatedBMDs":15,"PC_AllocatedEPBs":5,"PC_FacilityType":"Public","PC_SupervisorialDistrict":2,"PC_AllocatedSize":"15 - Standard","PC_MaxNumBMDs":140,"PC_MaxNumEPBs":68,"CIC_Number":null,"PC_ElectionID":4348,"Election_Name":"Gubernatorial General Election","Election_Year":2026,"Election_Type":"4","GIS_Publication_Status":"1","PC_ServiceAreaType":"4 Day"}},{"type":"Feature","id":6316,"geometry":{"type":"Point","coordinates":[-118.697219218068,34.1623564535284]},"properties":{"OBJECTID":6316,"globalid":"c8b7c83b-33f5-46ef-8d27-221ed155f628","VCID":35454,"PC_AssignedServiceArea":"3100002B","PC_BuildingName":"Lupin Hill Elementary School","PC_RoomArea":"Music Room","PC_BuildingFullAddress":"26210 Adamor Rd Calabasas, CA 91302","PC_BuildingAddress":"26210 Adamor Rd","PC_BuildingCity":"Calabasas","PC_BuildingZip":91302,"PC_AllocatedBMDs":15,"PC_AllocatedEPBs":5,"PC_FacilityType":"Public","PC_SupervisorialDistrict":3,"PC_AllocatedSize":"15 - Standard","PC_MaxNumBMDs":50,"PC_MaxNumEPBs":0,"CIC_Number":null,"PC_ElectionID":4348,"Election_Name":"Gubernatorial General Election","Election_Year":2026,"Election_Type":"4","GIS_Publication_Status":"1","PC_ServiceAreaType":"4 Day"}},{"type":"Feature","id":6317,"geometry":{"type":"Point","coordinates":[-118.246381632706,34.6493446322674]},"properties":{"OBJECTID":6317,"globalid":"c0a53677-48ed-43ec-a621-983dccf428bd","VCID":29427,"PC_AssignedServiceArea":"5355003B","PC_BuildingName":"Mayflower Gardens Retirement Community","PC_RoomArea":"Dining Room","PC_BuildingFullAddress":"6570 W Avenue L 12  Lancaster, CA 93536","PC_BuildingAddress":"6570 W Avenue L 12 ","PC_BuildingCity":"Lancaster","PC_BuildingZip":93536,"PC_AllocatedBMDs":35,"PC_AllocatedEPBs":9,"PC_FacilityType":"Private","PC_SupervisorialDistrict":null,"PC_AllocatedSize":"35 - Extra Large","PC_MaxNumBMDs":60,"PC_MaxNumEPBs":10,"CIC_Number":null,"PC_ElectionID":4348,"Election_Name":"Gubernatorial General Election","Election_Year":2026,"Election_Type":"4","GIS_Publication_Status":"1","PC_ServiceAreaType":"4 Day"}},{"type":"Feature","id":6318,"geometry":{"type":"Point","coordinates":[-118.527679865556,34.1729712153601]},"properties":{"OBJECTID":6318,"globalid":"2e6b01f4-ebc6-4f88-ae10-e0acf74cebd6","VCID":14468,"PC_AssignedServiceArea":"3900060B","PC_BuildingName":"St Paul's United Methodist Church","PC_RoomArea":"Cappleman Hall","PC_BuildingFullAddress":"5619 Lindley Ave Tarzana, CA 91356","PC_BuildingAddress":"5619 Lindley Ave","PC_BuildingCity":"Tarzana","PC_BuildingZip":91356,"PC_AllocatedBMDs":15,"PC_AllocatedEPBs":7,"PC_FacilityType":"Private","PC_SupervisorialDistrict":3,"PC_AllocatedSize":"15 - Large","PC_MaxNumBMDs":91,"PC_MaxNumEPBs":57,"CIC_Number":null,"PC_ElectionID":4348,"Election_Name":"Gubernatorial General Election","Election_Year":2026,"Election_Type":"4","GIS_Publication_Status":"1","PC_ServiceAreaType":"4 Day"}},{"type":"Feature","id":6319,"geometry":{"type":"Point","coordinates":[-118.196869070312,33.9529423453019]},"properties":{"OBJECTID":6319,"globalid":"bc4c4a6c-0aa6-4ccd-9ccb-c7bd9c6b5dff","VCID":14914,"PC_AssignedServiceArea":"4655003B","PC_BuildingName":"South Gate Middle School","PC_RoomArea":"Auditorium","PC_BuildingFullAddress":"4100 Firestone Blvd South Gate, CA 90280","PC_BuildingAddress":"4100 Firestone Blvd","PC_BuildingCity":"South Gate","PC_BuildingZip":90280,"PC_AllocatedBMDs":15,"PC_AllocatedEPBs":5,"PC_FacilityType":"Public","PC_SupervisorialDistrict":4,"PC_AllocatedSize":"15 - Standard","PC_MaxNumBMDs":80,"PC_MaxNumEPBs":15,"CIC_Number":null,"PC_ElectionID":4348,"Election_Name":"Gubernatorial General Election","Election_Year":2026,"Election_Type":"4","GIS_Publication_Status":"1","PC_ServiceAreaType":"4 Day"}},{"type":"Feature","id":6320,"geometry":{"type":"Point","coordinates":[-118.169084361258,33.7968214463878]},"properties":{"OBJECTID":6320,"globalid":"f3be61ad-ad8f-40e7-bd13-5fcfbdcca14a","VCID":256,"PC_AssignedServiceArea":"4645000B","PC_BuildingName":"Signal Hill Public Library","PC_RoomArea":"Community Room","PC_BuildingFullAddress":"1800 E Hill St Signal Hill, CA 90755","PC_BuildingAddress":"1800 E Hill St","PC_BuildingCity":"Signal Hill","PC_BuildingZip":90755,"PC_AllocatedBMDs":15,"PC_AllocatedEPBs":5,"PC_FacilityType":"Public","PC_SupervisorialDistrict":null,"PC_AllocatedSize":"15 - Standard","PC_MaxNumBMDs":68,"PC_MaxNumEPBs":226,"CIC_Number":null,"PC_ElectionID":4348,"Election_Name":"Gubernatorial General Election","Election_Year":2026,"Election_Type":"4","GIS_Publication_Status":"1","PC_ServiceAreaType":"4 Day"}},{"type":"Feature","id":6321,"geometry":{"type":"Point","coordinates":[-118.139929648374,34.6986187601685]},"properties":{"OBJECTID":6321,"globalid":"be894c60-d996-4a41-9057-95b9574b66a5","VCID":118,"PC_AssignedServiceArea":"5355000A","PC_BuildingName":"Lancaster Library","PC_RoomArea":"Anna Davis Meeting Room","PC_BuildingFullAddress":"601 W Lancaster Blvd Lancaster, CA 93534","PC_BuildingAddress":"601 W Lancaster Blvd","PC_BuildingCity":"Lancaster","PC_BuildingZip":93534,"PC_AllocatedBMDs":15,"PC_AllocatedEPBs":5,"PC_FacilityType":"Public","PC_SupervisorialDistrict":5,"PC_AllocatedSize":"15 - Standard","PC_MaxNumBMDs":170,"PC_MaxNumEPBs":39,"CIC_Number":null,"PC_ElectionID":4348,"Election_Name":"Gubernatorial General Election","Election_Year":2026,"Election_Type":"4","GIS_Publication_Status":"1","PC_ServiceAreaType":"11 Day"}},{"type":"Feature","id":6322,"geometry":{"type":"Point","coordinates":[-118.251884153591,34.1025302586907]},"properties":{"OBJECTID":6322,"globalid":"8d7b1886-a5ec-4de5-9e10-6d0fbef1a6e6","VCID":1843,"PC_AssignedServiceArea":"1900130B","PC_BuildingName":"Allesandro Elementary School","PC_RoomArea":"Auditorium","PC_BuildingFullAddress":"2210 Riverside Dr Los Angeles, CA 90039","PC_BuildingAddress":"2210 Riverside Dr","PC_BuildingCity":"Los Angeles","PC_BuildingZip":90039,"PC_AllocatedBMDs":15,"PC_AllocatedEPBs":5,"PC_FacilityType":"Public","PC_SupervisorialDistrict":1,"PC_AllocatedSize":"15 - Standard","PC_MaxNumBMDs":68,"PC_MaxNumEPBs":14,"CIC_Number":null,"PC_ElectionID":4348,"Election_Name":"Gubernatorial General Election","Election_Year":2026,"Election_Type":"4","GIS_Publication_Status":"1","PC_ServiceAreaType":"4 Day"}},{"type":"Feature","id":6323,"geometry":{"type":"Point","coordinates":[-118.153342324628,34.0284698678383]},"properties":{"OBJECTID":6323,"globalid":"ecf9e65a-521f-47fa-a066-93732dcd9e84","VCID":12765,"PC_AssignedServiceArea":"1200002B","PC_BuildingName":"4th Street Elementary School","PC_RoomArea":"Auditorium","PC_BuildingFullAddress":"420 Amalia Ave Los Angeles, CA 90022","PC_BuildingAddress":"420 Amalia Ave","PC_BuildingCity":"Los Angeles","PC_BuildingZip":90022,"PC_AllocatedBMDs":15,"PC_AllocatedEPBs":5,"PC_FacilityType":"Public","PC_SupervisorialDistrict":1,"PC_AllocatedSize":"15 - Standard","PC_MaxNumBMDs":60,"PC_MaxNumEPBs":29,"CIC_Number":null,"PC_ElectionID":4348,"Election_Name":"Gubernatorial General Election","Election_Year":2026,"Election_Type":"4","GIS_Publication_Status":"1","PC_ServiceAreaType":"4 Day"}},{"type":"Feature","id":6324,"geometry":{"type":"Point","coordinates":[-118.373390631183,34.1632645431415]},"properties":{"OBJECTID":6324,"globalid":"c2279827-2663-4203-9131-438254dc5789","VCID":34806,"PC_AssignedServiceArea":"5900021B","PC_BuildingName":"Lankershim Arts Center","PC_RoomArea":"Gallery Performance Space","PC_BuildingFullAddress":"5108 Lankershim Blvd North Hollywood, CA 91601","PC_BuildingAddress":"5108 Lankershim Blvd","PC_BuildingCity":"North Hollywood","PC_BuildingZip":91601,"PC_AllocatedBMDs":15,"PC_AllocatedEPBs":5,"PC_FacilityType":"Public","PC_SupervisorialDistrict":5,"PC_AllocatedSize":"15 - Standard","PC_MaxNumBMDs":89,"PC_MaxNumEPBs":17,"CIC_Number":null,"PC_ElectionID":4348,"Election_Name":"Gubernatorial General Election","Election_Year":2026,"Election_Type":"4","GIS_Publication_Status":"1","PC_ServiceAreaType":"4 Day"}},{"type":"Feature","id":6325,"geometry":{"type":"Point","coordinates":[-118.443837899722,34.0589586715599]},"properties":{"OBJECTID":6325,"globalid":"e747cf14-595d-4096-b874-f9f5ce62f64b","VCID":11798,"PC_AssignedServiceArea":"3900059B","PC_BuildingName":"Hammer Museum","PC_RoomArea":"Annenberg Terrace","PC_BuildingFullAddress":"10899 Wilshire Blvd Los Angeles, CA 90024","PC_BuildingAddress":"10899 Wilshire Blvd","PC_BuildingCity":"Los Angeles","PC_BuildingZip":90024,"PC_AllocatedBMDs":15,"PC_AllocatedEPBs":7,"PC_FacilityType":"Public","PC_SupervisorialDistrict":3,"PC_AllocatedSize":"15 - Large","PC_MaxNumBMDs":30,"PC_MaxNumEPBs":5,"CIC_Number":null,"PC_ElectionID":4348,"Election_Name":"Gubernatorial General Election","Election_Year":2026,"Election_Type":"4","GIS_Publication_Status":"1","PC_ServiceAreaType":"4 Day"}},{"type":"Feature","id":6326,"geometry":{"type":"Point","coordinates":[-118.283238488179,33.7842765594668]},"properties":{"OBJECTID":6326,"globalid":"dc87ae31-9439-4ca7-b65c-69946f9897a9","VCID":17027,"PC_AssignedServiceArea":"4900155B","PC_BuildingName":"Los Angeles Harbor College","PC_RoomArea":"Dance Studio Room 140","PC_BuildingFullAddress":"1111 Figueroa Pl Wilmington, CA 90744","PC_BuildingAddress":"1111 Figueroa Pl","PC_BuildingCity":"Wilmington","PC_BuildingZip":90744,"PC_AllocatedBMDs":15,"PC_AllocatedEPBs":7,"PC_FacilityType":"Public","PC_SupervisorialDistrict":4,"PC_AllocatedSize":"15 - Large","PC_MaxNumBMDs":40,"PC_MaxNumEPBs":98,"CIC_Number":null,"PC_ElectionID":4348,"Election_Name":"Gubernatorial General Election","Election_Year":2026,"Election_Type":"4","GIS_Publication_Status":"1","PC_ServiceAreaType":"4 Day"}},{"type":"Feature","id":6327,"geometry":{"type":"Point","coordinates":[-118.309374657525,34.0016120449538]},"properties":{"OBJECTID":6327,"globalid":"6af4e50b-78d6-445e-be6c-4c85906b4026","VCID":13153,"PC_AssignedServiceArea":"2900082B","PC_BuildingName":"Barack Obama Global Preparation Academy","PC_RoomArea":"Gymnasium","PC_BuildingFullAddress":"1700 W 46th Blvd Los Angeles, CA 90062","PC_BuildingAddress":"1700 W 46th Blvd","PC_BuildingCity":"Los Angeles","PC_BuildingZip":90062,"PC_AllocatedBMDs":15,"PC_AllocatedEPBs":5,"PC_FacilityType":"Public","PC_SupervisorialDistrict":null,"PC_AllocatedSize":"15 - Standard","PC_MaxNumBMDs":120,"PC_MaxNumEPBs":23,"CIC_Number":null,"PC_ElectionID":4348,"Election_Name":"Gubernatorial General Election","Election_Year":2026,"Election_Type":"4","GIS_Publication_Status":"1","PC_ServiceAreaType":"4 Day"}},{"type":"Feature","id":6328,"geometry":{"type":"Point","coordinates":[-118.181572736969,33.9657230180275]},"properties":{"OBJECTID":6328,"globalid":"6167f7a6-aba7-4761-b5ed-75ff58fc39b0","VCID":4922,"PC_AssignedServiceArea":"4155000B","PC_BuildingName":"Clara Street Park","PC_RoomArea":"Multi-Purpose Room","PC_BuildingFullAddress":"4835 Clara St Cudahy, CA 90201","PC_BuildingAddress":"4835 Clara St","PC_BuildingCity":"Cudahy","PC_BuildingZip":90201,"PC_AllocatedBMDs":15,"PC_AllocatedEPBs":5,"PC_FacilityType":"Public","PC_SupervisorialDistrict":4,"PC_AllocatedSize":"15 - Standard","PC_MaxNumBMDs":50,"PC_MaxNumEPBs":51,"CIC_Number":null,"PC_ElectionID":4348,"Election_Name":"Gubernatorial General Election","Election_Year":2026,"Election_Type":"4","GIS_Publication_Status":"1","PC_ServiceAreaType":"4 Day"}},{"type":"Feature","id":6329,"geometry":{"type":"Point","coordinates":[-117.908191785812,34.1168676351532]},"properties":{"OBJECTID":6329,"globalid":"95476450-7856-4718-8715-0ec90d666170","VCID":17438,"PC_AssignedServiceArea":"1055001B","PC_BuildingName":"Altar Foursquare Church","PC_RoomArea":"Fellowship Hall","PC_BuildingFullAddress":"325 S Azusa Ave Azusa, CA 91702","PC_BuildingAddress":"325 S Azusa Ave","PC_BuildingCity":"Azusa","PC_BuildingZip":91702,"PC_AllocatedBMDs":25,"PC_AllocatedEPBs":7,"PC_FacilityType":"Private","PC_SupervisorialDistrict":1,"PC_AllocatedSize":"25 - Large","PC_MaxNumBMDs":113,"PC_MaxNumEPBs":14,"CIC_Number":null,"PC_ElectionID":4348,"Election_Name":"Gubernatorial General Election","Election_Year":2026,"Election_Type":"4","GIS_Publication_Status":"1","PC_ServiceAreaType":"4 Day"}},{"type":"Feature","id":6330,"geometry":{"type":"Point","coordinates":[-118.108545782126,34.061362651425]},"properties":{"OBJECTID":6330,"globalid":"214c30a2-0d48-4834-af50-6ad61f4b3651","VCID":15038,"PC_AssignedServiceArea":"1450010A","PC_BuildingName":"Union Church LA","PC_RoomArea":"Kids Building","PC_BuildingFullAddress":"201 S New Ave Monterey Park, CA 91755","PC_BuildingAddress":"201 S New Ave","PC_BuildingCity":"Monterey Park","PC_BuildingZip":91755,"PC_AllocatedBMDs":15,"PC_AllocatedEPBs":5,"PC_FacilityType":"Private","PC_SupervisorialDistrict":1,"PC_AllocatedSize":"15 - Standard","PC_MaxNumBMDs":90,"PC_MaxNumEPBs":25,"CIC_Number":null,"PC_ElectionID":4348,"Election_Name":"Gubernatorial General Election","Election_Year":2026,"Election_Type":"4","GIS_Publication_Status":"1","PC_ServiceAreaType":"11 Day"}},{"type":"Feature","id":6331,"geometry":{"type":"Point","coordinates":[-118.560877134361,34.1725194735307]},"properties":{"OBJECTID":6331,"globalid":"35b8f69d-522d-4861-8ad5-1b1818cebf70","VCID":5281,"PC_AssignedServiceArea":"3900032A","PC_BuildingName":"Hollywood Masonic Lodge 355","PC_RoomArea":"Banquet Hall","PC_BuildingFullAddress":"19626 Ventura Blvd Tarzana, CA 91356","PC_BuildingAddress":"19626 Ventura Blvd","PC_BuildingCity":"Tarzana","PC_BuildingZip":91356,"PC_AllocatedBMDs":35,"PC_AllocatedEPBs":9,"PC_FacilityType":"Private","PC_SupervisorialDistrict":3,"PC_AllocatedSize":"35 - Extra Large","PC_MaxNumBMDs":120,"PC_MaxNumEPBs":15,"CIC_Number":null,"PC_ElectionID":4348,"Election_Name":"Gubernatorial General Election","Election_Year":2026,"Election_Type":"4","GIS_Publication_Status":"1","PC_ServiceAreaType":"11 Day"}},{"type":"Feature","id":6332,"geometry":{"type":"Point","coordinates":[-118.477596663479,34.2680269421102]},"properties":{"OBJECTID":6332,"globalid":"b17b639a-47f7-4482-87cc-a9c7fed30e3d","VCID":5876,"PC_AssignedServiceArea":"3900125B","PC_BuildingName":"Haskell STEAM Magnet Elementary School","PC_RoomArea":"Auditorium","PC_BuildingFullAddress":"15850 Tulsa St  Granada Hills, CA 91344","PC_BuildingAddress":"15850 Tulsa St ","PC_BuildingCity":"Granada Hills","PC_BuildingZip":91344,"PC_AllocatedBMDs":15,"PC_AllocatedEPBs":5,"PC_FacilityType":"Public","PC_SupervisorialDistrict":3,"PC_AllocatedSize":"15 - Standard","PC_MaxNumBMDs":35,"PC_MaxNumEPBs":24,"CIC_Number":null,"PC_ElectionID":4348,"Election_Name":"Gubernatorial General Election","Election_Year":2026,"Election_Type":"4","GIS_Publication_Status":"1","PC_ServiceAreaType":"4 Day"}},{"type":"Feature","id":6333,"geometry":{"type":"Point","coordinates":[-117.742229562558,34.0330695140484]},"properties":{"OBJECTID":6333,"globalid":"c970607d-e8cf-4be3-9f91-345321e1903b","VCID":446,"PC_AssignedServiceArea":"1525031B","PC_BuildingName":"Philadelphia Park Community Center","PC_RoomArea":"Main Room","PC_BuildingFullAddress":"700 Philadelphia St Pomona, CA 91766","PC_BuildingAddress":"700 Philadelphia St","PC_BuildingCity":"Pomona","PC_BuildingZip":91766,"PC_AllocatedBMDs":15,"PC_AllocatedEPBs":5,"PC_FacilityType":"Public","PC_SupervisorialDistrict":1,"PC_AllocatedSize":"15 - Standard","PC_MaxNumBMDs":88,"PC_MaxNumEPBs":9,"CIC_Number":null,"PC_ElectionID":4348,"Election_Name":"Gubernatorial General Election","Election_Year":2026,"Election_Type":"4","GIS_Publication_Status":"1","PC_ServiceAreaType":"4 Day"}},{"type":"Feature","id":6334,"geometry":{"type":"Point","coordinates":[-118.589505199965,34.2334747702921]},"properties":{"OBJECTID":6334,"globalid":"ee39b766-ad13-461f-9107-6d5c706ed080","VCID":14318,"PC_AssignedServiceArea":"3900039B","PC_BuildingName":"Canoga Park Elks Lodge 2190","PC_RoomArea":"Main Hall","PC_BuildingFullAddress":"20925 Osborne St Canoga Park, CA 91304","PC_BuildingAddress":"20925 Osborne St","PC_BuildingCity":"Canoga Park","PC_BuildingZip":91304,"PC_AllocatedBMDs":15,"PC_AllocatedEPBs":5,"PC_FacilityType":"Private","PC_SupervisorialDistrict":3,"PC_AllocatedSize":"15 - Standard","PC_MaxNumBMDs":137,"PC_MaxNumEPBs":7,"CIC_Number":null,"PC_ElectionID":4348,"Election_Name":"Gubernatorial General Election","Election_Year":2026,"Election_Type":"4","GIS_Publication_Status":"1","PC_ServiceAreaType":"4 Day"}},{"type":"Feature","id":6335,"geometry":{"type":"Point","coordinates":[-118.285418055392,34.0600166820327]},"properties":{"OBJECTID":6335,"globalid":"15316f57-d798-4791-96f4-8fc66a7a7ec0","VCID":1316,"PC_AssignedServiceArea":"2900010F","PC_BuildingName":"Central American Resource Center","PC_RoomArea":"Basement","PC_BuildingFullAddress":"2845 W 7th St Los Angeles, CA 90005","PC_BuildingAddress":"2845 W 7th St","PC_BuildingCity":"Los Angeles","PC_BuildingZip":90005,"PC_AllocatedBMDs":15,"PC_AllocatedEPBs":5,"PC_FacilityType":"Private","PC_SupervisorialDistrict":null,"PC_AllocatedSize":"15 - Standard","PC_MaxNumBMDs":30,"PC_MaxNumEPBs":20,"CIC_Number":null,"PC_ElectionID":4348,"Election_Name":"Gubernatorial General Election","Election_Year":2026,"Election_Type":"4","GIS_Publication_Status":"1","PC_ServiceAreaType":"4 Day"}},{"type":"Feature","id":6336,"geometry":{"type":"Point","coordinates":[-118.374970033482,34.0528220004439]},"properties":{"OBJECTID":6336,"globalid":"add91cd5-f665-475d-b0ff-fdaca4ddeeda","VCID":25584,"PC_AssignedServiceArea":"2900100A","PC_BuildingName":"The Nowhere-Pico Treasure","PC_RoomArea":"Pico Treasure","PC_BuildingFullAddress":"6140 W Pico Blvd Los Angeles, CA 90035","PC_BuildingAddress":"6140 W Pico Blvd","PC_BuildingCity":"Los Angeles","PC_BuildingZip":90035,"PC_AllocatedBMDs":35,"PC_AllocatedEPBs":9,"PC_FacilityType":"Private","PC_SupervisorialDistrict":2,"PC_AllocatedSize":"35 - Extra Large","PC_MaxNumBMDs":137,"PC_MaxNumEPBs":18,"CIC_Number":null,"PC_ElectionID":4348,"Election_Name":"Gubernatorial General Election","Election_Year":2026,"Election_Type":"4","GIS_Publication_Status":"1","PC_ServiceAreaType":"11 Day"}},{"type":"Feature","id":6337,"geometry":{"type":"Point","coordinates":[-118.076049822583,34.7004213070337]},"properties":{"OBJECTID":6337,"globalid":"c770a985-848d-437a-86b1-3d99dd71a3b5","VCID":20941,"PC_AssignedServiceArea":"5790001B","PC_BuildingName":"Eastside Union School District","PC_RoomArea":"Training Rooms 105 and 106","PC_BuildingFullAddress":"44938 30th St E Lancaster, CA 93535","PC_BuildingAddress":"44938 30th St E","PC_BuildingCity":"Lancaster","PC_BuildingZip":93535,"PC_AllocatedBMDs":15,"PC_AllocatedEPBs":5,"PC_FacilityType":"Public","PC_SupervisorialDistrict":null,"PC_AllocatedSize":"15 - Standard","PC_MaxNumBMDs":0,"PC_MaxNumEPBs":null,"CIC_Number":null,"PC_ElectionID":4348,"Election_Name":"Gubernatorial General Election","Election_Year":2026,"Election_Type":"4","GIS_Publication_Status":"1","PC_ServiceAreaType":"4 Day"}},{"type":"Feature","id":6338,"geometry":{"type":"Point","coordinates":[-118.379159170581,33.8311268230064]},"properties":{"OBJECTID":6338,"globalid":"6b4cff87-6e01-45f2-be52-9cbd3006b86f","VCID":12864,"PC_AssignedServiceArea":"2555010B","PC_BuildingName":"Alta Vista Park","PC_RoomArea":"Community Center","PC_BuildingFullAddress":"715 Julia Ave Redondo Beach, CA 90277","PC_BuildingAddress":"715 Julia Ave","PC_BuildingCity":"Redondo Beach","PC_BuildingZip":90277,"PC_AllocatedBMDs":15,"PC_AllocatedEPBs":5,"PC_FacilityType":"Public","PC_SupervisorialDistrict":2,"PC_AllocatedSize":"15 - Standard","PC_MaxNumBMDs":91,"PC_MaxNumEPBs":24,"CIC_Number":null,"PC_ElectionID":4348,"Election_Name":"Gubernatorial General Election","Election_Year":2026,"Election_Type":"4","GIS_Publication_Status":"1","PC_ServiceAreaType":"4 Day"}},{"type":"Feature","id":6339,"geometry":{"type":"Point","coordinates":[-118.544398814095,34.1651343632871]},"properties":{"OBJECTID":6339,"globalid":"3d53c94c-8177-4ebf-b480-bafb8c261b85","VCID":14503,"PC_AssignedServiceArea":"3900030B","PC_BuildingName":"Wilbur Charter for Enriched Academics","PC_RoomArea":"Auditorium","PC_BuildingFullAddress":"5213 Crebs Ave Tarzana, CA 91356","PC_BuildingAddress":"5213 Crebs Ave","PC_BuildingCity":"Tarzana","PC_BuildingZip":91356,"PC_AllocatedBMDs":15,"PC_AllocatedEPBs":5,"PC_FacilityType":"Public","PC_SupervisorialDistrict":3,"PC_AllocatedSize":"15 - Standard","PC_MaxNumBMDs":65,"PC_MaxNumEPBs":69,"CIC_Number":null,"PC_ElectionID":4348,"Election_Name":"Gubernatorial General Election","Election_Year":2026,"Election_Type":"4","GIS_Publication_Status":"1","PC_ServiceAreaType":"4 Day"}},{"type":"Feature","id":6340,"geometry":{"type":"Point","coordinates":[-118.209489152554,33.9114618542479]},"properties":{"OBJECTID":6340,"globalid":"f6b0662c-2b0d-49b7-94a3-82abbf362f12","VCID":21796,"PC_AssignedServiceArea":"2145020B","PC_BuildingName":"City Banquet Hall","PC_RoomArea":"Room 206","PC_BuildingFullAddress":"2201 Long Beach Blvd Compton, CA 90221","PC_BuildingAddress":"2201 Long Beach Blvd","PC_BuildingCity":"Compton","PC_BuildingZip":90221,"PC_AllocatedBMDs":15,"PC_AllocatedEPBs":5,"PC_FacilityType":"Private","PC_SupervisorialDistrict":2,"PC_AllocatedSize":"15 - Standard","PC_MaxNumBMDs":22,"PC_MaxNumEPBs":20,"CIC_Number":null,"PC_ElectionID":4348,"Election_Name":"Gubernatorial General Election","Election_Year":2026,"Election_Type":"4","GIS_Publication_Status":"1","PC_ServiceAreaType":"4 Day"}},{"type":"Feature","id":6341,"geometry":{"type":"Point","coordinates":[-118.798844550611,34.1445324796701]},"properties":{"OBJECTID":6341,"globalid":"0c4b4526-276e-435e-80b7-d3e4270cb915","VCID":341,"PC_AssignedServiceArea":"3008000A","PC_BuildingName":"Westlake Village City Hall","PC_RoomArea":"Community and Fireside Rooms","PC_BuildingFullAddress":"31200 Oak Crest Dr Westlake Village, CA 91361","PC_BuildingAddress":"31200 Oak Crest Dr","PC_BuildingCity":"Westlake Village","PC_BuildingZip":91361,"PC_AllocatedBMDs":15,"PC_AllocatedEPBs":5,"PC_FacilityType":"Public","PC_SupervisorialDistrict":3,"PC_AllocatedSize":"15 - Standard","PC_MaxNumBMDs":30,"PC_MaxNumEPBs":11,"CIC_Number":null,"PC_ElectionID":4348,"Election_Name":"Gubernatorial General Election","Election_Year":2026,"Election_Type":"4","GIS_Publication_Status":"1","PC_ServiceAreaType":"11 Day"}},{"type":"Feature","id":6342,"geometry":{"type":"Point","coordinates":[-117.963100338548,34.5279308423211]},"properties":{"OBJECTID":6342,"globalid":"16a58b2e-6ff4-4a26-b0f2-d7269f18c7c8","VCID":4719,"PC_AssignedServiceArea":"5370001B","PC_BuildingName":"Keppel Union School District","PC_RoomArea":"Multi-Purpose Room","PC_BuildingFullAddress":"9330 E Avenue U Dr Littlerock, CA 93543","PC_BuildingAddress":"9330 E Avenue U Dr","PC_BuildingCity":"Littlerock","PC_BuildingZip":93543,"PC_AllocatedBMDs":15,"PC_AllocatedEPBs":5,"PC_FacilityType":"Public","PC_SupervisorialDistrict":5,"PC_AllocatedSize":"15 - Standard","PC_MaxNumBMDs":80,"PC_MaxNumEPBs":7,"CIC_Number":null,"PC_ElectionID":4348,"Election_Name":"Gubernatorial General Election","Election_Year":2026,"Election_Type":"4","GIS_Publication_Status":"1","PC_ServiceAreaType":"4 Day"}},{"type":"Feature","id":6343,"geometry":{"type":"Point","coordinates":[-118.295529900595,33.9030809638032]},"properties":{"OBJECTID":6343,"globalid":"37ba3ef9-f285-4576-a167-2b9fa69032a3","VCID":2230,"PC_AssignedServiceArea":"2900150B","PC_BuildingName":"Church of the Holy Communion","PC_RoomArea":"Parish Hall","PC_BuildingFullAddress":"1160 W 141st St Gardena, CA 90247","PC_BuildingAddress":"1160 W 141st St","PC_BuildingCity":"Gardena","PC_BuildingZip":90247,"PC_AllocatedBMDs":15,"PC_AllocatedEPBs":5,"PC_FacilityType":"Private","PC_SupervisorialDistrict":2,"PC_AllocatedSize":"15 - Standard","PC_MaxNumBMDs":40,"PC_MaxNumEPBs":37,"CIC_Number":null,"PC_ElectionID":4348,"Election_Name":"Gubernatorial General Election","Election_Year":2026,"Election_Type":"4","GIS_Publication_Status":"1","PC_ServiceAreaType":"4 Day"}},{"type":"Feature","id":6344,"geometry":{"type":"Point","coordinates":[-118.155710762264,34.1143238102651]},"properties":{"OBJECTID":6344,"globalid":"7076bb73-0c1d-4ad3-a6c7-b35853dde01d","VCID":257,"PC_AssignedServiceArea":"5660010B","PC_BuildingName":"South Pasadena Public Library","PC_RoomArea":"Library Community Room","PC_BuildingFullAddress":"1115 El Centro St South Pasadena, CA 91030","PC_BuildingAddress":"1115 El Centro St","PC_BuildingCity":"South Pasadena","PC_BuildingZip":91030,"PC_AllocatedBMDs":15,"PC_AllocatedEPBs":5,"PC_FacilityType":"Public","PC_SupervisorialDistrict":5,"PC_AllocatedSize":"15 - Standard","PC_MaxNumBMDs":21,"PC_MaxNumEPBs":32,"CIC_Number":null,"PC_ElectionID":4348,"Election_Name":"Gubernatorial General Election","Election_Year":2026,"Election_Type":"4","GIS_Publication_Status":"1","PC_ServiceAreaType":"4 Day"}},{"type":"Feature","id":6345,"geometry":{"type":"Point","coordinates":[-118.318191757347,33.8150675313962]},"properties":{"OBJECTID":6345,"globalid":"90cc4db6-229e-49e9-9b20-edf6baa54e1b","VCID":9915,"PC_AssignedServiceArea":"4715001B","PC_BuildingName":"J H Hull Middle School","PC_RoomArea":"Gymnasium","PC_BuildingFullAddress":"2080 W 231st St Torrance, CA 90501","PC_BuildingAddress":"2080 W 231st St","PC_BuildingCity":"Torrance","PC_BuildingZip":90501,"PC_AllocatedBMDs":45,"PC_AllocatedEPBs":12,"PC_FacilityType":"Public","PC_SupervisorialDistrict":null,"PC_AllocatedSize":"45 - Extra Large","PC_MaxNumBMDs":137,"PC_MaxNumEPBs":22,"CIC_Number":null,"PC_ElectionID":4348,"Election_Name":"Gubernatorial General Election","Election_Year":2026,"Election_Type":"4","GIS_Publication_Status":"1","PC_ServiceAreaType":"4 Day"}},{"type":"Feature","id":6346,"geometry":{"type":"Point","coordinates":[-118.319092857748,33.8052615746534]},"properties":{"OBJECTID":6346,"globalid":"b8e2083f-8589-4cd6-a029-3bc9306ddef1","VCID":122,"PC_AssignedServiceArea":"4900152A","PC_BuildingName":"Lomita Library","PC_RoomArea":"Don Knabe Meeting Room","PC_BuildingFullAddress":"24200 Narbonne Ave  Lomita, CA 90717","PC_BuildingAddress":"24200 Narbonne Ave ","PC_BuildingCity":"Lomita","PC_BuildingZip":90717,"PC_AllocatedBMDs":15,"PC_AllocatedEPBs":5,"PC_FacilityType":"Public","PC_SupervisorialDistrict":4,"PC_AllocatedSize":"15 - Standard","PC_MaxNumBMDs":70,"PC_MaxNumEPBs":69,"CIC_Number":null,"PC_ElectionID":4348,"Election_Name":"Gubernatorial General Election","Election_Year":2026,"Election_Type":"4","GIS_Publication_Status":"1","PC_ServiceAreaType":"11 Day"}},{"type":"Feature","id":6347,"geometry":{"type":"Point","coordinates":[-118.450484712264,34.3072982760104]},"properties":{"OBJECTID":6347,"globalid":"83fbab25-5835-48cc-b1e5-d8a0a33c5ad3","VCID":188,"PC_AssignedServiceArea":"3900070A","PC_BuildingName":"Sylmar Branch Library","PC_RoomArea":"Meeting Room","PC_BuildingFullAddress":"14561 Polk St Sylmar, CA 91342","PC_BuildingAddress":"14561 Polk St","PC_BuildingCity":"Sylmar","PC_BuildingZip":91342,"PC_AllocatedBMDs":15,"PC_AllocatedEPBs":5,"PC_FacilityType":"Public","PC_SupervisorialDistrict":3,"PC_AllocatedSize":"15 - Standard","PC_MaxNumBMDs":136,"PC_MaxNumEPBs":9,"CIC_Number":null,"PC_ElectionID":4348,"Election_Name":"Gubernatorial General Election","Election_Year":2026,"Election_Type":"4","GIS_Publication_Status":"1","PC_ServiceAreaType":"11 Day"}},{"type":"Feature","id":6348,"geometry":{"type":"Point","coordinates":[-118.317349137871,34.0456011812906]},"properties":{"OBJECTID":6348,"globalid":"090d70f1-ed7d-4100-8f4d-e65dc7f77b4d","VCID":24714,"PC_AssignedServiceArea":"2900104B","PC_BuildingName":"Pio Pico Middle School","PC_RoomArea":"Multi-Purpose Room","PC_BuildingFullAddress":"1512 Arlington Ave Los Angeles, CA 90019","PC_BuildingAddress":"1512 Arlington Ave","PC_BuildingCity":"Los Angeles","PC_BuildingZip":90019,"PC_AllocatedBMDs":15,"PC_AllocatedEPBs":5,"PC_FacilityType":"Public","PC_SupervisorialDistrict":2,"PC_AllocatedSize":"15 - Standard","PC_MaxNumBMDs":80,"PC_MaxNumEPBs":41,"CIC_Number":null,"PC_ElectionID":4348,"Election_Name":"Gubernatorial General Election","Election_Year":2026,"Election_Type":"4","GIS_Publication_Status":"1","PC_ServiceAreaType":"4 Day"}},{"type":"Feature","id":6349,"geometry":{"type":"Point","coordinates":[-118.466129683214,34.242369933431]},"properties":{"OBJECTID":6349,"globalid":"b7f433a9-84ab-4c33-9396-11d4dc3b89c7","VCID":8936,"PC_AssignedServiceArea":"3900070B","PC_BuildingName":"Sepulveda Middle School","PC_RoomArea":"Evans Hall","PC_BuildingFullAddress":"15330 Plummer St North Hills, CA 91343","PC_BuildingAddress":"15330 Plummer St","PC_BuildingCity":"North Hills","PC_BuildingZip":91343,"PC_AllocatedBMDs":45,"PC_AllocatedEPBs":12,"PC_FacilityType":"Public","PC_SupervisorialDistrict":3,"PC_AllocatedSize":"45 - Extra Large","PC_MaxNumBMDs":70,"PC_MaxNumEPBs":36,"CIC_Number":null,"PC_ElectionID":4348,"Election_Name":"Gubernatorial General Election","Election_Year":2026,"Election_Type":"4","GIS_Publication_Status":"1","PC_ServiceAreaType":"4 Day"}},{"type":"Feature","id":6350,"geometry":{"type":"Point","coordinates":[-118.263650878968,33.9905361538864]},"properties":{"OBJECTID":6350,"globalid":"8325d33b-0901-483b-b021-7ba875eafa82","VCID":12808,"PC_AssignedServiceArea":"2900097B","PC_BuildingName":"Los Angeles Academy Middle School","PC_RoomArea":"Multi-Purpose Room","PC_BuildingFullAddress":"644 E 56th St Los Angeles, CA 90011","PC_BuildingAddress":"644 E 56th St","PC_BuildingCity":"Los Angeles","PC_BuildingZip":90011,"PC_AllocatedBMDs":15,"PC_AllocatedEPBs":5,"PC_FacilityType":"Public","PC_SupervisorialDistrict":null,"PC_AllocatedSize":"15 - Standard","PC_MaxNumBMDs":140,"PC_MaxNumEPBs":49,"CIC_Number":null,"PC_ElectionID":4348,"Election_Name":"Gubernatorial General Election","Election_Year":2026,"Election_Type":"4","GIS_Publication_Status":"1","PC_ServiceAreaType":"4 Day"}},{"type":"Feature","id":6351,"geometry":{"type":"Point","coordinates":[-118.044298256368,34.0365014103381]},"properties":{"OBJECTID":6351,"globalid":"3c2ee48b-107b-4b29-a20d-d2f3d7c7c2db","VCID":20655,"PC_AssignedServiceArea":"1210032B","PC_BuildingName":"South El Monte High School","PC_RoomArea":"Professional Development Center","PC_BuildingFullAddress":"1001 Durfee Ave South El Monte, CA 91733","PC_BuildingAddress":"1001 Durfee Ave","PC_BuildingCity":"South El Monte","PC_BuildingZip":91733,"PC_AllocatedBMDs":15,"PC_AllocatedEPBs":5,"PC_FacilityType":"Public","PC_SupervisorialDistrict":1,"PC_AllocatedSize":"15 - Standard","PC_MaxNumBMDs":274,"PC_MaxNumEPBs":14,"CIC_Number":null,"PC_ElectionID":4348,"Election_Name":"Gubernatorial General Election","Election_Year":2026,"Election_Type":"4","GIS_Publication_Status":"1","PC_ServiceAreaType":"4 Day"}},{"type":"Feature","id":6352,"geometry":{"type":"Point","coordinates":[-118.024722961234,33.9254498827458]},"properties":{"OBJECTID":6352,"globalid":"b0f72224-ac5d-48c2-ae8c-21111f4b71b2","VCID":7408,"PC_AssignedServiceArea":"4670000B","PC_BuildingName":"South Whittier Library","PC_RoomArea":"Meeting Room","PC_BuildingFullAddress":"11543 Colima Rd Whittier, CA 90604","PC_BuildingAddress":"11543 Colima Rd","PC_BuildingCity":"Whittier","PC_BuildingZip":90604,"PC_AllocatedBMDs":15,"PC_AllocatedEPBs":5,"PC_FacilityType":"Public","PC_SupervisorialDistrict":4,"PC_AllocatedSize":"15 - Standard","PC_MaxNumBMDs":130,"PC_MaxNumEPBs":107,"CIC_Number":null,"PC_ElectionID":4348,"Election_Name":"Gubernatorial General Election","Election_Year":2026,"Election_Type":"4","GIS_Publication_Status":"1","PC_ServiceAreaType":"4 Day"}},{"type":"Feature","id":6353,"geometry":{"type":"Point","coordinates":[-118.242745096775,34.2237477306617]},"properties":{"OBJECTID":6353,"globalid":"5bb534f2-aec6-4c49-a258-f3ab41c34788","VCID":15016,"PC_AssignedServiceArea":"5461001B","PC_BuildingName":"Crescenta Valley High School","PC_RoomArea":"Cafeteria","PC_BuildingFullAddress":"2900 Community Ave La Crescenta, CA 91214","PC_BuildingAddress":"2900 Community Ave","PC_BuildingCity":"La Crescenta","PC_BuildingZip":91214,"PC_AllocatedBMDs":25,"PC_AllocatedEPBs":7,"PC_FacilityType":"Public","PC_SupervisorialDistrict":5,"PC_AllocatedSize":"25 - Large","PC_MaxNumBMDs":40,"PC_MaxNumEPBs":11,"CIC_Number":null,"PC_ElectionID":4348,"Election_Name":"Gubernatorial General Election","Election_Year":2026,"Election_Type":"4","GIS_Publication_Status":"1","PC_ServiceAreaType":"4 Day"}},{"type":"Feature","id":6354,"geometry":{"type":"Point","coordinates":[-118.414084499491,34.2874080002365]},"properties":{"OBJECTID":6354,"globalid":"24c64d97-7600-4ae8-b0f3-fc2d0ad79aca","VCID":26707,"PC_AssignedServiceArea":"5900071B","PC_BuildingName":"Calvary Baptist Church of Pacoima","PC_RoomArea":"Multi-Purpose Room","PC_BuildingFullAddress":"12928 Vaughn St San Fernando, CA 91340","PC_BuildingAddress":"12928 Vaughn St","PC_BuildingCity":"San Fernando","PC_BuildingZip":91340,"PC_AllocatedBMDs":15,"PC_AllocatedEPBs":5,"PC_FacilityType":"Private","PC_SupervisorialDistrict":3,"PC_AllocatedSize":"15 - Standard","PC_MaxNumBMDs":0,"PC_MaxNumEPBs":15,"CIC_Number":null,"PC_ElectionID":4348,"Election_Name":"Gubernatorial General Election","Election_Year":2026,"Election_Type":"4","GIS_Publication_Status":"1","PC_ServiceAreaType":"4 Day"}},{"type":"Feature","id":6355,"geometry":{"type":"Point","coordinates":[-117.909732541797,33.9675288760228]},"properties":{"OBJECTID":6355,"globalid":"a3756e1a-8fa4-4e83-9e6c-4331298915ad","VCID":2935,"PC_AssignedServiceArea":"1585002B","PC_BuildingName":"Rowland Heights Community Center","PC_RoomArea":"Multi-Purpose Room","PC_BuildingFullAddress":"18150 Pathfinder Rd Rowland Heights, CA 91748","PC_BuildingAddress":"18150 Pathfinder Rd","PC_BuildingCity":"Rowland Heights","PC_BuildingZip":91748,"PC_AllocatedBMDs":15,"PC_AllocatedEPBs":5,"PC_FacilityType":"Public","PC_SupervisorialDistrict":1,"PC_AllocatedSize":"15 - Standard","PC_MaxNumBMDs":45,"PC_MaxNumEPBs":41,"CIC_Number":null,"PC_ElectionID":4348,"Election_Name":"Gubernatorial General Election","Election_Year":2026,"Election_Type":"4","GIS_Publication_Status":"1","PC_ServiceAreaType":"4 Day"}},{"type":"Feature","id":6356,"geometry":{"type":"Point","coordinates":[-118.341720579486,33.9170061345742]},"properties":{"OBJECTID":6356,"globalid":"a4c440cb-8998-428b-a4fc-9bd008a10e5c","VCID":14805,"PC_AssignedServiceArea":"2270000A","PC_BuildingName":"Hawthorne Memorial Center","PC_RoomArea":"Venus Room","PC_BuildingFullAddress":"3901 W El Segundo Blvd Hawthorne, CA 90250","PC_BuildingAddress":"3901 W El Segundo Blvd","PC_BuildingCity":"Hawthorne","PC_BuildingZip":90250,"PC_AllocatedBMDs":25,"PC_AllocatedEPBs":7,"PC_FacilityType":"Public","PC_SupervisorialDistrict":2,"PC_AllocatedSize":"25 - Large","PC_MaxNumBMDs":68,"PC_MaxNumEPBs":8,"CIC_Number":null,"PC_ElectionID":4348,"Election_Name":"Gubernatorial General Election","Election_Year":2026,"Election_Type":"4","GIS_Publication_Status":"1","PC_ServiceAreaType":"11 Day"}},{"type":"Feature","id":6357,"geometry":{"type":"Point","coordinates":[-118.232978176459,34.0563318938379]},"properties":{"OBJECTID":6357,"globalid":"e0178c89-2d61-4e47-bdea-09848819d165","VCID":13232,"PC_AssignedServiceArea":"1900142C","PC_BuildingName":"Metro Headquarters","PC_RoomArea":"Plaza Level Lobby","PC_BuildingFullAddress":"1 Gateway Plz Los Angeles, CA 90012","PC_BuildingAddress":"1 Gateway Plz","PC_BuildingCity":"Los Angeles","PC_BuildingZip":90012,"PC_AllocatedBMDs":15,"PC_AllocatedEPBs":5,"PC_FacilityType":"Public","PC_SupervisorialDistrict":1,"PC_AllocatedSize":"15 - Standard","PC_MaxNumBMDs":5,"PC_MaxNumEPBs":14,"CIC_Number":null,"PC_ElectionID":4348,"Election_Name":"Gubernatorial General Election","Election_Year":2026,"Election_Type":"4","GIS_Publication_Status":"1","PC_ServiceAreaType":"11 Day"}},{"type":"Feature","id":6358,"geometry":{"type":"Point","coordinates":[-118.177427948413,34.0369078683255]},"properties":{"OBJECTID":6358,"globalid":"6e8ab24e-4dec-46e1-b5d5-ffab632ed38f","VCID":14901,"PC_AssignedServiceArea":"1085001B","PC_BuildingName":"Eugene A Obregon Park","PC_RoomArea":"Gymnasium","PC_BuildingFullAddress":"4021 E 1st St Los Angeles, CA 90063","PC_BuildingAddress":"4021 E 1st St","PC_BuildingCity":"Los Angeles","PC_BuildingZip":90063,"PC_AllocatedBMDs":15,"PC_AllocatedEPBs":5,"PC_FacilityType":"Public","PC_SupervisorialDistrict":null,"PC_AllocatedSize":"15 - Standard","PC_MaxNumBMDs":30,"PC_MaxNumEPBs":19,"CIC_Number":null,"PC_ElectionID":4348,"Election_Name":"Gubernatorial General Election","Election_Year":2026,"Election_Type":"4","GIS_Publication_Status":"1","PC_ServiceAreaType":"4 Day"}},{"type":"Feature","id":6359,"geometry":{"type":"Point","coordinates":[-118.262840034438,33.8303589977168]},"properties":{"OBJECTID":6359,"globalid":"c102ff7c-f677-4a2b-af19-1e73005ba232","VCID":29245,"PC_AssignedServiceArea":"2103040B","PC_BuildingName":"Adventure Onn Event Space","PC_RoomArea":"Event Space","PC_BuildingFullAddress":"21780 Avalon Blvd Suite 105 Carson, CA 90745","PC_BuildingAddress":"21780 Avalon Blvd Suite 105","PC_BuildingCity":"Carson","PC_BuildingZip":90745,"PC_AllocatedBMDs":15,"PC_AllocatedEPBs":5,"PC_FacilityType":"Private","PC_SupervisorialDistrict":2,"PC_AllocatedSize":"15 - Standard","PC_MaxNumBMDs":66,"PC_MaxNumEPBs":6,"CIC_Number":null,"PC_ElectionID":4348,"Election_Name":"Gubernatorial General Election","Election_Year":2026,"Election_Type":"4","GIS_Publication_Status":"1","PC_ServiceAreaType":"4 Day"}},{"type":"Feature","id":6360,"geometry":{"type":"Point","coordinates":[-117.916854536298,34.1124476774384]},"properties":{"OBJECTID":6360,"globalid":"3b64adb2-379f-4ae0-896a-021b980a1d9d","VCID":5778,"PC_AssignedServiceArea":"1060000A","PC_BuildingName":"Valleydale Park","PC_RoomArea":"Auditorium","PC_BuildingFullAddress":"5525 N Lark Ellen Ave Azusa, CA 91702","PC_BuildingAddress":"5525 N Lark Ellen Ave","PC_BuildingCity":"Azusa","PC_BuildingZip":91702,"PC_AllocatedBMDs":15,"PC_AllocatedEPBs":5,"PC_FacilityType":"Public","PC_SupervisorialDistrict":1,"PC_AllocatedSize":"15 - Standard","PC_MaxNumBMDs":68,"PC_MaxNumEPBs":39,"CIC_Number":null,"PC_ElectionID":4348,"Election_Name":"Gubernatorial General Election","Election_Year":2026,"Election_Type":"4","GIS_Publication_Status":"1","PC_ServiceAreaType":"11 Day"}},{"type":"Feature","id":6361,"geometry":{"type":"Point","coordinates":[-118.272068481593,34.0672384670764]},"properties":{"OBJECTID":6361,"globalid":"cf940680-4375-45ce-9231-6e70aae2cbdd","VCID":14016,"PC_AssignedServiceArea":"1900138B","PC_BuildingName":"Regis House Community Center","PC_RoomArea":"Library-Big Room","PC_BuildingFullAddress":"2212 Beverly Blvd Los Angeles, CA 90057","PC_BuildingAddress":"2212 Beverly Blvd","PC_BuildingCity":"Los Angeles","PC_BuildingZip":90057,"PC_AllocatedBMDs":15,"PC_AllocatedEPBs":5,"PC_FacilityType":"Private","PC_SupervisorialDistrict":1,"PC_AllocatedSize":"15 - Standard","PC_MaxNumBMDs":30,"PC_MaxNumEPBs":22,"CIC_Number":null,"PC_ElectionID":4348,"Election_Name":"Gubernatorial General Election","Election_Year":2026,"Election_Type":"4","GIS_Publication_Status":"1","PC_ServiceAreaType":"4 Day"}},{"type":"Feature","id":6362,"geometry":{"type":"Point","coordinates":[-118.329356821411,33.9961634265498]},"properties":{"OBJECTID":6362,"globalid":"b12d8fe1-3247-449c-a18e-8936b0a2604b","VCID":11729,"PC_AssignedServiceArea":"2900089B","PC_BuildingName":"Crenshaw High School","PC_RoomArea":"South Side Gymnasium","PC_BuildingFullAddress":"5010 11th Ave Los Angeles, CA 90043","PC_BuildingAddress":"5010 11th Ave","PC_BuildingCity":"Los Angeles","PC_BuildingZip":90043,"PC_AllocatedBMDs":15,"PC_AllocatedEPBs":5,"PC_FacilityType":"Public","PC_SupervisorialDistrict":null,"PC_AllocatedSize":"15 - Standard","PC_MaxNumBMDs":30,"PC_MaxNumEPBs":12,"CIC_Number":null,"PC_ElectionID":4348,"Election_Name":"Gubernatorial General Election","Election_Year":2026,"Election_Type":"4","GIS_Publication_Status":"1","PC_ServiceAreaType":"4 Day"}},{"type":"Feature","id":6363,"geometry":{"type":"Point","coordinates":[-118.329646846086,33.8832737534797]},"properties":{"OBJECTID":6363,"globalid":"a70b8f5d-0741-4806-9ba9-f52584593054","VCID":20942,"PC_AssignedServiceArea":"2250000B","PC_BuildingName":"El Camino Community College","PC_RoomArea":"South Gymnasium","PC_BuildingFullAddress":"16007 Crenshaw Blvd Torrance, CA 90506","PC_BuildingAddress":"16007 Crenshaw Blvd","PC_BuildingCity":"Torrance","PC_BuildingZip":90506,"PC_AllocatedBMDs":15,"PC_AllocatedEPBs":7,"PC_FacilityType":"Public","PC_SupervisorialDistrict":null,"PC_AllocatedSize":"15 - Large","PC_MaxNumBMDs":20,"PC_MaxNumEPBs":10,"CIC_Number":null,"PC_ElectionID":4348,"Election_Name":"Gubernatorial General Election","Election_Year":2026,"Election_Type":"4","GIS_Publication_Status":"1","PC_ServiceAreaType":"4 Day"}},{"type":"Feature","id":6364,"geometry":{"type":"Point","coordinates":[-118.379977254231,33.8475096235516]},"properties":{"OBJECTID":6364,"globalid":"4ae4cc62-10bb-46c7-8bfa-93805cd30904","VCID":10889,"PC_AssignedServiceArea":"2275000B","PC_BuildingName":"Beach Cities Health District","PC_RoomArea":"Redondo and Beach Cities Lower Level","PC_BuildingFullAddress":"514 N Prospect Ave Redondo Beach, CA 90277","PC_BuildingAddress":"514 N Prospect Ave","PC_BuildingCity":"Redondo Beach","PC_BuildingZip":90277,"PC_AllocatedBMDs":15,"PC_AllocatedEPBs":5,"PC_FacilityType":"Public","PC_SupervisorialDistrict":2,"PC_AllocatedSize":"15 - Standard","PC_MaxNumBMDs":73,"PC_MaxNumEPBs":10,"CIC_Number":null,"PC_ElectionID":4348,"Election_Name":"Gubernatorial General Election","Election_Year":2026,"Election_Type":"4","GIS_Publication_Status":"1","PC_ServiceAreaType":"4 Day"}},{"type":"Feature","id":6365,"geometry":{"type":"Point","coordinates":[-118.427206927188,33.9595144126536]},"properties":{"OBJECTID":6365,"globalid":"3a117b14-de75-4039-a2b5-302215b32007","VCID":14581,"PC_AssignedServiceArea":"2900111D","PC_BuildingName":"Westchester Enriched Sciences Magnets","PC_RoomArea":"Multi-Purpose Room","PC_BuildingFullAddress":"7400 W Manchester Ave Los Angeles, CA 90045","PC_BuildingAddress":"7400 W Manchester Ave","PC_BuildingCity":"Los Angeles","PC_BuildingZip":90045,"PC_AllocatedBMDs":15,"PC_AllocatedEPBs":5,"PC_FacilityType":"Public","PC_SupervisorialDistrict":2,"PC_AllocatedSize":"15 - Standard","PC_MaxNumBMDs":60,"PC_MaxNumEPBs":362,"CIC_Number":null,"PC_ElectionID":4348,"Election_Name":"Gubernatorial General Election","Election_Year":2026,"Election_Type":"4","GIS_Publication_Status":"1","PC_ServiceAreaType":"4 Day"}},{"type":"Feature","id":6366,"geometry":{"type":"Point","coordinates":[-117.753580796503,34.0575988069682]},"properties":{"OBJECTID":6366,"globalid":"1e8b28f4-d3d6-4987-96ae-0f471f5514fe","VCID":23150,"PC_AssignedServiceArea":"1525021B","PC_BuildingName":"African American Advisory Alliance","PC_RoomArea":"Cultural Center","PC_BuildingFullAddress":"406 W 2nd St Pomona, CA 91766","PC_BuildingAddress":"406 W 2nd St","PC_BuildingCity":"Pomona","PC_BuildingZip":91766,"PC_AllocatedBMDs":15,"PC_AllocatedEPBs":5,"PC_FacilityType":"Private","PC_SupervisorialDistrict":null,"PC_AllocatedSize":"15 - Standard","PC_MaxNumBMDs":67,"PC_MaxNumEPBs":6,"CIC_Number":null,"PC_ElectionID":4348,"Election_Name":"Gubernatorial General Election","Election_Year":2026,"Election_Type":"4","GIS_Publication_Status":"1","PC_ServiceAreaType":"4 Day"}},{"type":"Feature","id":6367,"geometry":{"type":"Point","coordinates":[-117.891598665073,34.0648866484077]},"properties":{"OBJECTID":6367,"globalid":"d9abba30-a894-475a-957a-0032bfc1e17a","VCID":5340,"PC_AssignedServiceArea":"1770042B","PC_BuildingName":"Cortez Park Community and Senior Center","PC_RoomArea":"North Wing","PC_BuildingFullAddress":"2501 E Cortez St West Covina, CA 91791","PC_BuildingAddress":"2501 E Cortez St","PC_BuildingCity":"West Covina","PC_BuildingZip":91791,"PC_AllocatedBMDs":25,"PC_AllocatedEPBs":7,"PC_FacilityType":"Public","PC_SupervisorialDistrict":1,"PC_AllocatedSize":"25 - Large","PC_MaxNumBMDs":60,"PC_MaxNumEPBs":67,"CIC_Number":null,"PC_ElectionID":4348,"Election_Name":"Gubernatorial General Election","Election_Year":2026,"Election_Type":"4","GIS_Publication_Status":"1","PC_ServiceAreaType":"4 Day"}},{"type":"Feature","id":6368,"geometry":{"type":"Point","coordinates":[-118.136094492001,33.8314277504575]},"properties":{"OBJECTID":6368,"globalid":"d1671a0d-fa03-4a66-8fca-a4d2c9d67639","VCID":10547,"PC_AssignedServiceArea":"4385050B","PC_BuildingName":"Long Beach City College","PC_RoomArea":"Multi-Purpose Room T1200","PC_BuildingFullAddress":"4901 E Carson St Long Beach, CA 90808","PC_BuildingAddress":"4901 E Carson St","PC_BuildingCity":"Long Beach","PC_BuildingZip":90808,"PC_AllocatedBMDs":25,"PC_AllocatedEPBs":9,"PC_FacilityType":"Public","PC_SupervisorialDistrict":null,"PC_AllocatedSize":"25 - Extra Large","PC_MaxNumBMDs":150,"PC_MaxNumEPBs":49,"CIC_Number":null,"PC_ElectionID":4348,"Election_Name":"Gubernatorial General Election","Election_Year":2026,"Election_Type":"4","GIS_Publication_Status":"1","PC_ServiceAreaType":"4 Day"}},{"type":"Feature","id":6369,"geometry":{"type":"Point","coordinates":[-118.227604802779,33.9205944481462]},"properties":{"OBJECTID":6369,"globalid":"b59d4a11-6b97-47b7-8542-14308c2325d5","VCID":24487,"PC_AssignedServiceArea":"2785000B","PC_BuildingName":"Ralph J Bunche Middle School","PC_RoomArea":"Cafeteria","PC_BuildingFullAddress":"12338 S Mona Blvd Compton, CA 90222","PC_BuildingAddress":"12338 S Mona Blvd","PC_BuildingCity":"Compton","PC_BuildingZip":90222,"PC_AllocatedBMDs":15,"PC_AllocatedEPBs":5,"PC_FacilityType":"Public","PC_SupervisorialDistrict":2,"PC_AllocatedSize":"15 - Standard","PC_MaxNumBMDs":120,"PC_MaxNumEPBs":11,"CIC_Number":null,"PC_ElectionID":4348,"Election_Name":"Gubernatorial General Election","Election_Year":2026,"Election_Type":"4","GIS_Publication_Status":"1","PC_ServiceAreaType":"4 Day"}},{"type":"Feature","id":6370,"geometry":{"type":"Point","coordinates":[-118.424796132769,34.2488881392954]},"properties":{"OBJECTID":6370,"globalid":"c931c32e-6e84-4e22-84c8-1800d2cf9572","VCID":12943,"PC_AssignedServiceArea":"3900072B","PC_BuildingName":"Pacoima Middle School","PC_RoomArea":"Social Hall","PC_BuildingFullAddress":"9919 Laurel Canyon Blvd Pacoima, CA 91331","PC_BuildingAddress":"9919 Laurel Canyon Blvd","PC_BuildingCity":"Pacoima","PC_BuildingZip":91331,"PC_AllocatedBMDs":15,"PC_AllocatedEPBs":5,"PC_FacilityType":"Public","PC_SupervisorialDistrict":3,"PC_AllocatedSize":"15 - Standard","PC_MaxNumBMDs":65,"PC_MaxNumEPBs":10,"CIC_Number":null,"PC_ElectionID":4348,"Election_Name":"Gubernatorial General Election","Election_Year":2026,"Election_Type":"4","GIS_Publication_Status":"1","PC_ServiceAreaType":"4 Day"}},{"type":"Feature","id":6371,"geometry":{"type":"Point","coordinates":[-118.212086924823,33.9834241531868]},"properties":{"OBJECTID":6371,"globalid":"2af736ee-30f7-422d-bb99-8d69c11fd1bb","VCID":21914,"PC_AssignedServiceArea":"4285001B","PC_BuildingName":"San Antonio Elementary School","PC_RoomArea":"Multi-Purpose Room","PC_BuildingFullAddress":"6222 State St Huntington Park, CA 90255","PC_BuildingAddress":"6222 State St","PC_BuildingCity":"Huntington Park","PC_BuildingZip":90255,"PC_AllocatedBMDs":15,"PC_AllocatedEPBs":5,"PC_FacilityType":"Public","PC_SupervisorialDistrict":4,"PC_AllocatedSize":"15 - Standard","PC_MaxNumBMDs":68,"PC_MaxNumEPBs":11,"CIC_Number":null,"PC_ElectionID":4348,"Election_Name":"Gubernatorial General Election","Election_Year":2026,"Election_Type":"4","GIS_Publication_Status":"1","PC_ServiceAreaType":"4 Day"}},{"type":"Feature","id":6372,"geometry":{"type":"Point","coordinates":[-118.319172482069,33.9369647457898]},"properties":{"OBJECTID":6372,"globalid":"81ac921f-ee56-401c-a151-a7862b0e3084","VCID":17450,"PC_AssignedServiceArea":"2295041D","PC_BuildingName":"Century Park Elementary School","PC_RoomArea":"Auditorium","PC_BuildingFullAddress":"10935 Spinning Ave  Inglewood, CA 90303","PC_BuildingAddress":"10935 Spinning Ave ","PC_BuildingCity":"Inglewood","PC_BuildingZip":90303,"PC_AllocatedBMDs":15,"PC_AllocatedEPBs":5,"PC_FacilityType":"Public","PC_SupervisorialDistrict":2,"PC_AllocatedSize":"15 - Standard","PC_MaxNumBMDs":65,"PC_MaxNumEPBs":23,"CIC_Number":null,"PC_ElectionID":4348,"Election_Name":"Gubernatorial General Election","Election_Year":2026,"Election_Type":"4","GIS_Publication_Status":"1","PC_ServiceAreaType":"4 Day"}},{"type":"Feature","id":6373,"geometry":{"type":"Point","coordinates":[-118.024443000137,34.1412840001829]},"properties":{"OBJECTID":6373,"globalid":"6a54e628-8b6e-4f70-960e-0213b8f76eea","VCID":24852,"PC_AssignedServiceArea":"5035000A","PC_BuildingName":"Embassy Suites-Hilton Arcadia Pasadena","PC_RoomArea":"Iron Room","PC_BuildingFullAddress":"211 E Huntington Dr Arcadia, CA 91006","PC_BuildingAddress":"211 E Huntington Dr","PC_BuildingCity":"Arcadia","PC_BuildingZip":91006,"PC_AllocatedBMDs":15,"PC_AllocatedEPBs":5,"PC_FacilityType":"Private","PC_SupervisorialDistrict":5,"PC_AllocatedSize":"15 - Standard","PC_MaxNumBMDs":60,"PC_MaxNumEPBs":52,"CIC_Number":null,"PC_ElectionID":4348,"Election_Name":"Gubernatorial General Election","Election_Year":2026,"Election_Type":"4","GIS_Publication_Status":"1","PC_ServiceAreaType":"11 Day"}},{"type":"Feature","id":6374,"geometry":{"type":"Point","coordinates":[-118.316297215118,34.0252555671153]},"properties":{"OBJECTID":6374,"globalid":"024114f8-b6b1-4c48-8d67-5412fa337a36","VCID":12953,"PC_AssignedServiceArea":"2900083B","PC_BuildingName":"Trinity Baptist Church","PC_RoomArea":"Fellowship Hall","PC_BuildingFullAddress":"2040 W Jefferson Blvd Los Angeles, CA 90018","PC_BuildingAddress":"2040 W Jefferson Blvd","PC_BuildingCity":"Los Angeles","PC_BuildingZip":90018,"PC_AllocatedBMDs":15,"PC_AllocatedEPBs":5,"PC_FacilityType":"Private","PC_SupervisorialDistrict":2,"PC_AllocatedSize":"15 - Standard","PC_MaxNumBMDs":110,"PC_MaxNumEPBs":23,"CIC_Number":null,"PC_ElectionID":4348,"Election_Name":"Gubernatorial General Election","Election_Year":2026,"Election_Type":"4","GIS_Publication_Status":"1","PC_ServiceAreaType":"4 Day"}},{"type":"Feature","id":6375,"geometry":{"type":"Point","coordinates":[-118.156838062317,33.8890493802115]},"properties":{"OBJECTID":6375,"globalid":"e9ef3b66-7bf9-4ce9-bc2d-12b485d81a6f","VCID":6804,"PC_AssignedServiceArea":"4385092B","PC_BuildingName":"Elks Lodge 1804","PC_RoomArea":"Banquet Room","PC_BuildingFullAddress":"8108 Alondra Blvd Paramount, CA 90723","PC_BuildingAddress":"8108 Alondra Blvd","PC_BuildingCity":"Paramount","PC_BuildingZip":90723,"PC_AllocatedBMDs":15,"PC_AllocatedEPBs":5,"PC_FacilityType":"Private","PC_SupervisorialDistrict":4,"PC_AllocatedSize":"15 - Standard","PC_MaxNumBMDs":91,"PC_MaxNumEPBs":null,"CIC_Number":null,"PC_ElectionID":4348,"Election_Name":"Gubernatorial General Election","Election_Year":2026,"Election_Type":"4","GIS_Publication_Status":"1","PC_ServiceAreaType":"4 Day"}},{"type":"Feature","id":6376,"geometry":{"type":"Point","coordinates":[-118.315738056892,33.9598027496325]},"properties":{"OBJECTID":6376,"globalid":"1bb32f25-6083-433d-bff9-563d75de002c","VCID":26145,"PC_AssignedServiceArea":"2295010B","PC_BuildingName":"J A Venue","PC_RoomArea":"Main Room","PC_BuildingFullAddress":"2070 W Manchester Ave Los Angeles, CA 90047","PC_BuildingAddress":"2070 W Manchester Ave","PC_BuildingCity":"Los Angeles","PC_BuildingZip":90047,"PC_AllocatedBMDs":15,"PC_AllocatedEPBs":5,"PC_FacilityType":"Private","PC_SupervisorialDistrict":2,"PC_AllocatedSize":"15 - Standard","PC_MaxNumBMDs":80,"PC_MaxNumEPBs":22,"CIC_Number":null,"PC_ElectionID":4348,"Election_Name":"Gubernatorial General Election","Election_Year":2026,"Election_Type":"4","GIS_Publication_Status":"1","PC_ServiceAreaType":"4 Day"}},{"type":"Feature","id":6377,"geometry":{"type":"Point","coordinates":[-117.759694057761,34.0770429670158]},"properties":{"OBJECTID":6377,"globalid":"6adc881a-d333-47bf-9f1b-68fdd4642a1e","VCID":449,"PC_AssignedServiceArea":"1525011B","PC_BuildingName":"Ganesha Park Community Center","PC_RoomArea":"Main Room","PC_BuildingFullAddress":"1575 N White Ave Pomona, CA 91768","PC_BuildingAddress":"1575 N White Ave","PC_BuildingCity":"Pomona","PC_BuildingZip":91768,"PC_AllocatedBMDs":15,"PC_AllocatedEPBs":5,"PC_FacilityType":"Public","PC_SupervisorialDistrict":1,"PC_AllocatedSize":"15 - Standard","PC_MaxNumBMDs":70,"PC_MaxNumEPBs":17,"CIC_Number":null,"PC_ElectionID":4348,"Election_Name":"Gubernatorial General Election","Election_Year":2026,"Election_Type":"4","GIS_Publication_Status":"1","PC_ServiceAreaType":"4 Day"}},{"type":"Feature","id":6378,"geometry":{"type":"Point","coordinates":[-117.962551207884,34.0397037163831]},"properties":{"OBJECTID":6378,"globalid":"bbf98e09-de7e-4076-9533-d4ae1805e12f","VCID":10935,"PC_AssignedServiceArea":"1741001B","PC_BuildingName":"Allen J Martin Park","PC_RoomArea":"Community Room","PC_BuildingFullAddress":"14830 E Giordano St La Puente, CA 91744","PC_BuildingAddress":"14830 E Giordano St","PC_BuildingCity":"La Puente","PC_BuildingZip":91744,"PC_AllocatedBMDs":15,"PC_AllocatedEPBs":5,"PC_FacilityType":"Public","PC_SupervisorialDistrict":1,"PC_AllocatedSize":"15 - Standard","PC_MaxNumBMDs":110,"PC_MaxNumEPBs":15,"CIC_Number":null,"PC_ElectionID":4348,"Election_Name":"Gubernatorial General Election","Election_Year":2026,"Election_Type":"4","GIS_Publication_Status":"1","PC_ServiceAreaType":"4 Day"}},{"type":"Feature","id":6379,"geometry":{"type":"Point","coordinates":[-118.247274055809,33.9320616053076]},"properties":{"OBJECTID":6379,"globalid":"69f1b10b-62ea-4a30-a3de-f70d08d39130","VCID":13866,"PC_AssignedServiceArea":"2900154D","PC_BuildingName":"Nickerson Gardens Gym","PC_RoomArea":"Gymnasium","PC_BuildingFullAddress":"11251 Compton Ave Los Angeles, CA 90059","PC_BuildingAddress":"11251 Compton Ave","PC_BuildingCity":"Los Angeles","PC_BuildingZip":90059,"PC_AllocatedBMDs":15,"PC_AllocatedEPBs":5,"PC_FacilityType":"Public","PC_SupervisorialDistrict":2,"PC_AllocatedSize":"15 - Standard","PC_MaxNumBMDs":60,"PC_MaxNumEPBs":22,"CIC_Number":null,"PC_ElectionID":4348,"Election_Name":"Gubernatorial General Election","Election_Year":2026,"Election_Type":"4","GIS_Publication_Status":"1","PC_ServiceAreaType":"4 Day"}},{"type":"Feature","id":6380,"geometry":{"type":"Point","coordinates":[-118.449043247459,34.1859204097867]},"properties":{"OBJECTID":6380,"globalid":"840f83d0-57cf-4b79-b6ba-a30f4dc0a7df","VCID":14386,"PC_AssignedServiceArea":"3900061A","PC_BuildingName":"Latino Paradise Banquet Hall","PC_RoomArea":"Banquet Hall","PC_BuildingFullAddress":"6357 Van Nuys Blvd Van Nuys, CA 91401","PC_BuildingAddress":"6357 Van Nuys Blvd","PC_BuildingCity":"Van Nuys","PC_BuildingZip":91401,"PC_AllocatedBMDs":45,"PC_AllocatedEPBs":12,"PC_FacilityType":"Private","PC_SupervisorialDistrict":3,"PC_AllocatedSize":"45 - Extra Large","PC_MaxNumBMDs":63,"PC_MaxNumEPBs":25,"CIC_Number":null,"PC_ElectionID":4348,"Election_Name":"Gubernatorial General Election","Election_Year":2026,"Election_Type":"4","GIS_Publication_Status":"1","PC_ServiceAreaType":"11 Day"}},{"type":"Feature","id":6381,"geometry":{"type":"Point","coordinates":[-118.320670342171,34.1055447902662]},"properties":{"OBJECTID":6381,"globalid":"9de99246-bc30-494b-bfbf-f935e7e1b3e3","VCID":9710,"PC_AssignedServiceArea":"5730043B","PC_BuildingName":"Cheremoya Avenue Elementary School","PC_RoomArea":"Auditorium","PC_BuildingFullAddress":"6017 Franklin Ave Los Angeles, CA 90028","PC_BuildingAddress":"6017 Franklin Ave","PC_BuildingCity":"Los Angeles","PC_BuildingZip":90028,"PC_AllocatedBMDs":15,"PC_AllocatedEPBs":5,"PC_FacilityType":"Public","PC_SupervisorialDistrict":5,"PC_AllocatedSize":"15 - Standard","PC_MaxNumBMDs":67,"PC_MaxNumEPBs":33,"CIC_Number":null,"PC_ElectionID":4348,"Election_Name":"Gubernatorial General Election","Election_Year":2026,"Election_Type":"4","GIS_Publication_Status":"1","PC_ServiceAreaType":"4 Day"}},{"type":"Feature","id":6382,"geometry":{"type":"Point","coordinates":[-118.300853897037,33.7245825981861]},"properties":{"OBJECTID":6382,"globalid":"18f8b41d-c1a6-41dd-8f40-4781aade93ba","VCID":14388,"PC_AssignedServiceArea":"4900151B","PC_BuildingName":"Leland Street Elementary School","PC_RoomArea":"Auditorium","PC_BuildingFullAddress":"2120 S Leland St San Pedro, CA 90731","PC_BuildingAddress":"2120 S Leland St","PC_BuildingCity":"San Pedro","PC_BuildingZip":90731,"PC_AllocatedBMDs":15,"PC_AllocatedEPBs":5,"PC_FacilityType":"Public","PC_SupervisorialDistrict":4,"PC_AllocatedSize":"15 - Standard","PC_MaxNumBMDs":40,"PC_MaxNumEPBs":12,"CIC_Number":null,"PC_ElectionID":4348,"Election_Name":"Gubernatorial General Election","Election_Year":2026,"Election_Type":"4","GIS_Publication_Status":"1","PC_ServiceAreaType":"4 Day"}},{"type":"Feature","id":6383,"geometry":{"type":"Point","coordinates":[-118.444261131646,34.0704071305664]},"properties":{"OBJECTID":6383,"globalid":"fa399600-a3ec-4d6c-bb56-01a3248f77bd","VCID":9725,"PC_AssignedServiceArea":"3900058H","PC_BuildingName":"UCLA Ackerman Union","PC_RoomArea":"Ackerman Grand Ballroom","PC_BuildingFullAddress":"308 Westwood Plz Los Angeles, CA 90024","PC_BuildingAddress":"308 Westwood Plz","PC_BuildingCity":"Los Angeles","PC_BuildingZip":90024,"PC_AllocatedBMDs":45,"PC_AllocatedEPBs":12,"PC_FacilityType":"Public","PC_SupervisorialDistrict":null,"PC_AllocatedSize":"45 - Extra Large","PC_MaxNumBMDs":120,"PC_MaxNumEPBs":55,"CIC_Number":null,"PC_ElectionID":4348,"Election_Name":"Gubernatorial General Election","Election_Year":2026,"Election_Type":"4","GIS_Publication_Status":"1","PC_ServiceAreaType":"4 Day"}},{"type":"Feature","id":6384,"geometry":{"type":"Point","coordinates":[-118.489843487864,34.0112717827555]},"properties":{"OBJECTID":6384,"globalid":"6aaa8ee4-6276-47a1-a72b-eaa47fd3d62f","VCID":15021,"PC_AssignedServiceArea":"3625000A","PC_BuildingName":"Civic Center Parking Structure","PC_RoomArea":"Santa Monica Inst-SMI Train Rm","PC_BuildingFullAddress":"330 Olympic Dr 2nd Floor Plaza Level Santa Monica, CA 90401","PC_BuildingAddress":"330 Olympic Dr 2nd Floor Plaza Level","PC_BuildingCity":"Santa Monica","PC_BuildingZip":90401,"PC_AllocatedBMDs":15,"PC_AllocatedEPBs":5,"PC_FacilityType":"Public","PC_SupervisorialDistrict":null,"PC_AllocatedSize":"15 - Standard","PC_MaxNumBMDs":114,"PC_MaxNumEPBs":373,"CIC_Number":null,"PC_ElectionID":4348,"Election_Name":"Gubernatorial General Election","Election_Year":2026,"Election_Type":"4","GIS_Publication_Status":"1","PC_ServiceAreaType":"11 Day"}},{"type":"Feature","id":6385,"geometry":{"type":"Point","coordinates":[-118.228102396575,33.8830378919561]},"properties":{"OBJECTID":6385,"globalid":"8ebe685e-dc80-4dec-a3ad-a400ea53a623","VCID":24465,"PC_AssignedServiceArea":"2145030D","PC_BuildingName":"Robert F Kennedy Elementary School","PC_RoomArea":"Library","PC_BuildingFullAddress":"1305 S Oleander Ave Compton, CA 90220","PC_BuildingAddress":"1305 S Oleander Ave","PC_BuildingCity":"Compton","PC_BuildingZip":90220,"PC_AllocatedBMDs":15,"PC_AllocatedEPBs":5,"PC_FacilityType":"Public","PC_SupervisorialDistrict":2,"PC_AllocatedSize":"15 - Standard","PC_MaxNumBMDs":40,"PC_MaxNumEPBs":6,"CIC_Number":null,"PC_ElectionID":4348,"Election_Name":"Gubernatorial General Election","Election_Year":2026,"Election_Type":"4","GIS_Publication_Status":"1","PC_ServiceAreaType":"4 Day"}},{"type":"Feature","id":6386,"geometry":{"type":"Point","coordinates":[-118.432692864347,34.2521883604704]},"properties":{"OBJECTID":6386,"globalid":"bb2e69af-767e-49a1-ad46-20977f21500c","VCID":7304,"PC_AssignedServiceArea":"3900068B","PC_BuildingName":"Sharp Avenue Elementary School","PC_RoomArea":"Auditorium","PC_BuildingFullAddress":"13800 Pierce St Arleta, CA 91331","PC_BuildingAddress":"13800 Pierce St","PC_BuildingCity":"Arleta","PC_BuildingZip":91331,"PC_AllocatedBMDs":15,"PC_AllocatedEPBs":5,"PC_FacilityType":"Public","PC_SupervisorialDistrict":3,"PC_AllocatedSize":"15 - Standard","PC_MaxNumBMDs":50,"PC_MaxNumEPBs":75,"CIC_Number":null,"PC_ElectionID":4348,"Election_Name":"Gubernatorial General Election","Election_Year":2026,"Election_Type":"4","GIS_Publication_Status":"1","PC_ServiceAreaType":"4 Day"}},{"type":"Feature","id":6387,"geometry":{"type":"Point","coordinates":[-118.150094969694,34.0850279958992]},"properties":{"OBJECTID":6387,"globalid":"fa8b3834-3e7c-4db0-84d2-ccfefe8a017c","VCID":31047,"PC_AssignedServiceArea":"1900050A","PC_BuildingName":"Los Angeles County Public Works","PC_RoomArea":"Conference Rooms A and B","PC_BuildingFullAddress":"900 S Fremont Ave Alhambra, CA 91803","PC_BuildingAddress":"900 S Fremont Ave","PC_BuildingCity":"Alhambra","PC_BuildingZip":91803,"PC_AllocatedBMDs":35,"PC_AllocatedEPBs":9,"PC_FacilityType":"Public","PC_SupervisorialDistrict":1,"PC_AllocatedSize":"35 - Extra Large","PC_MaxNumBMDs":null,"PC_MaxNumEPBs":null,"CIC_Number":null,"PC_ElectionID":4348,"Election_Name":"Gubernatorial General Election","Election_Year":2026,"Election_Type":"4","GIS_Publication_Status":"1","PC_ServiceAreaType":"11 Day"}},{"type":"Feature","id":6388,"geometry":{"type":"Point","coordinates":[-118.066907640067,34.5758158493967]},"properties":{"OBJECTID":6388,"globalid":"6f39c709-fd62-4d9b-b696-9f49f032789e","VCID":4802,"PC_AssignedServiceArea":"5500031B","PC_BuildingName":"Oak Tree Community Day School","PC_RoomArea":"Multi-Purpose Room","PC_BuildingFullAddress":"38136 35th St E Palmdale, CA 93550","PC_BuildingAddress":"38136 35th St E","PC_BuildingCity":"Palmdale","PC_BuildingZip":93550,"PC_AllocatedBMDs":15,"PC_AllocatedEPBs":5,"PC_FacilityType":"Public","PC_SupervisorialDistrict":null,"PC_AllocatedSize":"15 - Standard","PC_MaxNumBMDs":61,"PC_MaxNumEPBs":5,"CIC_Number":null,"PC_ElectionID":4348,"Election_Name":"Gubernatorial General Election","Election_Year":2026,"Election_Type":"4","GIS_Publication_Status":"1","PC_ServiceAreaType":"4 Day"}},{"type":"Feature","id":6389,"geometry":{"type":"Point","coordinates":[-118.51303821829,34.2219008796554]},"properties":{"OBJECTID":6389,"globalid":"2f3727a2-e102-4c86-b55f-78f8f62fa9aa","VCID":13106,"PC_AssignedServiceArea":"3900063B","PC_BuildingName":"St Mary and St Athanasius Church","PC_RoomArea":"Basketball Court","PC_BuildingFullAddress":"17431 Roscoe Blvd Northridge, CA 91325","PC_BuildingAddress":"17431 Roscoe Blvd","PC_BuildingCity":"Northridge","PC_BuildingZip":91325,"PC_AllocatedBMDs":15,"PC_AllocatedEPBs":5,"PC_FacilityType":"Private","PC_SupervisorialDistrict":3,"PC_AllocatedSize":"15 - Standard","PC_MaxNumBMDs":40,"PC_MaxNumEPBs":5,"CIC_Number":null,"PC_ElectionID":4348,"Election_Name":"Gubernatorial General Election","Election_Year":2026,"Election_Type":"4","GIS_Publication_Status":"1","PC_ServiceAreaType":"4 Day"}},{"type":"Feature","id":6390,"geometry":{"type":"Point","coordinates":[-118.382373463682,34.2154480265098]},"properties":{"OBJECTID":6390,"globalid":"bd91b041-5564-43f9-9c4e-f1ef3db361a5","VCID":5886,"PC_AssignedServiceArea":"3900024B","PC_BuildingName":"Arminta Street Elementary School","PC_RoomArea":"Auditorium","PC_BuildingFullAddress":"11530 Strathern St North Hollywood, CA 91605","PC_BuildingAddress":"11530 Strathern St","PC_BuildingCity":"North Hollywood","PC_BuildingZip":91605,"PC_AllocatedBMDs":15,"PC_AllocatedEPBs":5,"PC_FacilityType":"Public","PC_SupervisorialDistrict":3,"PC_AllocatedSize":"15 - Standard","PC_MaxNumBMDs":30,"PC_MaxNumEPBs":6,"CIC_Number":null,"PC_ElectionID":4348,"Election_Name":"Gubernatorial General Election","Election_Year":2026,"Election_Type":"4","GIS_Publication_Status":"1","PC_ServiceAreaType":"4 Day"}},{"type":"Feature","id":6391,"geometry":{"type":"Point","coordinates":[-118.026297000156,33.8848379996723]},"properties":{"OBJECTID":6391,"globalid":"f3a69bdc-3bfa-4b2a-970a-e01e975c209a","VCID":28073,"PC_AssignedServiceArea":"4330040B","PC_BuildingName":"Holiday Inn La Mirada-Buena Park","PC_RoomArea":"Huntington Room","PC_BuildingFullAddress":"14299 Firestone Blvd La Mirada, CA 90638","PC_BuildingAddress":"14299 Firestone Blvd","PC_BuildingCity":"La Mirada","PC_BuildingZip":90638,"PC_AllocatedBMDs":15,"PC_AllocatedEPBs":5,"PC_FacilityType":"Private","PC_SupervisorialDistrict":4,"PC_AllocatedSize":"15 - Standard","PC_MaxNumBMDs":160,"PC_MaxNumEPBs":27,"CIC_Number":null,"PC_ElectionID":4348,"Election_Name":"Gubernatorial General Election","Election_Year":2026,"Election_Type":"4","GIS_Publication_Status":"1","PC_ServiceAreaType":"4 Day"}},{"type":"Feature","id":6392,"geometry":{"type":"Point","coordinates":[-118.318058012256,33.966792270513]},"properties":{"OBJECTID":6392,"globalid":"03feabfd-4466-4290-8b2b-2c50eb3aff04","VCID":4710,"PC_AssignedServiceArea":"2900088B","PC_BuildingName":"True Friendship Missionary Bapt Church","PC_RoomArea":"Fellowship Hall","PC_BuildingFullAddress":"7901 S Van Ness Ave Inglewood, CA 90305","PC_BuildingAddress":"7901 S Van Ness Ave","PC_BuildingCity":"Inglewood","PC_BuildingZip":90305,"PC_AllocatedBMDs":15,"PC_AllocatedEPBs":5,"PC_FacilityType":"Private","PC_SupervisorialDistrict":2,"PC_AllocatedSize":"15 - Standard","PC_MaxNumBMDs":86,"PC_MaxNumEPBs":47,"CIC_Number":null,"PC_ElectionID":4348,"Election_Name":"Gubernatorial General Election","Election_Year":2026,"Election_Type":"4","GIS_Publication_Status":"1","PC_ServiceAreaType":"4 Day"}},{"type":"Feature","id":6393,"geometry":{"type":"Point","coordinates":[-118.31546064547,34.2589100255407]},"properties":{"OBJECTID":6393,"globalid":"2c845d5f-751d-4df1-a2f7-5ef4e2be7292","VCID":14213,"PC_AssignedServiceArea":"5900071A","PC_BuildingName":"New Hope Community Church","PC_RoomArea":"Activity Center","PC_BuildingFullAddress":"10438 Oro Vista Ave Sunland, CA 91040","PC_BuildingAddress":"10438 Oro Vista Ave","PC_BuildingCity":"Sunland","PC_BuildingZip":91040,"PC_AllocatedBMDs":45,"PC_AllocatedEPBs":12,"PC_FacilityType":"Private","PC_SupervisorialDistrict":5,"PC_AllocatedSize":"45 - Extra Large","PC_MaxNumBMDs":100,"PC_MaxNumEPBs":12,"CIC_Number":null,"PC_ElectionID":4348,"Election_Name":"Gubernatorial General Election","Election_Year":2026,"Election_Type":"4","GIS_Publication_Status":"1","PC_ServiceAreaType":"11 Day"}},{"type":"Feature","id":6394,"geometry":{"type":"Point","coordinates":[-118.74994753005,34.1505195582915]},"properties":{"OBJECTID":6394,"globalid":"7c701b6e-16bc-41ef-ac31-305b12aac2f5","VCID":13949,"PC_AssignedServiceArea":"3008000B","PC_BuildingName":"Agoura Hills High School","PC_RoomArea":"G Building Room 1A-C","PC_BuildingFullAddress":"28545 Driver Ave Agoura Hills, CA 91301","PC_BuildingAddress":"28545 Driver Ave","PC_BuildingCity":"Agoura Hills","PC_BuildingZip":91301,"PC_AllocatedBMDs":15,"PC_AllocatedEPBs":5,"PC_FacilityType":"Public","PC_SupervisorialDistrict":3,"PC_AllocatedSize":"15 - Standard","PC_MaxNumBMDs":50,"PC_MaxNumEPBs":20,"CIC_Number":null,"PC_ElectionID":4348,"Election_Name":"Gubernatorial General Election","Election_Year":2026,"Election_Type":"4","GIS_Publication_Status":"1","PC_ServiceAreaType":"4 Day"}},{"type":"Feature","id":6395,"geometry":{"type":"Point","coordinates":[-117.752963933129,34.0616225066309]},"properties":{"OBJECTID":6395,"globalid":"32996040-e4bb-4300-89c1-f44532943567","VCID":13003,"PC_AssignedServiceArea":"1525060A","PC_BuildingName":"Centro Cristiano De La Fe","PC_RoomArea":"Dining Room","PC_BuildingFullAddress":"423 N Main St Pomona, CA 91768","PC_BuildingAddress":"423 N Main St","PC_BuildingCity":"Pomona","PC_BuildingZip":91768,"PC_AllocatedBMDs":15,"PC_AllocatedEPBs":5,"PC_FacilityType":"Private","PC_SupervisorialDistrict":1,"PC_AllocatedSize":"15 - Standard","PC_MaxNumBMDs":66,"PC_MaxNumEPBs":8,"CIC_Number":null,"PC_ElectionID":4348,"Election_Name":"Gubernatorial General Election","Election_Year":2026,"Election_Type":"4","GIS_Publication_Status":"1","PC_ServiceAreaType":"11 Day"}},{"type":"Feature","id":6396,"geometry":{"type":"Point","coordinates":[-118.260223105563,34.0698522181132]},"properties":{"OBJECTID":6396,"globalid":"cec09f4b-5845-4fd3-ad65-4f33b4560a32","VCID":20220,"PC_AssignedServiceArea":"1900130A","PC_BuildingName":"Echo Park Recreation Center","PC_RoomArea":"Classrooms 3 and 4","PC_BuildingFullAddress":"1632 Bellevue Ave Los Angeles, CA 90026","PC_BuildingAddress":"1632 Bellevue Ave","PC_BuildingCity":"Los Angeles","PC_BuildingZip":90026,"PC_AllocatedBMDs":15,"PC_AllocatedEPBs":5,"PC_FacilityType":"Public","PC_SupervisorialDistrict":1,"PC_AllocatedSize":"15 - Standard","PC_MaxNumBMDs":160,"PC_MaxNumEPBs":11,"CIC_Number":null,"PC_ElectionID":4348,"Election_Name":"Gubernatorial General Election","Election_Year":2026,"Election_Type":"4","GIS_Publication_Status":"1","PC_ServiceAreaType":"11 Day"}},{"type":"Feature","id":6397,"geometry":{"type":"Point","coordinates":[-118.132340082719,34.1767193861034]},"properties":{"OBJECTID":6397,"globalid":"0e43c1e2-6514-4727-b931-af2cddcf06d2","VCID":17496,"PC_AssignedServiceArea":"5020003H","PC_BuildingName":"Westminster Presbyterian Church","PC_RoomArea":"Lawrence Chapel and Library","PC_BuildingFullAddress":"1757 N Lake Ave  Pasadena, CA 91104","PC_BuildingAddress":"1757 N Lake Ave ","PC_BuildingCity":"Pasadena","PC_BuildingZip":91104,"PC_AllocatedBMDs":15,"PC_AllocatedEPBs":5,"PC_FacilityType":"Private","PC_SupervisorialDistrict":5,"PC_AllocatedSize":"15 - Standard","PC_MaxNumBMDs":102,"PC_MaxNumEPBs":9,"CIC_Number":null,"PC_ElectionID":4348,"Election_Name":"Gubernatorial General Election","Election_Year":2026,"Election_Type":"4","GIS_Publication_Status":"1","PC_ServiceAreaType":"4 Day"}},{"type":"Feature","id":6398,"geometry":{"type":"Point","coordinates":[-118.096030598339,33.9632021718287]},"properties":{"OBJECTID":6398,"globalid":"63d71dd6-7ef7-4bb3-b5dd-cd89aab5f960","VCID":414,"PC_AssignedServiceArea":"4523002B","PC_BuildingName":"Rivera Park Community Recreation Center","PC_RoomArea":"Auditorium","PC_BuildingFullAddress":"9530 Shade Ln Pico Rivera, CA 90660","PC_BuildingAddress":"9530 Shade Ln","PC_BuildingCity":"Pico Rivera","PC_BuildingZip":90660,"PC_AllocatedBMDs":15,"PC_AllocatedEPBs":5,"PC_FacilityType":"Public","PC_SupervisorialDistrict":4,"PC_AllocatedSize":"15 - Standard","PC_MaxNumBMDs":68,"PC_MaxNumEPBs":11,"CIC_Number":null,"PC_ElectionID":4348,"Election_Name":"Gubernatorial General Election","Election_Year":2026,"Election_Type":"4","GIS_Publication_Status":"1","PC_ServiceAreaType":"4 Day"}},{"type":"Feature","id":6399,"geometry":{"type":"Point","coordinates":[-118.118745713357,34.0906356950235]},"properties":{"OBJECTID":6399,"globalid":"df535c15-24c5-4477-9f31-5d4f6e1238ff","VCID":470,"PC_AssignedServiceArea":"1015021B","PC_BuildingName":"YMCA West San Gabriel Valley","PC_RoomArea":"Multi-Purpose Room","PC_BuildingFullAddress":"401 Corto St Alhambra, CA 91801","PC_BuildingAddress":"401 Corto St","PC_BuildingCity":"Alhambra","PC_BuildingZip":91801,"PC_AllocatedBMDs":15,"PC_AllocatedEPBs":5,"PC_FacilityType":"Private","PC_SupervisorialDistrict":1,"PC_AllocatedSize":"15 - Standard","PC_MaxNumBMDs":45,"PC_MaxNumEPBs":12,"CIC_Number":null,"PC_ElectionID":4348,"Election_Name":"Gubernatorial General Election","Election_Year":2026,"Election_Type":"4","GIS_Publication_Status":"1","PC_ServiceAreaType":"4 Day"}},{"type":"Feature","id":6400,"geometry":{"type":"Point","coordinates":[-118.15871799639,33.9298717261259]},"properties":{"OBJECTID":6400,"globalid":"eecebbab-d928-4dc1-84a2-fd345f794e83","VCID":14583,"PC_AssignedServiceArea":"4185020B","PC_BuildingName":"Rancho Los Amigos National Rehab Center","PC_RoomArea":"Auditorium","PC_BuildingFullAddress":"7601 Imperial Hwy Downey, CA 90242","PC_BuildingAddress":"7601 Imperial Hwy","PC_BuildingCity":"Downey","PC_BuildingZip":90242,"PC_AllocatedBMDs":15,"PC_AllocatedEPBs":5,"PC_FacilityType":"Public","PC_SupervisorialDistrict":4,"PC_AllocatedSize":"15 - Standard","PC_MaxNumBMDs":45,"PC_MaxNumEPBs":5,"CIC_Number":null,"PC_ElectionID":4348,"Election_Name":"Gubernatorial General Election","Election_Year":2026,"Election_Type":"4","GIS_Publication_Status":"1","PC_ServiceAreaType":"4 Day"}},{"type":"Feature","id":6401,"geometry":{"type":"Point","coordinates":[-118.176304406993,34.0873155514993]},"properties":{"OBJECTID":6401,"globalid":"99ec883b-0cb9-4c30-8435-b2891d33f41e","VCID":8746,"PC_AssignedServiceArea":"1900140A","PC_BuildingName":"Barrio Action Youth and Family Center","PC_RoomArea":"Gymnasium","PC_BuildingFullAddress":"4927 Huntington Dr N 200 Los Angeles, CA 90032","PC_BuildingAddress":"4927 Huntington Dr N 200","PC_BuildingCity":"Los Angeles","PC_BuildingZip":90032,"PC_AllocatedBMDs":25,"PC_AllocatedEPBs":7,"PC_FacilityType":"Private","PC_SupervisorialDistrict":1,"PC_AllocatedSize":"25 - Large","PC_MaxNumBMDs":25,"PC_MaxNumEPBs":37,"CIC_Number":null,"PC_ElectionID":4348,"Election_Name":"Gubernatorial General Election","Election_Year":2026,"Election_Type":"4","GIS_Publication_Status":"1","PC_ServiceAreaType":"11 Day"}},{"type":"Feature","id":6402,"geometry":{"type":"Point","coordinates":[-118.7681785768,34.1457488945069]},"properties":{"OBJECTID":6402,"globalid":"4b93c911-ad3d-43c9-8757-9d760d0bfb0e","VCID":14513,"PC_AssignedServiceArea":"3007000B","PC_BuildingName":"Courtyard Thousand Oaks Agoura Hills","PC_RoomArea":"Sierra Ballroom","PC_BuildingFullAddress":"29505 Agoura Rd  Agoura Hills, CA 91301","PC_BuildingAddress":"29505 Agoura Rd ","PC_BuildingCity":"Agoura Hills","PC_BuildingZip":91301,"PC_AllocatedBMDs":25,"PC_AllocatedEPBs":7,"PC_FacilityType":"Private","PC_SupervisorialDistrict":null,"PC_AllocatedSize":"25 - Large","PC_MaxNumBMDs":91,"PC_MaxNumEPBs":0,"CIC_Number":null,"PC_ElectionID":4348,"Election_Name":"Gubernatorial General Election","Election_Year":2026,"Election_Type":"4","GIS_Publication_Status":"1","PC_ServiceAreaType":"4 Day"}},{"type":"Feature","id":6403,"geometry":{"type":"Point","coordinates":[-117.917021171678,34.0253114496485]},"properties":{"OBJECTID":6403,"globalid":"99bc74af-7c18-49ea-9249-32b0bab6f796","VCID":13040,"PC_AssignedServiceArea":"1741000A","PC_BuildingName":"St Martha Catholic Church","PC_RoomArea":"McNamara Hall","PC_BuildingFullAddress":"444 N Azusa Ave La Puente, CA 91744","PC_BuildingAddress":"444 N Azusa Ave","PC_BuildingCity":"La Puente","PC_BuildingZip":91744,"PC_AllocatedBMDs":15,"PC_AllocatedEPBs":5,"PC_FacilityType":"Private","PC_SupervisorialDistrict":null,"PC_AllocatedSize":"15 - Standard","PC_MaxNumBMDs":80,"PC_MaxNumEPBs":8,"CIC_Number":null,"PC_ElectionID":4348,"Election_Name":"Gubernatorial General Election","Election_Year":2026,"Election_Type":"4","GIS_Publication_Status":"1","PC_ServiceAreaType":"11 Day"}},{"type":"Feature","id":6404,"geometry":{"type":"Point","coordinates":[-118.646459594519,34.1524440735858]},"properties":{"OBJECTID":6404,"globalid":"2672849f-8615-4c77-9c5f-0f5187b54e31","VCID":212,"PC_AssignedServiceArea":"3100000A","PC_BuildingName":"Founders Hall","PC_RoomArea":"Behind the Library","PC_BuildingFullAddress":"200 Civic Center Way Calabasas, CA 91302","PC_BuildingAddress":"200 Civic Center Way","PC_BuildingCity":"Calabasas","PC_BuildingZip":91302,"PC_AllocatedBMDs":25,"PC_AllocatedEPBs":7,"PC_FacilityType":"Public","PC_SupervisorialDistrict":3,"PC_AllocatedSize":"25 - Large","PC_MaxNumBMDs":90,"PC_MaxNumEPBs":15,"CIC_Number":null,"PC_ElectionID":4348,"Election_Name":"Gubernatorial General Election","Election_Year":2026,"Election_Type":"4","GIS_Publication_Status":"1","PC_ServiceAreaType":"11 Day"}},{"type":"Feature","id":6405,"geometry":{"type":"Point","coordinates":[-118.60364779713,34.0901316226476]},"properties":{"OBJECTID":6405,"globalid":"467987b6-107a-4a4f-b992-bca2c28ecf95","VCID":150,"PC_AssignedServiceArea":"3710000B","PC_BuildingName":"Topanga Library","PC_RoomArea":"Meeting Room","PC_BuildingFullAddress":"122 N Topanga Canyon Blvd Topanga, CA 90290","PC_BuildingAddress":"122 N Topanga Canyon Blvd","PC_BuildingCity":"Topanga","PC_BuildingZip":90290,"PC_AllocatedBMDs":15,"PC_AllocatedEPBs":5,"PC_FacilityType":"Public","PC_SupervisorialDistrict":3,"PC_AllocatedSize":"15 - Standard","PC_MaxNumBMDs":50,"PC_MaxNumEPBs":10,"CIC_Number":null,"PC_ElectionID":4348,"Election_Name":"Gubernatorial General Election","Election_Year":2026,"Election_Type":"4","GIS_Publication_Status":"1","PC_ServiceAreaType":"4 Day"}},{"type":"Feature","id":6406,"geometry":{"type":"Point","coordinates":[-118.465978230018,34.0061674314633]},"properties":{"OBJECTID":6406,"globalid":"58bf239e-01d7-4038-9188-08383e350c3f","VCID":10570,"PC_AssignedServiceArea":"3625004B","PC_BuildingName":"Marine Park","PC_RoomArea":"Auditorium","PC_BuildingFullAddress":"1406 Marine St Santa Monica, CA 90405","PC_BuildingAddress":"1406 Marine St","PC_BuildingCity":"Santa Monica","PC_BuildingZip":90405,"PC_AllocatedBMDs":25,"PC_AllocatedEPBs":7,"PC_FacilityType":"Public","PC_SupervisorialDistrict":3,"PC_AllocatedSize":"25 - Large","PC_MaxNumBMDs":66,"PC_MaxNumEPBs":11,"CIC_Number":null,"PC_ElectionID":4348,"Election_Name":"Gubernatorial General Election","Election_Year":2026,"Election_Type":"4","GIS_Publication_Status":"1","PC_ServiceAreaType":"4 Day"}},{"type":"Feature","id":6407,"geometry":{"type":"Point","coordinates":[-118.454914664335,34.2008615223604]},"properties":{"OBJECTID":6407,"globalid":"e0a45db0-e30b-4715-ac94-6fe0f080096f","VCID":19488,"PC_AssignedServiceArea":"3900065B","PC_BuildingName":"Van Nuys Masonic Center","PC_RoomArea":"Ballroom","PC_BuildingFullAddress":"14750 Sherman Way Van Nuys, CA 91405","PC_BuildingAddress":"14750 Sherman Way","PC_BuildingCity":"Van Nuys","PC_BuildingZip":91405,"PC_AllocatedBMDs":15,"PC_AllocatedEPBs":5,"PC_FacilityType":"Private","PC_SupervisorialDistrict":3,"PC_AllocatedSize":"15 - Standard","PC_MaxNumBMDs":90,"PC_MaxNumEPBs":26,"CIC_Number":null,"PC_ElectionID":4348,"Election_Name":"Gubernatorial General Election","Election_Year":2026,"Election_Type":"4","GIS_Publication_Status":"1","PC_ServiceAreaType":"4 Day"}},{"type":"Feature","id":6408,"geometry":{"type":"Point","coordinates":[-118.235335579242,33.8578824122418]},"properties":{"OBJECTID":6408,"globalid":"862598fd-5bd3-4eee-8290-7089ba4fc6f0","VCID":24556,"PC_AssignedServiceArea":"2103030B","PC_BuildingName":"Anderson Park","PC_RoomArea":"Classroom and Multi-Purpose Room","PC_BuildingFullAddress":"19101 Wilmington Ave Carson, CA 90746","PC_BuildingAddress":"19101 Wilmington Ave","PC_BuildingCity":"Carson","PC_BuildingZip":90746,"PC_AllocatedBMDs":15,"PC_AllocatedEPBs":5,"PC_FacilityType":"Public","PC_SupervisorialDistrict":2,"PC_AllocatedSize":"15 - Standard","PC_MaxNumBMDs":null,"PC_MaxNumEPBs":null,"CIC_Number":null,"PC_ElectionID":4348,"Election_Name":"Gubernatorial General Election","Election_Year":2026,"Election_Type":"4","GIS_Publication_Status":"1","PC_ServiceAreaType":"4 Day"}},{"type":"Feature","id":6409,"geometry":{"type":"Point","coordinates":[-117.803202931372,34.1071989976781]},"properties":{"OBJECTID":6409,"globalid":"c30805c2-41fe-4aa1-b2dc-a6089376d214","VCID":326,"PC_AssignedServiceArea":"5600010A","PC_BuildingName":"San Dimas City Hall","PC_RoomArea":"Community Building","PC_BuildingFullAddress":"245 E Bonita Ave San Dimas, CA 91773","PC_BuildingAddress":"245 E Bonita Ave","PC_BuildingCity":"San Dimas","PC_BuildingZip":91773,"PC_AllocatedBMDs":45,"PC_AllocatedEPBs":12,"PC_FacilityType":"Public","PC_SupervisorialDistrict":5,"PC_AllocatedSize":"45 - Extra Large","PC_MaxNumBMDs":137,"PC_MaxNumEPBs":5,"CIC_Number":null,"PC_ElectionID":4348,"Election_Name":"Gubernatorial General Election","Election_Year":2026,"Election_Type":"4","GIS_Publication_Status":"1","PC_ServiceAreaType":"11 Day"}},{"type":"Feature","id":6410,"geometry":{"type":"Point","coordinates":[-118.263470574194,34.1549363684562]},"properties":{"OBJECTID":6410,"globalid":"af35959e-cb67-465b-9f29-ac1511210f86","VCID":14177,"PC_AssignedServiceArea":"5255005B","PC_BuildingName":"Glendale Express Hotel","PC_RoomArea":"Grand Ballroom","PC_BuildingFullAddress":"450 W Pioneer Dr Glendale, CA 91203","PC_BuildingAddress":"450 W Pioneer Dr","PC_BuildingCity":"Glendale","PC_BuildingZip":91203,"PC_AllocatedBMDs":15,"PC_AllocatedEPBs":7,"PC_FacilityType":"Private","PC_SupervisorialDistrict":5,"PC_AllocatedSize":"15 - Large","PC_MaxNumBMDs":137,"PC_MaxNumEPBs":7,"CIC_Number":null,"PC_ElectionID":4348,"Election_Name":"Gubernatorial General Election","Election_Year":2026,"Election_Type":"4","GIS_Publication_Status":"1","PC_ServiceAreaType":"4 Day"}},{"type":"Feature","id":6411,"geometry":{"type":"Point","coordinates":[-117.866431859281,34.1184123089308]},"properties":{"OBJECTID":6411,"globalid":"fa2aec16-382a-4abf-86c4-42a0ba31b35f","VCID":11785,"PC_AssignedServiceArea":"5260010B","PC_BuildingName":"Crowther Teen and Family Center","PC_RoomArea":"Foothill and Route 66 Rooms","PC_BuildingFullAddress":"241 W Dawson Ave Glendora, CA 91740","PC_BuildingAddress":"241 W Dawson Ave","PC_BuildingCity":"Glendora","PC_BuildingZip":91740,"PC_AllocatedBMDs":15,"PC_AllocatedEPBs":5,"PC_FacilityType":"Public","PC_SupervisorialDistrict":5,"PC_AllocatedSize":"15 - Standard","PC_MaxNumBMDs":73,"PC_MaxNumEPBs":7,"CIC_Number":null,"PC_ElectionID":4348,"Election_Name":"Gubernatorial General Election","Election_Year":2026,"Election_Type":"4","GIS_Publication_Status":"1","PC_ServiceAreaType":"4 Day"}},{"type":"Feature","id":6412,"geometry":{"type":"Point","coordinates":[-118.20000279069,34.1738271880957]},"properties":{"OBJECTID":6412,"globalid":"096f2294-96b7-48ff-96b0-737c5cef5fe9","VCID":6,"PC_AssignedServiceArea":"5255002B","PC_BuildingName":"Chevy Chase Branch Library","PC_RoomArea":"Main Room","PC_BuildingFullAddress":"3301 E Chevy Chase Dr Glendale, CA 91206","PC_BuildingAddress":"3301 E Chevy Chase Dr","PC_BuildingCity":"Glendale","PC_BuildingZip":91206,"PC_AllocatedBMDs":15,"PC_AllocatedEPBs":5,"PC_FacilityType":"Public","PC_SupervisorialDistrict":5,"PC_AllocatedSize":"15 - Standard","PC_MaxNumBMDs":68,"PC_MaxNumEPBs":27,"CIC_Number":null,"PC_ElectionID":4348,"Election_Name":"Gubernatorial General Election","Election_Year":2026,"Election_Type":"4","GIS_Publication_Status":"1","PC_ServiceAreaType":"4 Day"}},{"type":"Feature","id":6413,"geometry":{"type":"Point","coordinates":[-118.118381091965,34.1539669096162]},"properties":{"OBJECTID":6413,"globalid":"c0023f5e-38fe-48dd-bc0a-d679ca19ff0b","VCID":24251,"PC_AssignedServiceArea":"5515021B","PC_BuildingName":"Jefferson Branch Library","PC_RoomArea":"Auditorium","PC_BuildingFullAddress":"1500 E Villa St Pasadena, CA 91106","PC_BuildingAddress":"1500 E Villa St","PC_BuildingCity":"Pasadena","PC_BuildingZip":91106,"PC_AllocatedBMDs":15,"PC_AllocatedEPBs":5,"PC_FacilityType":"Public","PC_SupervisorialDistrict":5,"PC_AllocatedSize":"15 - Standard","PC_MaxNumBMDs":91,"PC_MaxNumEPBs":9,"CIC_Number":null,"PC_ElectionID":4348,"Election_Name":"Gubernatorial General Election","Election_Year":2026,"Election_Type":"4","GIS_Publication_Status":"1","PC_ServiceAreaType":"4 Day"}},{"type":"Feature","id":6414,"geometry":{"type":"Point","coordinates":[-118.198543154956,33.9251473520866]},"properties":{"OBJECTID":6414,"globalid":"ddc55c8c-787c-46eb-a900-be4f16438740","VCID":310,"PC_AssignedServiceArea":"4399000A","PC_BuildingName":"Bateman Hall","PC_RoomArea":"Thompson Auditorium","PC_BuildingFullAddress":"11331 Ernestine Ave  Lynwood, CA 90262","PC_BuildingAddress":"11331 Ernestine Ave ","PC_BuildingCity":"Lynwood","PC_BuildingZip":90262,"PC_AllocatedBMDs":45,"PC_AllocatedEPBs":12,"PC_FacilityType":"Public","PC_SupervisorialDistrict":4,"PC_AllocatedSize":"45 - Extra Large","PC_MaxNumBMDs":160,"PC_MaxNumEPBs":12,"CIC_Number":null,"PC_ElectionID":4348,"Election_Name":"Gubernatorial General Election","Election_Year":2026,"Election_Type":"4","GIS_Publication_Status":"1","PC_ServiceAreaType":"11 Day"}},{"type":"Feature","id":6415,"geometry":{"type":"Point","coordinates":[-118.133302435676,34.1897609806385]},"properties":{"OBJECTID":6415,"globalid":"8b84b076-5658-4726-9771-acc57d928e0d","VCID":24606,"PC_AssignedServiceArea":"5020003B","PC_BuildingName":"Altadena Community Center","PC_RoomArea":"Community Room","PC_BuildingFullAddress":"730 E Altadena Dr Altadena, CA 91001","PC_BuildingAddress":"730 E Altadena Dr","PC_BuildingCity":"Altadena","PC_BuildingZip":91001,"PC_AllocatedBMDs":15,"PC_AllocatedEPBs":5,"PC_FacilityType":"Public","PC_SupervisorialDistrict":5,"PC_AllocatedSize":"15 - Standard","PC_MaxNumBMDs":91,"PC_MaxNumEPBs":61,"CIC_Number":null,"PC_ElectionID":4348,"Election_Name":"Gubernatorial General Election","Election_Year":2026,"Election_Type":"4","GIS_Publication_Status":"1","PC_ServiceAreaType":"4 Day"}},{"type":"Feature","id":6416,"geometry":{"type":"Point","coordinates":[-118.693043882106,34.039251680733]},"properties":{"OBJECTID":6416,"globalid":"e231f039-eafc-4e74-ad77-da04fe7049a5","VCID":9626,"PC_AssignedServiceArea":"3710000A","PC_BuildingName":"Malibu City Hall","PC_RoomArea":"Multi-Purpose Room","PC_BuildingFullAddress":"23825 Stuart Ranch Rd Malibu, CA 90265","PC_BuildingAddress":"23825 Stuart Ranch Rd","PC_BuildingCity":"Malibu","PC_BuildingZip":90265,"PC_AllocatedBMDs":15,"PC_AllocatedEPBs":5,"PC_FacilityType":"Public","PC_SupervisorialDistrict":3,"PC_AllocatedSize":"15 - Standard","PC_MaxNumBMDs":91,"PC_MaxNumEPBs":0,"CIC_Number":null,"PC_ElectionID":4348,"Election_Name":"Gubernatorial General Election","Election_Year":2026,"Election_Type":"4","GIS_Publication_Status":"1","PC_ServiceAreaType":"11 Day"}},{"type":"Feature","id":6417,"geometry":{"type":"Point","coordinates":[-117.845196899693,34.047127428391]},"properties":{"OBJECTID":6417,"globalid":"2995028d-46b0-4e3e-9053-111d209b6afb","VCID":35256,"PC_AssignedServiceArea":"1770052B","PC_BuildingName":"Mt SAC Building 410 Student Center","PC_RoomArea":"410 2080 ASLC Multi-Purpose Room","PC_BuildingFullAddress":"1100 N Grand Ave Walnut, CA 91789","PC_BuildingAddress":"1100 N Grand Ave","PC_BuildingCity":"Walnut","PC_BuildingZip":91789,"PC_AllocatedBMDs":15,"PC_AllocatedEPBs":7,"PC_FacilityType":"Private","PC_SupervisorialDistrict":1,"PC_AllocatedSize":"15 - Large","PC_MaxNumBMDs":110,"PC_MaxNumEPBs":9,"CIC_Number":null,"PC_ElectionID":4348,"Election_Name":"Gubernatorial General Election","Election_Year":2026,"Election_Type":"4","GIS_Publication_Status":"1","PC_ServiceAreaType":"4 Day"}},{"type":"Feature","id":6418,"geometry":{"type":"Point","coordinates":[-118.097423720717,34.1600862572788]},"properties":{"OBJECTID":6418,"globalid":"3e54d22b-1f7a-49dc-922e-e3f4c63e0d77","VCID":3829,"PC_AssignedServiceArea":"5515041B","PC_BuildingName":"Victory Park Recreation Center","PC_RoomArea":"Gymnasium","PC_BuildingFullAddress":"2575 Paloma St Pasadena, CA 91107","PC_BuildingAddress":"2575 Paloma St","PC_BuildingCity":"Pasadena","PC_BuildingZip":91107,"PC_AllocatedBMDs":45,"PC_AllocatedEPBs":12,"PC_FacilityType":"Public","PC_SupervisorialDistrict":5,"PC_AllocatedSize":"45 - Extra Large","PC_MaxNumBMDs":68,"PC_MaxNumEPBs":57,"CIC_Number":null,"PC_ElectionID":4348,"Election_Name":"Gubernatorial General Election","Election_Year":2026,"Election_Type":"4","GIS_Publication_Status":"1","PC_ServiceAreaType":"4 Day"}},{"type":"Feature","id":6419,"geometry":{"type":"Point","coordinates":[-117.849760907908,33.991802235747]},"properties":{"OBJECTID":6419,"globalid":"f8b5a6ea-d7d8-4328-a24e-abd1f850318d","VCID":14464,"PC_AssignedServiceArea":"1178051B","PC_BuildingName":"South Pointe Middle School","PC_RoomArea":"Multi-Purpose Room","PC_BuildingFullAddress":"20671 Larkstone Dr Walnut, CA 91789","PC_BuildingAddress":"20671 Larkstone Dr","PC_BuildingCity":"Walnut","PC_BuildingZip":91789,"PC_AllocatedBMDs":15,"PC_AllocatedEPBs":5,"PC_FacilityType":"Public","PC_SupervisorialDistrict":null,"PC_AllocatedSize":"15 - Standard","PC_MaxNumBMDs":100,"PC_MaxNumEPBs":6,"CIC_Number":null,"PC_ElectionID":4348,"Election_Name":"Gubernatorial General Election","Election_Year":2026,"Election_Type":"4","GIS_Publication_Status":"1","PC_ServiceAreaType":"4 Day"}},{"type":"Feature","id":6420,"geometry":{"type":"Point","coordinates":[-118.570693962758,34.2043971994796]},"properties":{"OBJECTID":6420,"globalid":"8d1b661a-dae2-4eaa-baa4-e2ad06220006","VCID":5868,"PC_AssignedServiceArea":"3900035B","PC_BuildingName":"John A Sutter Middle School","PC_RoomArea":"Auditorium","PC_BuildingFullAddress":"7330 Winnetka Ave Winnetka, CA 91306","PC_BuildingAddress":"7330 Winnetka Ave","PC_BuildingCity":"Winnetka","PC_BuildingZip":91306,"PC_AllocatedBMDs":15,"PC_AllocatedEPBs":5,"PC_FacilityType":"Public","PC_SupervisorialDistrict":3,"PC_AllocatedSize":"15 - Standard","PC_MaxNumBMDs":44,"PC_MaxNumEPBs":13,"CIC_Number":null,"PC_ElectionID":4348,"Election_Name":"Gubernatorial General Election","Election_Year":2026,"Election_Type":"4","GIS_Publication_Status":"1","PC_ServiceAreaType":"4 Day"}},{"type":"Feature","id":6421,"geometry":{"type":"Point","coordinates":[-118.401508201273,34.0132278407839]},"properties":{"OBJECTID":6421,"globalid":"6f0ed2f7-7c5d-4339-8e98-834788546c02","VCID":21770,"PC_AssignedServiceArea":"2160000B","PC_BuildingName":"BioscienceLA","PC_RoomArea":"Seminar Room","PC_BuildingFullAddress":"4130 Overland Ave Culver City, CA 90230","PC_BuildingAddress":"4130 Overland Ave","PC_BuildingCity":"Culver City","PC_BuildingZip":90230,"PC_AllocatedBMDs":15,"PC_AllocatedEPBs":5,"PC_FacilityType":"Private","PC_SupervisorialDistrict":2,"PC_AllocatedSize":"15 - Standard","PC_MaxNumBMDs":205,"PC_MaxNumEPBs":8,"CIC_Number":null,"PC_ElectionID":4348,"Election_Name":"Gubernatorial General Election","Election_Year":2026,"Election_Type":"4","GIS_Publication_Status":"1","PC_ServiceAreaType":"4 Day"}},{"type":"Feature","id":6422,"geometry":{"type":"Point","coordinates":[-118.345558785739,33.8178103056629]},"properties":{"OBJECTID":6422,"globalid":"4268b815-ca90-4deb-95ad-def264017d32","VCID":2044,"PC_AssignedServiceArea":"4715002B","PC_BuildingName":"Levy Adult Center","PC_RoomArea":"Multi-Purpose Room","PC_BuildingFullAddress":"3420 W 229th Pl Torrance, CA 90505","PC_BuildingAddress":"3420 W 229th Pl","PC_BuildingCity":"Torrance","PC_BuildingZip":90505,"PC_AllocatedBMDs":25,"PC_AllocatedEPBs":7,"PC_FacilityType":"Public","PC_SupervisorialDistrict":null,"PC_AllocatedSize":"25 - Large","PC_MaxNumBMDs":70,"PC_MaxNumEPBs":31,"CIC_Number":null,"PC_ElectionID":4348,"Election_Name":"Gubernatorial General Election","Election_Year":2026,"Election_Type":"4","GIS_Publication_Status":"1","PC_ServiceAreaType":"4 Day"}},{"type":"Feature","id":6423,"geometry":{"type":"Point","coordinates":[-118.276616161756,34.1825609389506]},"properties":{"OBJECTID":6423,"globalid":"8517e804-50e6-42fc-9f8d-f21a3b260f21","VCID":4870,"PC_AssignedServiceArea":"5255004B","PC_BuildingName":"Brand Studios","PC_RoomArea":"Studio 1 and 2","PC_BuildingFullAddress":"1601 W Mountain St Glendale, CA 91201","PC_BuildingAddress":"1601 W Mountain St","PC_BuildingCity":"Glendale","PC_BuildingZip":91201,"PC_AllocatedBMDs":15,"PC_AllocatedEPBs":5,"PC_FacilityType":"Public","PC_SupervisorialDistrict":5,"PC_AllocatedSize":"15 - Standard","PC_MaxNumBMDs":91,"PC_MaxNumEPBs":5,"CIC_Number":null,"PC_ElectionID":4348,"Election_Name":"Gubernatorial General Election","Election_Year":2026,"Election_Type":"4","GIS_Publication_Status":"1","PC_ServiceAreaType":"4 Day"}},{"type":"Feature","id":6424,"geometry":{"type":"Point","coordinates":[-118.186966884441,33.9462021138986]},"properties":{"OBJECTID":6424,"globalid":"d47b5ebd-316c-407b-bac0-8f159cf3f055","VCID":13526,"PC_AssignedServiceArea":"4655000A","PC_BuildingName":"South Gate Park Sports Center","PC_RoomArea":"Conference Room","PC_BuildingFullAddress":"9520 Hildreth Ave  South Gate, CA 90280","PC_BuildingAddress":"9520 Hildreth Ave ","PC_BuildingCity":"South Gate","PC_BuildingZip":90280,"PC_AllocatedBMDs":15,"PC_AllocatedEPBs":5,"PC_FacilityType":"Public","PC_SupervisorialDistrict":4,"PC_AllocatedSize":"15 - Standard","PC_MaxNumBMDs":40,"PC_MaxNumEPBs":12,"CIC_Number":null,"PC_ElectionID":4348,"Election_Name":"Gubernatorial General Election","Election_Year":2026,"Election_Type":"4","GIS_Publication_Status":"1","PC_ServiceAreaType":"11 Day"}},{"type":"Feature","id":6425,"geometry":{"type":"Point","coordinates":[-118.148451139875,34.0409604506216]},"properties":{"OBJECTID":6425,"globalid":"b7a6bd4e-2c2b-4e42-9bcc-bc322ab8a9e7","VCID":18897,"PC_AssignedServiceArea":"1450031B","PC_BuildingName":"East Los Angeles College","PC_RoomArea":"F5-201 Multi-Purpose Room","PC_BuildingFullAddress":"1301 Avenida Cesar Chavez Monterey Park, CA 91754","PC_BuildingAddress":"1301 Avenida Cesar Chavez","PC_BuildingCity":"Monterey Park","PC_BuildingZip":91754,"PC_AllocatedBMDs":25,"PC_AllocatedEPBs":9,"PC_FacilityType":"Public","PC_SupervisorialDistrict":null,"PC_AllocatedSize":"25 - Extra Large","PC_MaxNumBMDs":137,"PC_MaxNumEPBs":52,"CIC_Number":null,"PC_ElectionID":4348,"Election_Name":"Gubernatorial General Election","Election_Year":2026,"Election_Type":"4","GIS_Publication_Status":"1","PC_ServiceAreaType":"4 Day"}},{"type":"Feature","id":6426,"geometry":{"type":"Point","coordinates":[-118.338701767066,33.9928792072743]},"properties":{"OBJECTID":6426,"globalid":"ca61987a-849a-4c2a-a72c-33d0bcf3258d","VCID":13652,"PC_AssignedServiceArea":"2751000B","PC_BuildingName":"National Council of Negro Women","PC_RoomArea":"Main Room","PC_BuildingFullAddress":"3720 W 54th St Los Angeles, CA 90043","PC_BuildingAddress":"3720 W 54th St","PC_BuildingCity":"Los Angeles","PC_BuildingZip":90043,"PC_AllocatedBMDs":15,"PC_AllocatedEPBs":5,"PC_FacilityType":"Private","PC_SupervisorialDistrict":null,"PC_AllocatedSize":"15 - Standard","PC_MaxNumBMDs":150,"PC_MaxNumEPBs":14,"CIC_Number":null,"PC_ElectionID":4348,"Election_Name":"Gubernatorial General Election","Election_Year":2026,"Election_Type":"4","GIS_Publication_Status":"1","PC_ServiceAreaType":"4 Day"}},{"type":"Feature","id":6427,"geometry":{"type":"Point","coordinates":[-118.199656268549,34.0853184500673]},"properties":{"OBJECTID":6427,"globalid":"d6037ba2-f4f3-452d-b4a9-580897d3a151","VCID":12739,"PC_AssignedServiceArea":"1900018B","PC_BuildingName":"Glen Alta Span School","PC_RoomArea":"Auditorium","PC_BuildingFullAddress":"3410 Sierra St  Los Angeles, CA 90031","PC_BuildingAddress":"3410 Sierra St ","PC_BuildingCity":"Los Angeles","PC_BuildingZip":90031,"PC_AllocatedBMDs":15,"PC_AllocatedEPBs":5,"PC_FacilityType":"Public","PC_SupervisorialDistrict":1,"PC_AllocatedSize":"15 - Standard","PC_MaxNumBMDs":50,"PC_MaxNumEPBs":28,"CIC_Number":null,"PC_ElectionID":4348,"Election_Name":"Gubernatorial General Election","Election_Year":2026,"Election_Type":"4","GIS_Publication_Status":"1","PC_ServiceAreaType":"4 Day"}},{"type":"Feature","id":6428,"geometry":{"type":"Point","coordinates":[-118.262765975148,34.0614089375232]},"properties":{"OBJECTID":6428,"globalid":"d70eb5e5-37f7-495d-aadd-3fcd1b7edab7","VCID":4424,"PC_AssignedServiceArea":"1900132B","PC_BuildingName":"Belmont High School","PC_RoomArea":"Auditorium","PC_BuildingFullAddress":"1575 W 2nd St Los Angeles, CA 90026","PC_BuildingAddress":"1575 W 2nd St","PC_BuildingCity":"Los Angeles","PC_BuildingZip":90026,"PC_AllocatedBMDs":15,"PC_AllocatedEPBs":5,"PC_FacilityType":"Public","PC_SupervisorialDistrict":null,"PC_AllocatedSize":"15 - Standard","PC_MaxNumBMDs":45,"PC_MaxNumEPBs":11,"CIC_Number":null,"PC_ElectionID":4348,"Election_Name":"Gubernatorial General Election","Election_Year":2026,"Election_Type":"4","GIS_Publication_Status":"1","PC_ServiceAreaType":"4 Day"}},{"type":"Feature","id":6429,"geometry":{"type":"Point","coordinates":[-118.43970928366,34.6730469714023]},"properties":{"OBJECTID":6429,"globalid":"7f754bb3-432c-4d4c-96ad-4dd38e0efebd","VCID":10735,"PC_AssignedServiceArea":"5261001B","PC_BuildingName":"The Lakes Community Center","PC_RoomArea":"Community Room","PC_BuildingFullAddress":"17520 Elizabeth Lake Rd Lake Hughes, CA 93532","PC_BuildingAddress":"17520 Elizabeth Lake Rd","PC_BuildingCity":"Lake Hughes","PC_BuildingZip":93532,"PC_AllocatedBMDs":15,"PC_AllocatedEPBs":5,"PC_FacilityType":"Private","PC_SupervisorialDistrict":5,"PC_AllocatedSize":"15 - Standard","PC_MaxNumBMDs":68,"PC_MaxNumEPBs":16,"CIC_Number":null,"PC_ElectionID":4348,"Election_Name":"Gubernatorial General Election","Election_Year":2026,"Election_Type":"4","GIS_Publication_Status":"1","PC_ServiceAreaType":"4 Day"}},{"type":"Feature","id":6430,"geometry":{"type":"Point","coordinates":[-118.536566149977,34.2171535014937]},"properties":{"OBJECTID":6430,"globalid":"6e1a2f24-ec96-48b9-a9ce-aab06cf6db0c","VCID":30773,"PC_AssignedServiceArea":"3900033B","PC_BuildingName":"Sweetwater Church","PC_RoomArea":"Community Room","PC_BuildingFullAddress":"8055 Reseda Blvd Reseda, CA 91335","PC_BuildingAddress":"8055 Reseda Blvd","PC_BuildingCity":"Reseda","PC_BuildingZip":91335,"PC_AllocatedBMDs":15,"PC_AllocatedEPBs":5,"PC_FacilityType":"Private","PC_SupervisorialDistrict":3,"PC_AllocatedSize":"15 - Standard","PC_MaxNumBMDs":80,"PC_MaxNumEPBs":15,"CIC_Number":null,"PC_ElectionID":4348,"Election_Name":"Gubernatorial General Election","Election_Year":2026,"Election_Type":"4","GIS_Publication_Status":"1","PC_ServiceAreaType":"4 Day"}},{"type":"Feature","id":6431,"geometry":{"type":"Point","coordinates":[-118.082394781109,33.8290922450118]},"properties":{"OBJECTID":6431,"globalid":"a2218d54-a734-4ffe-b4d3-69949dad36a3","VCID":24458,"PC_AssignedServiceArea":"4265000D","PC_BuildingName":"C Robert Lee Activity Center","PC_RoomArea":"Multi Purpose Room A","PC_BuildingFullAddress":"21815 Pioneer Blvd Hawaiian Gardens, CA 90716","PC_BuildingAddress":"21815 Pioneer Blvd","PC_BuildingCity":"Hawaiian Gardens","PC_BuildingZip":90716,"PC_AllocatedBMDs":15,"PC_AllocatedEPBs":5,"PC_FacilityType":"Public","PC_SupervisorialDistrict":null,"PC_AllocatedSize":"15 - Standard","PC_MaxNumBMDs":45,"PC_MaxNumEPBs":45,"CIC_Number":null,"PC_ElectionID":4348,"Election_Name":"Gubernatorial General Election","Election_Year":2026,"Election_Type":"4","GIS_Publication_Status":"1","PC_ServiceAreaType":"4 Day"}},{"type":"Feature","id":6432,"geometry":{"type":"Point","coordinates":[-118.513799342939,34.3758662561955]},"properties":{"OBJECTID":6432,"globalid":"788064a7-55b3-435d-a1eb-5d71df787c3e","VCID":9452,"PC_AssignedServiceArea":"5622008B","PC_BuildingName":"Dr J Michael McGrath Elementary School","PC_RoomArea":"Library","PC_BuildingFullAddress":"21501 Deputy Jake Dr  Newhall, CA 91321","PC_BuildingAddress":"21501 Deputy Jake Dr ","PC_BuildingCity":"Newhall","PC_BuildingZip":91321,"PC_AllocatedBMDs":15,"PC_AllocatedEPBs":5,"PC_FacilityType":"Public","PC_SupervisorialDistrict":5,"PC_AllocatedSize":"15 - Standard","PC_MaxNumBMDs":129,"PC_MaxNumEPBs":5,"CIC_Number":null,"PC_ElectionID":4348,"Election_Name":"Gubernatorial General Election","Election_Year":2026,"Election_Type":"4","GIS_Publication_Status":"1","PC_ServiceAreaType":"4 Day"}},{"type":"Feature","id":6433,"geometry":{"type":"Point","coordinates":[-118.142526525605,34.6884942271659]},"properties":{"OBJECTID":6433,"globalid":"3d43f19d-5ccd-496a-ad4e-1b00b85d43fe","VCID":11792,"PC_AssignedServiceArea":"5500010B","PC_BuildingName":"Park View Educational Complex","PC_RoomArea":"Gymnasium","PC_BuildingFullAddress":"44327 Fig Ave  Lancaster, CA 93534","PC_BuildingAddress":"44327 Fig Ave ","PC_BuildingCity":"Lancaster","PC_BuildingZip":93534,"PC_AllocatedBMDs":15,"PC_AllocatedEPBs":5,"PC_FacilityType":"Public","PC_SupervisorialDistrict":5,"PC_AllocatedSize":"15 - Standard","PC_MaxNumBMDs":60,"PC_MaxNumEPBs":50,"CIC_Number":null,"PC_ElectionID":4348,"Election_Name":"Gubernatorial General Election","Election_Year":2026,"Election_Type":"4","GIS_Publication_Status":"1","PC_ServiceAreaType":"4 Day"}},{"type":"Feature","id":6434,"geometry":{"type":"Point","coordinates":[-118.159130650553,34.0410972028931]},"properties":{"OBJECTID":6434,"globalid":"1a288077-70dc-4121-8ae9-a3bf9a158509","VCID":13246,"PC_AssignedServiceArea":"1200003B","PC_BuildingName":"Nueva Maravilla Housing Community","PC_RoomArea":"Community Room","PC_BuildingFullAddress":"4919 E Cesar E Chavez Ave Los Angeles, CA 90022","PC_BuildingAddress":"4919 E Cesar E Chavez Ave","PC_BuildingCity":"Los Angeles","PC_BuildingZip":90022,"PC_AllocatedBMDs":15,"PC_AllocatedEPBs":5,"PC_FacilityType":"Public","PC_SupervisorialDistrict":1,"PC_AllocatedSize":"15 - Standard","PC_MaxNumBMDs":137,"PC_MaxNumEPBs":10,"CIC_Number":null,"PC_ElectionID":4348,"Election_Name":"Gubernatorial General Election","Election_Year":2026,"Election_Type":"4","GIS_Publication_Status":"1","PC_ServiceAreaType":"4 Day"}},{"type":"Feature","id":6435,"geometry":{"type":"Point","coordinates":[-118.204992174831,34.0419392021505]},"properties":{"OBJECTID":6435,"globalid":"55054336-1793-4789-9bfd-a793c067e817","VCID":6405,"PC_AssignedServiceArea":"1900145H","PC_BuildingName":"Tenrikyo Church","PC_RoomArea":"Dining Room","PC_BuildingFullAddress":"117 N Saratoga St Los Angeles, CA 90033","PC_BuildingAddress":"117 N Saratoga St","PC_BuildingCity":"Los Angeles","PC_BuildingZip":90033,"PC_AllocatedBMDs":15,"PC_AllocatedEPBs":5,"PC_FacilityType":"Private","PC_SupervisorialDistrict":1,"PC_AllocatedSize":"15 - Standard","PC_MaxNumBMDs":40,"PC_MaxNumEPBs":27,"CIC_Number":null,"PC_ElectionID":4348,"Election_Name":"Gubernatorial General Election","Election_Year":2026,"Election_Type":"4","GIS_Publication_Status":"1","PC_ServiceAreaType":"4 Day"}},{"type":"Feature","id":6436,"geometry":{"type":"Point","coordinates":[-118.240262442219,34.2246898193119]},"properties":{"OBJECTID":6436,"globalid":"9ffbff3c-5bfe-42ec-b813-48351f30f6b9","VCID":9579,"PC_AssignedServiceArea":"5255002A","PC_BuildingName":"La Crescenta Library","PC_RoomArea":"Meeting Room","PC_BuildingFullAddress":"2809 Foothill Blvd La Crescenta, CA 91214","PC_BuildingAddress":"2809 Foothill Blvd","PC_BuildingCity":"La Crescenta","PC_BuildingZip":91214,"PC_AllocatedBMDs":15,"PC_AllocatedEPBs":5,"PC_FacilityType":"Public","PC_SupervisorialDistrict":5,"PC_AllocatedSize":"15 - Standard","PC_MaxNumBMDs":131,"PC_MaxNumEPBs":7,"CIC_Number":null,"PC_ElectionID":4348,"Election_Name":"Gubernatorial General Election","Election_Year":2026,"Election_Type":"4","GIS_Publication_Status":"1","PC_ServiceAreaType":"11 Day"}},{"type":"Feature","id":6437,"geometry":{"type":"Point","coordinates":[-118.334904542595,33.9062940835338]},"properties":{"OBJECTID":6437,"globalid":"db80ba91-9a94-44db-bc9c-57f3203494c2","VCID":14149,"PC_AssignedServiceArea":"2270000B","PC_BuildingName":"Bud Carson Middle School","PC_RoomArea":"Gymnasium","PC_BuildingFullAddress":"13838 Yukon Ave Hawthorne, CA 90250","PC_BuildingAddress":"13838 Yukon Ave","PC_BuildingCity":"Hawthorne","PC_BuildingZip":90250,"PC_AllocatedBMDs":15,"PC_AllocatedEPBs":5,"PC_FacilityType":"Public","PC_SupervisorialDistrict":2,"PC_AllocatedSize":"15 - Standard","PC_MaxNumBMDs":50,"PC_MaxNumEPBs":17,"CIC_Number":null,"PC_ElectionID":4348,"Election_Name":"Gubernatorial General Election","Election_Year":2026,"Election_Type":"4","GIS_Publication_Status":"1","PC_ServiceAreaType":"4 Day"}},{"type":"Feature","id":6438,"geometry":{"type":"Point","coordinates":[-117.960325401011,34.0021785408413]},"properties":{"OBJECTID":6438,"globalid":"1197ee38-dba4-4d72-a2fd-1515a6b68376","VCID":3067,"PC_AssignedServiceArea":"1263001B","PC_BuildingName":"William Steinmetz Park","PC_RoomArea":"Community Room A","PC_BuildingFullAddress":"1545 S Stimson Ave Hacienda Heights, CA 91745","PC_BuildingAddress":"1545 S Stimson Ave","PC_BuildingCity":"Hacienda Heights","PC_BuildingZip":91745,"PC_AllocatedBMDs":15,"PC_AllocatedEPBs":5,"PC_FacilityType":"Public","PC_SupervisorialDistrict":1,"PC_AllocatedSize":"15 - Standard","PC_MaxNumBMDs":44,"PC_MaxNumEPBs":7,"CIC_Number":null,"PC_ElectionID":4348,"Election_Name":"Gubernatorial General Election","Election_Year":2026,"Election_Type":"4","GIS_Publication_Status":"1","PC_ServiceAreaType":"4 Day"}},{"type":"Feature","id":6439,"geometry":{"type":"Point","coordinates":[-118.133416431357,33.8489096727641]},"properties":{"OBJECTID":6439,"globalid":"64ecbf43-e577-467d-93c7-a4f77e1d9997","VCID":116,"PC_AssignedServiceArea":"4345020A","PC_BuildingName":"Angelo M Iacoboni Library","PC_RoomArea":"Meeting Room","PC_BuildingFullAddress":"4990 Clark Ave Lakewood, CA 90712","PC_BuildingAddress":"4990 Clark Ave","PC_BuildingCity":"Lakewood","PC_BuildingZip":90712,"PC_AllocatedBMDs":15,"PC_AllocatedEPBs":5,"PC_FacilityType":"Public","PC_SupervisorialDistrict":4,"PC_AllocatedSize":"15 - Standard","PC_MaxNumBMDs":90,"PC_MaxNumEPBs":85,"CIC_Number":null,"PC_ElectionID":4348,"Election_Name":"Gubernatorial General Election","Election_Year":2026,"Election_Type":"4","GIS_Publication_Status":"1","PC_ServiceAreaType":"11 Day"}},{"type":"Feature","id":6440,"geometry":{"type":"Point","coordinates":[-118.287329101049,33.9394407784552]},"properties":{"OBJECTID":6440,"globalid":"17953cfe-6405-46d0-aa18-4e4317456f8e","VCID":12880,"PC_AssignedServiceArea":"2767001B","PC_BuildingName":"Community Church of Los Angeles","PC_RoomArea":"Fellowship Hall","PC_BuildingFullAddress":"10611 S Hoover St Los Angeles, CA 90044","PC_BuildingAddress":"10611 S Hoover St","PC_BuildingCity":"Los Angeles","PC_BuildingZip":90044,"PC_AllocatedBMDs":15,"PC_AllocatedEPBs":5,"PC_FacilityType":"Private","PC_SupervisorialDistrict":2,"PC_AllocatedSize":"15 - Standard","PC_MaxNumBMDs":50,"PC_MaxNumEPBs":92,"CIC_Number":null,"PC_ElectionID":4348,"Election_Name":"Gubernatorial General Election","Election_Year":2026,"Election_Type":"4","GIS_Publication_Status":"1","PC_ServiceAreaType":"4 Day"}},{"type":"Feature","id":6441,"geometry":{"type":"Point","coordinates":[-118.395287691386,34.1718559278997]},"properties":{"OBJECTID":6441,"globalid":"a47fa285-8359-4fa2-ac91-72fc874fbbf9","VCID":14157,"PC_AssignedServiceArea":"5900023B","PC_BuildingName":"Adat Ari El","PC_RoomArea":"Jacoby Social and Sisterhood Lounge","PC_BuildingFullAddress":"12020 Burbank Blvd Valley Village, CA 91607","PC_BuildingAddress":"12020 Burbank Blvd","PC_BuildingCity":"Valley Village","PC_BuildingZip":91607,"PC_AllocatedBMDs":45,"PC_AllocatedEPBs":12,"PC_FacilityType":"Private","PC_SupervisorialDistrict":5,"PC_AllocatedSize":"45 - Extra Large","PC_MaxNumBMDs":45,"PC_MaxNumEPBs":13,"CIC_Number":null,"PC_ElectionID":4348,"Election_Name":"Gubernatorial General Election","Election_Year":2026,"Election_Type":"4","GIS_Publication_Status":"1","PC_ServiceAreaType":"4 Day"}},{"type":"Feature","id":6442,"geometry":{"type":"Point","coordinates":[-118.293080167655,34.0856177552806]},"properties":{"OBJECTID":6442,"globalid":"ab0739ee-6ca1-4eac-a8af-f1052597f39b","VCID":4271,"PC_AssignedServiceArea":"1900134B","PC_BuildingName":"Los Angeles City College","PC_RoomArea":"Student Union 3rd Flr-Multi-Purpose Rm","PC_BuildingFullAddress":"855 N Vermont Ave Los Angeles, CA 90029","PC_BuildingAddress":"855 N Vermont Ave","PC_BuildingCity":"Los Angeles","PC_BuildingZip":90029,"PC_AllocatedBMDs":45,"PC_AllocatedEPBs":12,"PC_FacilityType":"Public","PC_SupervisorialDistrict":1,"PC_AllocatedSize":"45 - Extra Large","PC_MaxNumBMDs":205,"PC_MaxNumEPBs":12,"CIC_Number":null,"PC_ElectionID":4348,"Election_Name":"Gubernatorial General Election","Election_Year":2026,"Election_Type":"4","GIS_Publication_Status":"1","PC_ServiceAreaType":"4 Day"}},{"type":"Feature","id":6443,"geometry":{"type":"Point","coordinates":[-118.261758922678,34.0548791299281]},"properties":{"OBJECTID":6443,"globalid":"d7b8828e-458f-4cdd-be28-f997306450e8","VCID":14153,"PC_AssignedServiceArea":"1900011A","PC_BuildingName":"Central City Neighborhood Partners","PC_RoomArea":"Atrium","PC_BuildingFullAddress":"501 S Bixel St Los Angeles, CA 90017","PC_BuildingAddress":"501 S Bixel St","PC_BuildingCity":"Los Angeles","PC_BuildingZip":90017,"PC_AllocatedBMDs":15,"PC_AllocatedEPBs":5,"PC_FacilityType":"Private","PC_SupervisorialDistrict":1,"PC_AllocatedSize":"15 - Standard","PC_MaxNumBMDs":90,"PC_MaxNumEPBs":8,"CIC_Number":null,"PC_ElectionID":4348,"Election_Name":"Gubernatorial General Election","Election_Year":2026,"Election_Type":"4","GIS_Publication_Status":"1","PC_ServiceAreaType":"11 Day"}},{"type":"Feature","id":6444,"geometry":{"type":"Point","coordinates":[-118.259629217332,34.1003998612132]},"properties":{"OBJECTID":6444,"globalid":"a9f8fb32-7adc-44f3-925c-685f03effdd5","VCID":22330,"PC_AssignedServiceArea":"1900133D","PC_BuildingName":"Silver Lake Branch Library","PC_RoomArea":"Meeting Room","PC_BuildingFullAddress":"2411 Glendale Blvd Los Angeles, CA 90039","PC_BuildingAddress":"2411 Glendale Blvd","PC_BuildingCity":"Los Angeles","PC_BuildingZip":90039,"PC_AllocatedBMDs":15,"PC_AllocatedEPBs":5,"PC_FacilityType":"Public","PC_SupervisorialDistrict":1,"PC_AllocatedSize":"15 - Standard","PC_MaxNumBMDs":136,"PC_MaxNumEPBs":43,"CIC_Number":null,"PC_ElectionID":4348,"Election_Name":"Gubernatorial General Election","Election_Year":2026,"Election_Type":"4","GIS_Publication_Status":"1","PC_ServiceAreaType":"4 Day"}},{"type":"Feature","id":6445,"geometry":{"type":"Point","coordinates":[-118.208711254297,34.0310457863541]},"properties":{"OBJECTID":6445,"globalid":"4b715f37-9824-4011-8d26-6b7fed4f02ce","VCID":4314,"PC_AssignedServiceArea":"1900144B","PC_BuildingName":"Weingart East LA YMCA","PC_RoomArea":"Aerobics Studio","PC_BuildingFullAddress":"2900 Whittier Blvd Los Angeles, CA 90023","PC_BuildingAddress":"2900 Whittier Blvd","PC_BuildingCity":"Los Angeles","PC_BuildingZip":90023,"PC_AllocatedBMDs":15,"PC_AllocatedEPBs":5,"PC_FacilityType":"Private","PC_SupervisorialDistrict":1,"PC_AllocatedSize":"15 - Standard","PC_MaxNumBMDs":85,"PC_MaxNumEPBs":24,"CIC_Number":null,"PC_ElectionID":4348,"Election_Name":"Gubernatorial General Election","Election_Year":2026,"Election_Type":"4","GIS_Publication_Status":"1","PC_ServiceAreaType":"4 Day"}},{"type":"Feature","id":6446,"geometry":{"type":"Point","coordinates":[-117.777343751995,34.1242839893649]},"properties":{"OBJECTID":6446,"globalid":"87e610f5-730f-4f9e-8efe-2fb06e8f65fc","VCID":2062,"PC_AssignedServiceArea":"5340031B","PC_BuildingName":"St John's Episcopal Church","PC_RoomArea":"Vicenti Hall","PC_BuildingFullAddress":"4745 Wheeler Ave La Verne, CA 91750","PC_BuildingAddress":"4745 Wheeler Ave","PC_BuildingCity":"La Verne","PC_BuildingZip":91750,"PC_AllocatedBMDs":15,"PC_AllocatedEPBs":5,"PC_FacilityType":"Private","PC_SupervisorialDistrict":5,"PC_AllocatedSize":"15 - Standard","PC_MaxNumBMDs":60,"PC_MaxNumEPBs":11,"CIC_Number":null,"PC_ElectionID":4348,"Election_Name":"Gubernatorial General Election","Election_Year":2026,"Election_Type":"4","GIS_Publication_Status":"1","PC_ServiceAreaType":"4 Day"}},{"type":"Feature","id":6447,"geometry":{"type":"Point","coordinates":[-118.2315821956,34.1467418601067]},"properties":{"OBJECTID":6447,"globalid":"256c279b-693d-470c-b0b9-0fc08a754f0f","VCID":22739,"PC_AssignedServiceArea":"5255003B","PC_BuildingName":"The Lighthouse Mission Church","PC_RoomArea":"Gymnasium","PC_BuildingFullAddress":"1479 E Broadway Glendale, CA 91205","PC_BuildingAddress":"1479 E Broadway","PC_BuildingCity":"Glendale","PC_BuildingZip":91205,"PC_AllocatedBMDs":45,"PC_AllocatedEPBs":12,"PC_FacilityType":"Private","PC_SupervisorialDistrict":5,"PC_AllocatedSize":"45 - Extra Large","PC_MaxNumBMDs":70,"PC_MaxNumEPBs":16,"CIC_Number":null,"PC_ElectionID":4348,"Election_Name":"Gubernatorial General Election","Election_Year":2026,"Election_Type":"4","GIS_Publication_Status":"1","PC_ServiceAreaType":"4 Day"}},{"type":"Feature","id":6448,"geometry":{"type":"Point","coordinates":[-118.1143307447,33.7871231347911]},"properties":{"OBJECTID":6448,"globalid":"e8abe636-a1d7-471d-a910-c2248a11c484","VCID":11768,"PC_AssignedServiceArea":"4385043B","PC_BuildingName":"CSU Long Beach-LBS Financial Pyramid","PC_RoomArea":"The Pointe Sunset Rooms A and B","PC_BuildingFullAddress":"1250 N Bellflower Blvd Long Beach, CA 90840","PC_BuildingAddress":"1250 N Bellflower Blvd","PC_BuildingCity":"Long Beach","PC_BuildingZip":90840,"PC_AllocatedBMDs":40,"PC_AllocatedEPBs":12,"PC_FacilityType":"Public","PC_SupervisorialDistrict":4,"PC_AllocatedSize":"40 - Extra Large","PC_MaxNumBMDs":182,"PC_MaxNumEPBs":51,"CIC_Number":null,"PC_ElectionID":4348,"Election_Name":"Gubernatorial General Election","Election_Year":2026,"Election_Type":"4","GIS_Publication_Status":"1","PC_ServiceAreaType":"4 Day"}},{"type":"Feature","id":6449,"geometry":{"type":"Point","coordinates":[-118.002239273185,34.1485920787992]},"properties":{"OBJECTID":6449,"globalid":"7caf44ac-cbf3-4aa3-a31e-7da49c900bde","VCID":235,"PC_AssignedServiceArea":"5440000A","PC_BuildingName":"Monrovia Public Library","PC_RoomArea":"Community Room","PC_BuildingFullAddress":"321 S Myrtle Ave Monrovia, CA 91016","PC_BuildingAddress":"321 S Myrtle Ave","PC_BuildingCity":"Monrovia","PC_BuildingZip":91016,"PC_AllocatedBMDs":15,"PC_AllocatedEPBs":5,"PC_FacilityType":"Public","PC_SupervisorialDistrict":5,"PC_AllocatedSize":"15 - Standard","PC_MaxNumBMDs":68,"PC_MaxNumEPBs":14,"CIC_Number":null,"PC_ElectionID":4348,"Election_Name":"Gubernatorial General Election","Election_Year":2026,"Election_Type":"4","GIS_Publication_Status":"1","PC_ServiceAreaType":"11 Day"}},{"type":"Feature","id":6450,"geometry":{"type":"Point","coordinates":[-117.94027975755,34.0707679787369]},"properties":{"OBJECTID":6450,"globalid":"890d6ed8-cd7d-4621-b65c-987caf68480e","VCID":151,"PC_AssignedServiceArea":"1770011B","PC_BuildingName":"West Covina Library","PC_RoomArea":"Meeting Room","PC_BuildingFullAddress":"1601 W Covina Pkwy West Covina, CA 91790","PC_BuildingAddress":"1601 W Covina Pkwy","PC_BuildingCity":"West Covina","PC_BuildingZip":91790,"PC_AllocatedBMDs":15,"PC_AllocatedEPBs":5,"PC_FacilityType":"Public","PC_SupervisorialDistrict":1,"PC_AllocatedSize":"15 - Standard","PC_MaxNumBMDs":68,"PC_MaxNumEPBs":39,"CIC_Number":null,"PC_ElectionID":4348,"Election_Name":"Gubernatorial General Election","Election_Year":2026,"Election_Type":"4","GIS_Publication_Status":"1","PC_ServiceAreaType":"4 Day"}},{"type":"Feature","id":6451,"geometry":{"type":"Point","coordinates":[-118.350836042613,33.8357267493991]},"properties":{"OBJECTID":6451,"globalid":"fd93aaf2-4c08-4d94-916f-4f20f487de75","VCID":20289,"PC_AssignedServiceArea":"4715004B","PC_BuildingName":"Torrance Marriott Redondo Beach","PC_RoomArea":"Piers 3 and 5","PC_BuildingFullAddress":"3635 Fashion Way Torrance, CA 90503","PC_BuildingAddress":"3635 Fashion Way","PC_BuildingCity":"Torrance","PC_BuildingZip":90503,"PC_AllocatedBMDs":15,"PC_AllocatedEPBs":5,"PC_FacilityType":"Private","PC_SupervisorialDistrict":null,"PC_AllocatedSize":"15 - Standard","PC_MaxNumBMDs":null,"PC_MaxNumEPBs":null,"CIC_Number":null,"PC_ElectionID":4348,"Election_Name":"Gubernatorial General Election","Election_Year":2026,"Election_Type":"4","GIS_Publication_Status":"1","PC_ServiceAreaType":"4 Day"}},{"type":"Feature","id":6452,"geometry":{"type":"Point","coordinates":[-118.23229585426,33.9313288803123]},"properties":{"OBJECTID":6452,"globalid":"da34c3c8-5219-4e5b-9010-a5a1de779fbd","VCID":541,"PC_AssignedServiceArea":"2900156B","PC_BuildingName":"Watts Empowerment Center","PC_RoomArea":"Gymnasium","PC_BuildingFullAddress":"2250 E 114th St Los Angeles, CA 90059","PC_BuildingAddress":"2250 E 114th St","PC_BuildingCity":"Los Angeles","PC_BuildingZip":90059,"PC_AllocatedBMDs":15,"PC_AllocatedEPBs":5,"PC_FacilityType":"Public","PC_SupervisorialDistrict":2,"PC_AllocatedSize":"15 - Standard","PC_MaxNumBMDs":75,"PC_MaxNumEPBs":12,"CIC_Number":null,"PC_ElectionID":4348,"Election_Name":"Gubernatorial General Election","Election_Year":2026,"Election_Type":"4","GIS_Publication_Status":"1","PC_ServiceAreaType":"4 Day"}},{"type":"Feature","id":6453,"geometry":{"type":"Point","coordinates":[-118.028994949383,34.572167799951]},"properties":{"OBJECTID":6453,"globalid":"f5f24f48-95be-4905-a7ab-56856e17746c","VCID":13094,"PC_AssignedServiceArea":"5500041D","PC_BuildingName":"Los Angeles County Fire Station 93","PC_RoomArea":"Apparatus Bay","PC_BuildingFullAddress":"5624 E Avenue R Blvd Palmdale, CA 93552","PC_BuildingAddress":"5624 E Avenue R Blvd","PC_BuildingCity":"Palmdale","PC_BuildingZip":93552,"PC_AllocatedBMDs":15,"PC_AllocatedEPBs":5,"PC_FacilityType":"Public","PC_SupervisorialDistrict":5,"PC_AllocatedSize":"15 - Standard","PC_MaxNumBMDs":50,"PC_MaxNumEPBs":42,"CIC_Number":null,"PC_ElectionID":4348,"Election_Name":"Gubernatorial General Election","Election_Year":2026,"Election_Type":"4","GIS_Publication_Status":"1","PC_ServiceAreaType":"4 Day"}},{"type":"Feature","id":6454,"geometry":{"type":"Point","coordinates":[-117.887215789758,34.1043526317944]},"properties":{"OBJECTID":6454,"globalid":"3b848a18-b245-4d14-8a47-98a297d136ae","VCID":35082,"PC_AssignedServiceArea":"1150011B","PC_BuildingName":"Covina-Valley Trade-Tech Academy","PC_RoomArea":"Rooms 13 and 14","PC_BuildingFullAddress":"231 E Stephanie Dr Covina, CA 91722","PC_BuildingAddress":"231 E Stephanie Dr","PC_BuildingCity":"Covina","PC_BuildingZip":91722,"PC_AllocatedBMDs":15,"PC_AllocatedEPBs":5,"PC_FacilityType":"Public","PC_SupervisorialDistrict":1,"PC_AllocatedSize":"15 - Standard","PC_MaxNumBMDs":90,"PC_MaxNumEPBs":null,"CIC_Number":null,"PC_ElectionID":4348,"Election_Name":"Gubernatorial General Election","Election_Year":2026,"Election_Type":"4","GIS_Publication_Status":"1","PC_ServiceAreaType":"4 Day"}},{"type":"Feature","id":6455,"geometry":{"type":"Point","coordinates":[-118.217691245623,33.9809655105655]},"properties":{"OBJECTID":6455,"globalid":"dce6fd87-af7f-4396-b66c-cc6722b16303","VCID":14883,"PC_AssignedServiceArea":"4285000B","PC_BuildingName":"Gage Middle School","PC_RoomArea":"Multi-Purpose Room","PC_BuildingFullAddress":"2880 E Gage Ave Huntington Park, CA 90255","PC_BuildingAddress":"2880 E Gage Ave","PC_BuildingCity":"Huntington Park","PC_BuildingZip":90255,"PC_AllocatedBMDs":15,"PC_AllocatedEPBs":5,"PC_FacilityType":"Public","PC_SupervisorialDistrict":4,"PC_AllocatedSize":"15 - Standard","PC_MaxNumBMDs":137,"PC_MaxNumEPBs":52,"CIC_Number":null,"PC_ElectionID":4348,"Election_Name":"Gubernatorial General Election","Election_Year":2026,"Election_Type":"4","GIS_Publication_Status":"1","PC_ServiceAreaType":"4 Day"}},{"type":"Feature","id":6456,"geometry":{"type":"Point","coordinates":[-118.467084569312,34.4079090496395]},"properties":{"OBJECTID":6456,"globalid":"87852ec8-1e86-40ce-8320-6680c51b5bf9","VCID":24237,"PC_AssignedServiceArea":"5470000B","PC_BuildingName":"Sulphur Springs Union School District","PC_RoomArea":"Board Room","PC_BuildingFullAddress":"27000 Weyerhauser Way Canyon Country, CA 91351","PC_BuildingAddress":"27000 Weyerhauser Way","PC_BuildingCity":"Canyon Country","PC_BuildingZip":91351,"PC_AllocatedBMDs":15,"PC_AllocatedEPBs":5,"PC_FacilityType":"Public","PC_SupervisorialDistrict":null,"PC_AllocatedSize":"15 - Standard","PC_MaxNumBMDs":89,"PC_MaxNumEPBs":23,"CIC_Number":null,"PC_ElectionID":4348,"Election_Name":"Gubernatorial General Election","Election_Year":2026,"Election_Type":"4","GIS_Publication_Status":"1","PC_ServiceAreaType":"4 Day"}},{"type":"Feature","id":6457,"geometry":{"type":"Point","coordinates":[-118.16899019658,34.0826719799815]},"properties":{"OBJECTID":6457,"globalid":"417dfd02-b2ff-40bb-86ce-6434d5245cc8","VCID":2494,"PC_AssignedServiceArea":"1015052B","PC_BuildingName":"Sierra Park Elementary School","PC_RoomArea":"Auditorium","PC_BuildingFullAddress":"3170 Budau Ave Los Angeles, CA 90032","PC_BuildingAddress":"3170 Budau Ave","PC_BuildingCity":"Los Angeles","PC_BuildingZip":90032,"PC_AllocatedBMDs":15,"PC_AllocatedEPBs":5,"PC_FacilityType":"Public","PC_SupervisorialDistrict":1,"PC_AllocatedSize":"15 - Standard","PC_MaxNumBMDs":70,"PC_MaxNumEPBs":39,"CIC_Number":null,"PC_ElectionID":4348,"Election_Name":"Gubernatorial General Election","Election_Year":2026,"Election_Type":"4","GIS_Publication_Status":"1","PC_ServiceAreaType":"4 Day"}},{"type":"Feature","id":6458,"geometry":{"type":"Point","coordinates":[-118.364149026312,34.0354671380442]},"properties":{"OBJECTID":6458,"globalid":"ed816f20-925d-446e-863c-d31146ea0b69","VCID":1873,"PC_AssignedServiceArea":"2900105B","PC_BuildingName":"Marvin Avenue Elementary School","PC_RoomArea":"Auditorium","PC_BuildingFullAddress":"2411 S Marvin Ave Los Angeles, CA 90016","PC_BuildingAddress":"2411 S Marvin Ave","PC_BuildingCity":"Los Angeles","PC_BuildingZip":90016,"PC_AllocatedBMDs":15,"PC_AllocatedEPBs":5,"PC_FacilityType":"Public","PC_SupervisorialDistrict":2,"PC_AllocatedSize":"15 - Standard","PC_MaxNumBMDs":40,"PC_MaxNumEPBs":72,"CIC_Number":null,"PC_ElectionID":4348,"Election_Name":"Gubernatorial General Election","Election_Year":2026,"Election_Type":"4","GIS_Publication_Status":"1","PC_ServiceAreaType":"4 Day"}},{"type":"Feature","id":6459,"geometry":{"type":"Point","coordinates":[-117.965171579359,33.9472378519757]},"properties":{"OBJECTID":6459,"globalid":"25610c22-62ee-48af-b20b-98f06862b40c","VCID":12431,"PC_AssignedServiceArea":"4323000B","PC_BuildingName":"La Habra Heights Civic Center","PC_RoomArea":"Council Chambers","PC_BuildingFullAddress":"1245 N Hacienda Rd La Habra Heights, CA 90631","PC_BuildingAddress":"1245 N Hacienda Rd","PC_BuildingCity":"La Habra Heights","PC_BuildingZip":90631,"PC_AllocatedBMDs":15,"PC_AllocatedEPBs":5,"PC_FacilityType":"Public","PC_SupervisorialDistrict":null,"PC_AllocatedSize":"15 - Standard","PC_MaxNumBMDs":68,"PC_MaxNumEPBs":24,"CIC_Number":null,"PC_ElectionID":4348,"Election_Name":"Gubernatorial General Election","Election_Year":2026,"Election_Type":"4","GIS_Publication_Status":"1","PC_ServiceAreaType":"4 Day"}},{"type":"Feature","id":6460,"geometry":{"type":"Point","coordinates":[-118.062633212221,33.9794549320925]},"properties":{"OBJECTID":6460,"globalid":"39fed08b-3563-45c9-a1f9-0aa2c30467e3","VCID":13272,"PC_AssignedServiceArea":"4780020A","PC_BuildingName":"Sorenson Library","PC_RoomArea":"Meeting Room","PC_BuildingFullAddress":"6934 Broadway Ave Whittier, CA 90606","PC_BuildingAddress":"6934 Broadway Ave","PC_BuildingCity":"Whittier","PC_BuildingZip":90606,"PC_AllocatedBMDs":15,"PC_AllocatedEPBs":5,"PC_FacilityType":"Public","PC_SupervisorialDistrict":4,"PC_AllocatedSize":"15 - Standard","PC_MaxNumBMDs":17,"PC_MaxNumEPBs":9,"CIC_Number":null,"PC_ElectionID":4348,"Election_Name":"Gubernatorial General Election","Election_Year":2026,"Election_Type":"4","GIS_Publication_Status":"1","PC_ServiceAreaType":"11 Day"}},{"type":"Feature","id":6461,"geometry":{"type":"Point","coordinates":[-118.119838338908,33.9926339048732]},"properties":{"OBJECTID":6461,"globalid":"9ad45b4a-c130-4fd7-a587-8b00c1fbde97","VCID":12420,"PC_AssignedServiceArea":"1445051B","PC_BuildingName":"Chet Holifield Park","PC_RoomArea":"Community Room","PC_BuildingFullAddress":"1060 S Greenwood Ave Montebello, CA 90640","PC_BuildingAddress":"1060 S Greenwood Ave","PC_BuildingCity":"Montebello","PC_BuildingZip":90640,"PC_AllocatedBMDs":15,"PC_AllocatedEPBs":5,"PC_FacilityType":"Public","PC_SupervisorialDistrict":1,"PC_AllocatedSize":"15 - Standard","PC_MaxNumBMDs":40,"PC_MaxNumEPBs":28,"CIC_Number":null,"PC_ElectionID":4348,"Election_Name":"Gubernatorial General Election","Election_Year":2026,"Election_Type":"4","GIS_Publication_Status":"1","PC_ServiceAreaType":"4 Day"}},{"type":"Feature","id":6462,"geometry":{"type":"Point","coordinates":[-118.37944116381,34.1656638334393]},"properties":{"OBJECTID":6462,"globalid":"3b0ea4f1-6003-45c3-93d9-10131c1615bb","VCID":22231,"PC_AssignedServiceArea":"5900020A","PC_BuildingName":"N Hollywood A Earhart Branch Library","PC_RoomArea":"Meeting Room","PC_BuildingFullAddress":"5211 Tujunga Ave North Hollywood, CA 91601","PC_BuildingAddress":"5211 Tujunga Ave","PC_BuildingCity":"North Hollywood","PC_BuildingZip":91601,"PC_AllocatedBMDs":15,"PC_AllocatedEPBs":5,"PC_FacilityType":"Public","PC_SupervisorialDistrict":null,"PC_AllocatedSize":"15 - Standard","PC_MaxNumBMDs":40,"PC_MaxNumEPBs":52,"CIC_Number":null,"PC_ElectionID":4348,"Election_Name":"Gubernatorial General Election","Election_Year":2026,"Election_Type":"4","GIS_Publication_Status":"1","PC_ServiceAreaType":"11 Day"}},{"type":"Feature","id":6463,"geometry":{"type":"Point","coordinates":[-118.099403322558,34.0957074565151]},"properties":{"OBJECTID":6463,"globalid":"5f738dea-c765-493e-86a8-1d32b036af13","VCID":13271,"PC_AssignedServiceArea":"1015010A","PC_BuildingName":"San Gabriel Library","PC_RoomArea":"Meeting Room 2nd Floor","PC_BuildingFullAddress":"500 S Del Mar Ave San Gabriel, CA 91776","PC_BuildingAddress":"500 S Del Mar Ave","PC_BuildingCity":"San Gabriel","PC_BuildingZip":91776,"PC_AllocatedBMDs":15,"PC_AllocatedEPBs":5,"PC_FacilityType":"Public","PC_SupervisorialDistrict":1,"PC_AllocatedSize":"15 - Standard","PC_MaxNumBMDs":70,"PC_MaxNumEPBs":5,"CIC_Number":null,"PC_ElectionID":4348,"Election_Name":"Gubernatorial General Election","Election_Year":2026,"Election_Type":"4","GIS_Publication_Status":"1","PC_ServiceAreaType":"11 Day"}},{"type":"Feature","id":6464,"geometry":{"type":"Point","coordinates":[-118.60499603316,34.4414815466547]},"properties":{"OBJECTID":6464,"globalid":"11c3e802-4727-4829-a6fc-6b288ebb4a00","VCID":14358,"PC_AssignedServiceArea":"5104000A","PC_BuildingName":"Higher Vision Church","PC_RoomArea":"Multi-Purpose Room","PC_BuildingFullAddress":"28776 The Old Rd  Valencia, CA 91355","PC_BuildingAddress":"28776 The Old Rd ","PC_BuildingCity":"Valencia","PC_BuildingZip":91355,"PC_AllocatedBMDs":15,"PC_AllocatedEPBs":5,"PC_FacilityType":"Private","PC_SupervisorialDistrict":null,"PC_AllocatedSize":"15 - Standard","PC_MaxNumBMDs":43,"PC_MaxNumEPBs":35,"CIC_Number":null,"PC_ElectionID":4348,"Election_Name":"Gubernatorial General Election","Election_Year":2026,"Election_Type":"4","GIS_Publication_Status":"1","PC_ServiceAreaType":"11 Day"}},{"type":"Feature","id":6465,"geometry":{"type":"Point","coordinates":[-118.42761917601,34.1642694179453]},"properties":{"OBJECTID":6465,"globalid":"818f00e4-ca46-4df4-8288-741b962c10b3","VCID":2402,"PC_AssignedServiceArea":"3900046H","PC_BuildingName":"Louis Armstrong Middle School","PC_RoomArea":"Gymnasium","PC_BuildingFullAddress":"5041 Sunnyslope Ave Sherman Oaks, CA 91423","PC_BuildingAddress":"5041 Sunnyslope Ave","PC_BuildingCity":"Sherman Oaks","PC_BuildingZip":91423,"PC_AllocatedBMDs":25,"PC_AllocatedEPBs":7,"PC_FacilityType":"Public","PC_SupervisorialDistrict":3,"PC_AllocatedSize":"25 - Large","PC_MaxNumBMDs":30,"PC_MaxNumEPBs":35,"CIC_Number":null,"PC_ElectionID":4348,"Election_Name":"Gubernatorial General Election","Election_Year":2026,"Election_Type":"4","GIS_Publication_Status":"1","PC_ServiceAreaType":"4 Day"}},{"type":"Feature","id":6466,"geometry":{"type":"Point","coordinates":[-118.514541202357,34.2787560733586]},"properties":{"OBJECTID":6466,"globalid":"94813f8d-bd34-42aa-9728-3fafcc178665","VCID":7046,"PC_AssignedServiceArea":"3900121A","PC_BuildingName":"Rinaldi Adult Center","PC_RoomArea":"Auditorium","PC_BuildingFullAddress":"17450 Rinaldi St Granada Hills, CA 91344","PC_BuildingAddress":"17450 Rinaldi St","PC_BuildingCity":"Granada Hills","PC_BuildingZip":91344,"PC_AllocatedBMDs":15,"PC_AllocatedEPBs":5,"PC_FacilityType":"Public","PC_SupervisorialDistrict":3,"PC_AllocatedSize":"15 - Standard","PC_MaxNumBMDs":30,"PC_MaxNumEPBs":60,"CIC_Number":null,"PC_ElectionID":4348,"Election_Name":"Gubernatorial General Election","Election_Year":2026,"Election_Type":"4","GIS_Publication_Status":"1","PC_ServiceAreaType":"11 Day"}},{"type":"Feature","id":6467,"geometry":{"type":"Point","coordinates":[-118.479913563343,34.0018379892087]},"properties":{"OBJECTID":6467,"globalid":"173b8127-9655-460c-90a3-f67de451a4dd","VCID":17109,"PC_AssignedServiceArea":"3625006B","PC_BuildingName":"Washington Preschool","PC_RoomArea":"Multi-Purpose Room","PC_BuildingFullAddress":"2802 4th St Santa Monica, CA 90405","PC_BuildingAddress":"2802 4th St","PC_BuildingCity":"Santa Monica","PC_BuildingZip":90405,"PC_AllocatedBMDs":25,"PC_AllocatedEPBs":7,"PC_FacilityType":"Public","PC_SupervisorialDistrict":null,"PC_AllocatedSize":"25 - Large","PC_MaxNumBMDs":124,"PC_MaxNumEPBs":30,"CIC_Number":null,"PC_ElectionID":4348,"Election_Name":"Gubernatorial General Election","Election_Year":2026,"Election_Type":"4","GIS_Publication_Status":"1","PC_ServiceAreaType":"4 Day"}},{"type":"Feature","id":6468,"geometry":{"type":"Point","coordinates":[-118.257195931152,33.9023030933028]},"properties":{"OBJECTID":6468,"globalid":"aa627ec9-5029-4570-a548-349fae106a31","VCID":18321,"PC_AssignedServiceArea":"2045000B","PC_BuildingName":"Holy Chapel Missionary Baptist Church","PC_RoomArea":"Fellowship Hall","PC_BuildingFullAddress":"1016 E Rosecrans Ave Rancho Dominguez, CA 90220","PC_BuildingAddress":"1016 E Rosecrans Ave","PC_BuildingCity":"Rancho Dominguez","PC_BuildingZip":90220,"PC_AllocatedBMDs":15,"PC_AllocatedEPBs":5,"PC_FacilityType":"Private","PC_SupervisorialDistrict":2,"PC_AllocatedSize":"15 - Standard","PC_MaxNumBMDs":88,"PC_MaxNumEPBs":56,"CIC_Number":null,"PC_ElectionID":4348,"Election_Name":"Gubernatorial General Election","Election_Year":2026,"Election_Type":"4","GIS_Publication_Status":"1","PC_ServiceAreaType":"4 Day"}},{"type":"Feature","id":6469,"geometry":{"type":"Point","coordinates":[-117.839128524236,33.982491532134]},"properties":{"OBJECTID":6469,"globalid":"eef8aeff-fc23-4437-91dc-5734de4f77f0","VCID":35481,"PC_AssignedServiceArea":"1178041B","PC_BuildingName":"Diamond Bar High School","PC_RoomArea":"Art Room 910","PC_BuildingFullAddress":"21400 Pathfinder Rd Diamond Bar, CA 91765","PC_BuildingAddress":"21400 Pathfinder Rd","PC_BuildingCity":"Diamond Bar","PC_BuildingZip":91765,"PC_AllocatedBMDs":15,"PC_AllocatedEPBs":5,"PC_FacilityType":"Public","PC_SupervisorialDistrict":1,"PC_AllocatedSize":"15 - Standard","PC_MaxNumBMDs":100,"PC_MaxNumEPBs":10,"CIC_Number":null,"PC_ElectionID":4348,"Election_Name":"Gubernatorial General Election","Election_Year":2026,"Election_Type":"4","GIS_Publication_Status":"1","PC_ServiceAreaType":"4 Day"}},{"type":"Feature","id":6470,"geometry":{"type":"Point","coordinates":[-118.351452241947,34.0888246359973]},"properties":{"OBJECTID":6470,"globalid":"82a62759-6403-499f-b9de-3334c3305787","VCID":24486,"PC_AssignedServiceArea":"3775000D","PC_BuildingName":"C Norman Transgender Empowerment Ctr","PC_RoomArea":"Marsha P-Sylvia R Community Room","PC_BuildingFullAddress":"1001 N Martel Ave Los Angeles, CA 90046","PC_BuildingAddress":"1001 N Martel Ave","PC_BuildingCity":"Los Angeles","PC_BuildingZip":90046,"PC_AllocatedBMDs":15,"PC_AllocatedEPBs":5,"PC_FacilityType":"Private","PC_SupervisorialDistrict":3,"PC_AllocatedSize":"15 - Standard","PC_MaxNumBMDs":80,"PC_MaxNumEPBs":53,"CIC_Number":null,"PC_ElectionID":4348,"Election_Name":"Gubernatorial General Election","Election_Year":2026,"Election_Type":"4","GIS_Publication_Status":"1","PC_ServiceAreaType":"4 Day"}},{"type":"Feature","id":6471,"geometry":{"type":"Point","coordinates":[-117.978029619416,33.9265156448155]},"properties":{"OBJECTID":6471,"globalid":"98fe71a3-c490-4741-8634-4181771d028b","VCID":19358,"PC_AssignedServiceArea":"4330030B","PC_BuildingName":"Maybrook Elementary School","PC_RoomArea":"Multi-Purpose Room","PC_BuildingFullAddress":"11700 Maybrook Ave Whittier, CA 90604","PC_BuildingAddress":"11700 Maybrook Ave","PC_BuildingCity":"Whittier","PC_BuildingZip":90604,"PC_AllocatedBMDs":15,"PC_AllocatedEPBs":5,"PC_FacilityType":"Public","PC_SupervisorialDistrict":4,"PC_AllocatedSize":"15 - Standard","PC_MaxNumBMDs":40,"PC_MaxNumEPBs":7,"CIC_Number":null,"PC_ElectionID":4348,"Election_Name":"Gubernatorial General Election","Election_Year":2026,"Election_Type":"4","GIS_Publication_Status":"1","PC_ServiceAreaType":"4 Day"}},{"type":"Feature","id":6472,"geometry":{"type":"Point","coordinates":[-118.106680699149,34.1694962271762]},"properties":{"OBJECTID":6472,"globalid":"f6c60a99-7448-443e-8cb5-280f48288a2e","VCID":20557,"PC_AssignedServiceArea":"5020001B","PC_BuildingName":"Webster Elementary School","PC_RoomArea":"Auditorium","PC_BuildingFullAddress":"2101 E Washington Blvd Pasadena, CA 91104","PC_BuildingAddress":"2101 E Washington Blvd","PC_BuildingCity":"Pasadena","PC_BuildingZip":91104,"PC_AllocatedBMDs":15,"PC_AllocatedEPBs":5,"PC_FacilityType":"Public","PC_SupervisorialDistrict":5,"PC_AllocatedSize":"15 - Standard","PC_MaxNumBMDs":135,"PC_MaxNumEPBs":6,"CIC_Number":null,"PC_ElectionID":4348,"Election_Name":"Gubernatorial General Election","Election_Year":2026,"Election_Type":"4","GIS_Publication_Status":"1","PC_ServiceAreaType":"4 Day"}},{"type":"Feature","id":6473,"geometry":{"type":"Point","coordinates":[-118.227456216008,34.1666385578839]},"properties":{"OBJECTID":6473,"globalid":"104a5a6a-0e0d-4eb6-a17f-27c05a91dfab","VCID":11736,"PC_AssignedServiceArea":"5255009B","PC_BuildingName":"Glendale Community College","PC_RoomArea":"Student Center Conference Room 212A","PC_BuildingFullAddress":"1500 N Verdugo Rd Glendale, CA 91208","PC_BuildingAddress":"1500 N Verdugo Rd","PC_BuildingCity":"Glendale","PC_BuildingZip":91208,"PC_AllocatedBMDs":15,"PC_AllocatedEPBs":7,"PC_FacilityType":"Public","PC_SupervisorialDistrict":5,"PC_AllocatedSize":"15 - Large","PC_MaxNumBMDs":114,"PC_MaxNumEPBs":31,"CIC_Number":null,"PC_ElectionID":4348,"Election_Name":"Gubernatorial General Election","Election_Year":2026,"Election_Type":"4","GIS_Publication_Status":"1","PC_ServiceAreaType":"4 Day"}},{"type":"Feature","id":6474,"geometry":{"type":"Point","coordinates":[-118.219675676523,34.6432897261554]},"properties":{"OBJECTID":6474,"globalid":"d07f5a1f-b734-4a1c-9667-4fdd4db2b429","VCID":13269,"PC_AssignedServiceArea":"5355001A","PC_BuildingName":"Quartz Hill Library","PC_RoomArea":"Meeting Room","PC_BuildingFullAddress":"5040 W M 2 Ave Quartz Hill, CA 93536","PC_BuildingAddress":"5040 W M 2 Ave","PC_BuildingCity":"Quartz Hill","PC_BuildingZip":93536,"PC_AllocatedBMDs":15,"PC_AllocatedEPBs":5,"PC_FacilityType":"Public","PC_SupervisorialDistrict":null,"PC_AllocatedSize":"15 - Standard","PC_MaxNumBMDs":180,"PC_MaxNumEPBs":34,"CIC_Number":null,"PC_ElectionID":4348,"Election_Name":"Gubernatorial General Election","Election_Year":2026,"Election_Type":"4","GIS_Publication_Status":"1","PC_ServiceAreaType":"11 Day"}},{"type":"Feature","id":6475,"geometry":{"type":"Point","coordinates":[-118.124545782343,33.8363224345831]},"properties":{"OBJECTID":6475,"globalid":"e2b65bbf-a440-4624-b43e-1cdac7d89a7c","VCID":18507,"PC_AssignedServiceArea":"4385052F","PC_BuildingName":"Lakewood First United Methodist Church","PC_RoomArea":"Baker Hall-Gymnasium","PC_BuildingFullAddress":"4300 Bellflower Blvd Lakewood, CA 90713","PC_BuildingAddress":"4300 Bellflower Blvd","PC_BuildingCity":"Lakewood","PC_BuildingZip":90713,"PC_AllocatedBMDs":15,"PC_AllocatedEPBs":5,"PC_FacilityType":"Private","PC_SupervisorialDistrict":4,"PC_AllocatedSize":"15 - Standard","PC_MaxNumBMDs":50,"PC_MaxNumEPBs":10,"CIC_Number":null,"PC_ElectionID":4348,"Election_Name":"Gubernatorial General Election","Election_Year":2026,"Election_Type":"4","GIS_Publication_Status":"1","PC_ServiceAreaType":"4 Day"}},{"type":"Feature","id":6476,"geometry":{"type":"Point","coordinates":[-118.550809473171,34.4155006645803]},"properties":{"OBJECTID":6476,"globalid":"e0ebbddd-fdf3-4e73-9305-66757d046fb6","VCID":9623,"PC_AssignedServiceArea":"5622007B","PC_BuildingName":"Valencia Branch Library","PC_RoomArea":"Multi-Purpose Room","PC_BuildingFullAddress":"23743 Valencia Blvd Santa Clarita, CA 91355","PC_BuildingAddress":"23743 Valencia Blvd","PC_BuildingCity":"Santa Clarita","PC_BuildingZip":91355,"PC_AllocatedBMDs":15,"PC_AllocatedEPBs":5,"PC_FacilityType":"Public","PC_SupervisorialDistrict":null,"PC_AllocatedSize":"15 - Standard","PC_MaxNumBMDs":50,"PC_MaxNumEPBs":13,"CIC_Number":null,"PC_ElectionID":4348,"Election_Name":"Gubernatorial General Election","Election_Year":2026,"Election_Type":"4","GIS_Publication_Status":"1","PC_ServiceAreaType":"4 Day"}},{"type":"Feature","id":6477,"geometry":{"type":"Point","coordinates":[-117.981704318388,34.0750257415051]},"properties":{"OBJECTID":6477,"globalid":"1de3afb4-d1a9-4484-bf7d-8e0baa6e7c97","VCID":15015,"PC_AssignedServiceArea":"1770011D","PC_BuildingName":"Early Childhood Education Center","PC_RoomArea":"Building N","PC_BuildingFullAddress":"13307 Francisquito Ave Baldwin Park, CA 91706","PC_BuildingAddress":"13307 Francisquito Ave","PC_BuildingCity":"Baldwin Park","PC_BuildingZip":91706,"PC_AllocatedBMDs":15,"PC_AllocatedEPBs":5,"PC_FacilityType":"Public","PC_SupervisorialDistrict":1,"PC_AllocatedSize":"15 - Standard","PC_MaxNumBMDs":38,"PC_MaxNumEPBs":13,"CIC_Number":null,"PC_ElectionID":4348,"Election_Name":"Gubernatorial General Election","Election_Year":2026,"Election_Type":"4","GIS_Publication_Status":"1","PC_ServiceAreaType":"4 Day"}},{"type":"Feature","id":6478,"geometry":{"type":"Point","coordinates":[-118.296564428802,34.0593410227248]},"properties":{"OBJECTID":6478,"globalid":"0039ceb5-84ee-4fa3-a46c-eb2c17012487","VCID":19087,"PC_AssignedServiceArea":"2900108B","PC_BuildingName":"Robert F Kennedy Community Schools","PC_RoomArea":"Middle School Gymnasium","PC_BuildingFullAddress":"701 S Catalina St Los Angeles, CA 90005","PC_BuildingAddress":"701 S Catalina St","PC_BuildingCity":"Los Angeles","PC_BuildingZip":90005,"PC_AllocatedBMDs":15,"PC_AllocatedEPBs":5,"PC_FacilityType":"Public","PC_SupervisorialDistrict":2,"PC_AllocatedSize":"15 - Standard","PC_MaxNumBMDs":91,"PC_MaxNumEPBs":44,"CIC_Number":null,"PC_ElectionID":4348,"Election_Name":"Gubernatorial General Election","Election_Year":2026,"Election_Type":"4","GIS_Publication_Status":"1","PC_ServiceAreaType":"4 Day"}},{"type":"Feature","id":6479,"geometry":{"type":"Point","coordinates":[-117.838210227355,34.1371949789382]},"properties":{"OBJECTID":6479,"globalid":"72ba55d8-406f-48fa-b2e8-c33741925e3c","VCID":24581,"PC_AssignedServiceArea":"5260041B","PC_BuildingName":"Glendora Masonic Temple","PC_RoomArea":"Hall","PC_BuildingFullAddress":"135 N Valley Center Ave Glendora, CA 91741","PC_BuildingAddress":"135 N Valley Center Ave","PC_BuildingCity":"Glendora","PC_BuildingZip":91741,"PC_AllocatedBMDs":40,"PC_AllocatedEPBs":10,"PC_FacilityType":"Private","PC_SupervisorialDistrict":null,"PC_AllocatedSize":"40 - Extra Large","PC_MaxNumBMDs":114,"PC_MaxNumEPBs":105,"CIC_Number":null,"PC_ElectionID":4348,"Election_Name":"Gubernatorial General Election","Election_Year":2026,"Election_Type":"4","GIS_Publication_Status":"1","PC_ServiceAreaType":"4 Day"}},{"type":"Feature","id":6480,"geometry":{"type":"Point","coordinates":[-118.207347487156,33.9573015697587]},"properties":{"OBJECTID":6480,"globalid":"18f1fca7-7da6-4a39-8ddc-e2847a330441","VCID":19451,"PC_AssignedServiceArea":"4655002B","PC_BuildingName":"Salon South Gate","PC_RoomArea":"Hall","PC_BuildingFullAddress":"3424 Ardmore Ave South Gate, CA 90280","PC_BuildingAddress":"3424 Ardmore Ave","PC_BuildingCity":"South Gate","PC_BuildingZip":90280,"PC_AllocatedBMDs":15,"PC_AllocatedEPBs":5,"PC_FacilityType":"Private","PC_SupervisorialDistrict":4,"PC_AllocatedSize":"15 - Standard","PC_MaxNumBMDs":55,"PC_MaxNumEPBs":20,"CIC_Number":null,"PC_ElectionID":4348,"Election_Name":"Gubernatorial General Election","Election_Year":2026,"Election_Type":"4","GIS_Publication_Status":"1","PC_ServiceAreaType":"4 Day"}},{"type":"Feature","id":6481,"geometry":{"type":"Point","coordinates":[-118.601250640758,34.1851589981604]},"properties":{"OBJECTID":6481,"globalid":"8678bb5b-df82-4eed-898e-7cd7fbbfe833","VCID":6031,"PC_AssignedServiceArea":"3900036B","PC_BuildingName":"Owensmouth Gardens","PC_RoomArea":"Community Room","PC_BuildingFullAddress":"6300 Owensmouth Ave Woodland Hills, CA 91367","PC_BuildingAddress":"6300 Owensmouth Ave","PC_BuildingCity":"Woodland Hills","PC_BuildingZip":91367,"PC_AllocatedBMDs":15,"PC_AllocatedEPBs":5,"PC_FacilityType":"Private","PC_SupervisorialDistrict":3,"PC_AllocatedSize":"15 - Standard","PC_MaxNumBMDs":60,"PC_MaxNumEPBs":9,"CIC_Number":null,"PC_ElectionID":4348,"Election_Name":"Gubernatorial General Election","Election_Year":2026,"Election_Type":"4","GIS_Publication_Status":"1","PC_ServiceAreaType":"4 Day"}},{"type":"Feature","id":6482,"geometry":{"type":"Point","coordinates":[-118.571149386388,34.182800645245]},"properties":{"OBJECTID":6482,"globalid":"d000b4d0-06bc-49a4-a783-14f553ad2bda","VCID":13187,"PC_AssignedServiceArea":"3900034B","PC_BuildingName":"Los Angeles Pierce College","PC_RoomArea":"Building 600","PC_BuildingFullAddress":"6201 Winnetka Ave Woodland Hills, CA 91367","PC_BuildingAddress":"6201 Winnetka Ave","PC_BuildingCity":"Woodland Hills","PC_BuildingZip":91367,"PC_AllocatedBMDs":35,"PC_AllocatedEPBs":11,"PC_FacilityType":"Public","PC_SupervisorialDistrict":3,"PC_AllocatedSize":"35 - Extra Large","PC_MaxNumBMDs":68,"PC_MaxNumEPBs":27,"CIC_Number":null,"PC_ElectionID":4348,"Election_Name":"Gubernatorial General Election","Election_Year":2026,"Election_Type":"4","GIS_Publication_Status":"1","PC_ServiceAreaType":"4 Day"}},{"type":"Feature","id":6483,"geometry":{"type":"Point","coordinates":[-118.451101817208,34.1693548029529]},"properties":{"OBJECTID":6483,"globalid":"500bdd42-f389-4385-abfe-25cd72740636","VCID":19280,"PC_AssignedServiceArea":"3900052B","PC_BuildingName":"Van Nuys Middle School","PC_RoomArea":"Auditorium and Auditorium Foyer","PC_BuildingFullAddress":"5435 Vesper Ave Van Nuys, CA 91411","PC_BuildingAddress":"5435 Vesper Ave","PC_BuildingCity":"Van Nuys","PC_BuildingZip":91411,"PC_AllocatedBMDs":15,"PC_AllocatedEPBs":5,"PC_FacilityType":"Public","PC_SupervisorialDistrict":null,"PC_AllocatedSize":"15 - Standard","PC_MaxNumBMDs":null,"PC_MaxNumEPBs":null,"CIC_Number":null,"PC_ElectionID":4348,"Election_Name":"Gubernatorial General Election","Election_Year":2026,"Election_Type":"4","GIS_Publication_Status":"1","PC_ServiceAreaType":"4 Day"}},{"type":"Feature","id":6484,"geometry":{"type":"Point","coordinates":[-118.159299817229,34.1956708888304]},"properties":{"OBJECTID":6484,"globalid":"328a11f5-0131-479e-993b-45870ffc5f36","VCID":12860,"PC_AssignedServiceArea":"5020000B","PC_BuildingName":"Sacred Heart Catholic Church","PC_RoomArea":"Parish Hall","PC_BuildingFullAddress":"2889 Lincoln Ave Altadena, CA 91001","PC_BuildingAddress":"2889 Lincoln Ave","PC_BuildingCity":"Altadena","PC_BuildingZip":91001,"PC_AllocatedBMDs":15,"PC_AllocatedEPBs":5,"PC_FacilityType":"Private","PC_SupervisorialDistrict":5,"PC_AllocatedSize":"15 - Standard","PC_MaxNumBMDs":65,"PC_MaxNumEPBs":5,"CIC_Number":null,"PC_ElectionID":4348,"Election_Name":"Gubernatorial General Election","Election_Year":2026,"Election_Type":"4","GIS_Publication_Status":"1","PC_ServiceAreaType":"4 Day"}},{"type":"Feature","id":6485,"geometry":{"type":"Point","coordinates":[-118.277539148425,34.0510784729373]},"properties":{"OBJECTID":6485,"globalid":"f3dac630-4f0b-48df-b227-428a9e32e1b2","VCID":18932,"PC_AssignedServiceArea":"1900019F","PC_BuildingName":"The Live Hotel","PC_RoomArea":"Grand Ballroom","PC_BuildingFullAddress":"1901 W Olympic Blvd Los Angeles, CA 90006","PC_BuildingAddress":"1901 W Olympic Blvd","PC_BuildingCity":"Los Angeles","PC_BuildingZip":90006,"PC_AllocatedBMDs":15,"PC_AllocatedEPBs":5,"PC_FacilityType":"Private","PC_SupervisorialDistrict":1,"PC_AllocatedSize":"15 - Standard","PC_MaxNumBMDs":137,"PC_MaxNumEPBs":8,"CIC_Number":null,"PC_ElectionID":4348,"Election_Name":"Gubernatorial General Election","Election_Year":2026,"Election_Type":"4","GIS_Publication_Status":"1","PC_ServiceAreaType":"4 Day"}},{"type":"Feature","id":6486,"geometry":{"type":"Point","coordinates":[-118.072700175311,34.671728311255]},"properties":{"OBJECTID":6486,"globalid":"a1f41cce-da5a-4ac7-ba67-5baa5a0020ec","VCID":12828,"PC_AssignedServiceArea":"5355001B","PC_BuildingName":"Skytower Park","PC_RoomArea":"Meeting Room","PC_BuildingFullAddress":"43434 Vineyard Dr Lancaster, CA 93535","PC_BuildingAddress":"43434 Vineyard Dr","PC_BuildingCity":"Lancaster","PC_BuildingZip":93535,"PC_AllocatedBMDs":15,"PC_AllocatedEPBs":5,"PC_FacilityType":"Public","PC_SupervisorialDistrict":5,"PC_AllocatedSize":"15 - Standard","PC_MaxNumBMDs":51,"PC_MaxNumEPBs":9,"CIC_Number":null,"PC_ElectionID":4348,"Election_Name":"Gubernatorial General Election","Election_Year":2026,"Election_Type":"4","GIS_Publication_Status":"1","PC_ServiceAreaType":"4 Day"}},{"type":"Feature","id":6487,"geometry":{"type":"Point","coordinates":[-118.449261957112,34.0695354471388]},"properties":{"OBJECTID":6487,"globalid":"54deda10-a009-446a-a036-3fbdc4cc7f77","VCID":5394,"PC_AssignedServiceArea":"3900059F","PC_BuildingName":"UCLA De Neve Plaza","PC_RoomArea":"P352 and P353","PC_BuildingFullAddress":"351 Charles E Young Dr W Los Angeles, CA 90024","PC_BuildingAddress":"351 Charles E Young Dr W","PC_BuildingCity":"Los Angeles","PC_BuildingZip":90024,"PC_AllocatedBMDs":25,"PC_AllocatedEPBs":9,"PC_FacilityType":"Public","PC_SupervisorialDistrict":3,"PC_AllocatedSize":"25 - Extra Large","PC_MaxNumBMDs":182,"PC_MaxNumEPBs":16,"CIC_Number":null,"PC_ElectionID":4348,"Election_Name":"Gubernatorial General Election","Election_Year":2026,"Election_Type":"4","GIS_Publication_Status":"1","PC_ServiceAreaType":"4 Day"}},{"type":"Feature","id":6488,"geometry":{"type":"Point","coordinates":[-118.315499783255,33.7658211168949]},"properties":{"OBJECTID":6488,"globalid":"42b083c3-9159-4d9d-a4d8-54b16db225bc","VCID":12288,"PC_AssignedServiceArea":"4553002B","PC_BuildingName":"Dodson Middle School","PC_RoomArea":"Library","PC_BuildingFullAddress":"28014 S Montereina Dr Rancho Palos Verdes, CA 90275","PC_BuildingAddress":"28014 S Montereina Dr","PC_BuildingCity":"Rancho Palos Verdes","PC_BuildingZip":90275,"PC_AllocatedBMDs":15,"PC_AllocatedEPBs":5,"PC_FacilityType":"Public","PC_SupervisorialDistrict":4,"PC_AllocatedSize":"15 - Standard","PC_MaxNumBMDs":45,"PC_MaxNumEPBs":418,"CIC_Number":null,"PC_ElectionID":4348,"Election_Name":"Gubernatorial General Election","Election_Year":2026,"Election_Type":"4","GIS_Publication_Status":"1","PC_ServiceAreaType":"4 Day"}},{"type":"Feature","id":6489,"geometry":{"type":"Point","coordinates":[-118.23160550937,34.1662232632935]},"properties":{"OBJECTID":6489,"globalid":"58f247d7-417a-4ca3-8cd4-3402046487d8","VCID":10669,"PC_AssignedServiceArea":"5255001A","PC_BuildingName":"Glendale Civic Auditorium","PC_RoomArea":"Upper Auditorium Lobby","PC_BuildingFullAddress":"1401 N Verdugo Rd Glendale, CA 91208","PC_BuildingAddress":"1401 N Verdugo Rd","PC_BuildingCity":"Glendale","PC_BuildingZip":91208,"PC_AllocatedBMDs":15,"PC_AllocatedEPBs":5,"PC_FacilityType":"Public","PC_SupervisorialDistrict":5,"PC_AllocatedSize":"15 - Standard","PC_MaxNumBMDs":70,"PC_MaxNumEPBs":63,"CIC_Number":null,"PC_ElectionID":4348,"Election_Name":"Gubernatorial General Election","Election_Year":2026,"Election_Type":"4","GIS_Publication_Status":"1","PC_ServiceAreaType":"11 Day"}},{"type":"Feature","id":6490,"geometry":{"type":"Point","coordinates":[-118.392432188609,33.981736860145]},"properties":{"OBJECTID":6490,"globalid":"c60c5886-49c2-432d-b69f-f6748823bdff","VCID":23231,"PC_AssignedServiceArea":"2343000B","PC_BuildingName":"Courtyard by Marriott LA West Side","PC_RoomArea":"Studio Ballroom","PC_BuildingFullAddress":"6333 Bristol Pkwy Culver City, CA 90230","PC_BuildingAddress":"6333 Bristol Pkwy","PC_BuildingCity":"Culver City","PC_BuildingZip":90230,"PC_AllocatedBMDs":15,"PC_AllocatedEPBs":5,"PC_FacilityType":"Private","PC_SupervisorialDistrict":2,"PC_AllocatedSize":"15 - Standard","PC_MaxNumBMDs":68,"PC_MaxNumEPBs":28,"CIC_Number":null,"PC_ElectionID":4348,"Election_Name":"Gubernatorial General Election","Election_Year":2026,"Election_Type":"4","GIS_Publication_Status":"1","PC_ServiceAreaType":"4 Day"}},{"type":"Feature","id":6491,"geometry":{"type":"Point","coordinates":[-118.415480419179,34.1973169570976]},"properties":{"OBJECTID":6491,"globalid":"c2f8e733-54fd-4bd0-b77f-71a1e23ee18f","VCID":2754,"PC_AssignedServiceArea":"3900020B","PC_BuildingName":"James Madison Middle School","PC_RoomArea":"Auditorium","PC_BuildingFullAddress":"13000 Hart St North Hollywood, CA 91605","PC_BuildingAddress":"13000 Hart St","PC_BuildingCity":"North Hollywood","PC_BuildingZip":91605,"PC_AllocatedBMDs":15,"PC_AllocatedEPBs":5,"PC_FacilityType":"Public","PC_SupervisorialDistrict":3,"PC_AllocatedSize":"15 - Standard","PC_MaxNumBMDs":67,"PC_MaxNumEPBs":41,"CIC_Number":null,"PC_ElectionID":4348,"Election_Name":"Gubernatorial General Election","Election_Year":2026,"Election_Type":"4","GIS_Publication_Status":"1","PC_ServiceAreaType":"4 Day"}},{"type":"Feature","id":6492,"geometry":{"type":"Point","coordinates":[-118.274288836649,33.9378999771091]},"properties":{"OBJECTID":6492,"globalid":"142c68fb-b5ee-493a-9190-6982749a245c","VCID":13147,"PC_AssignedServiceArea":"2900085B","PC_BuildingName":"LAFD Station 64","PC_RoomArea":"Multi-Purpose Room","PC_BuildingFullAddress":"10811 S Main St Los Angeles, CA 90061","PC_BuildingAddress":"10811 S Main St","PC_BuildingCity":"Los Angeles","PC_BuildingZip":90061,"PC_AllocatedBMDs":15,"PC_AllocatedEPBs":5,"PC_FacilityType":"Public","PC_SupervisorialDistrict":2,"PC_AllocatedSize":"15 - Standard","PC_MaxNumBMDs":68,"PC_MaxNumEPBs":6,"CIC_Number":null,"PC_ElectionID":4348,"Election_Name":"Gubernatorial General Election","Election_Year":2026,"Election_Type":"4","GIS_Publication_Status":"1","PC_ServiceAreaType":"4 Day"}},{"type":"Feature","id":6493,"geometry":{"type":"Point","coordinates":[-118.082908791364,33.8907259257487]},"properties":{"OBJECTID":6493,"globalid":"30308653-fb92-4a93-99d0-2001d9f5e33b","VCID":14367,"PC_AssignedServiceArea":"4480003B","PC_BuildingName":"Huerta Elementary School","PC_RoomArea":"Multi-Purpose Room","PC_BuildingFullAddress":"15415 Pioneer Blvd  Norwalk, CA 90650","PC_BuildingAddress":"15415 Pioneer Blvd ","PC_BuildingCity":"Norwalk","PC_BuildingZip":90650,"PC_AllocatedBMDs":15,"PC_AllocatedEPBs":7,"PC_FacilityType":"Public","PC_SupervisorialDistrict":null,"PC_AllocatedSize":"15 - Large","PC_MaxNumBMDs":90,"PC_MaxNumEPBs":67,"CIC_Number":null,"PC_ElectionID":4348,"Election_Name":"Gubernatorial General Election","Election_Year":2026,"Election_Type":"4","GIS_Publication_Status":"1","PC_ServiceAreaType":"4 Day"}},{"type":"Feature","id":6494,"geometry":{"type":"Point","coordinates":[-117.74197919122,34.0907153530873]},"properties":{"OBJECTID":6494,"globalid":"3460cc2a-eb4f-4e9f-8bd0-c8ab7efa3bfa","VCID":4378,"PC_AssignedServiceArea":"1525041B","PC_BuildingName":"Palomares Community and Senior Center","PC_RoomArea":"The Belinda Fierro Community Room","PC_BuildingFullAddress":"499 E Arrow Hwy Pomona, CA 91767","PC_BuildingAddress":"499 E Arrow Hwy","PC_BuildingCity":"Pomona","PC_BuildingZip":91767,"PC_AllocatedBMDs":45,"PC_AllocatedEPBs":12,"PC_FacilityType":"Public","PC_SupervisorialDistrict":1,"PC_AllocatedSize":"45 - Extra Large","PC_MaxNumBMDs":50,"PC_MaxNumEPBs":27,"CIC_Number":null,"PC_ElectionID":4348,"Election_Name":"Gubernatorial General Election","Election_Year":2026,"Election_Type":"4","GIS_Publication_Status":"1","PC_ServiceAreaType":"4 Day"}},{"type":"Feature","id":6495,"geometry":{"type":"Point","coordinates":[-118.353655934224,33.8046555455322]},"properties":{"OBJECTID":6495,"globalid":"ea703cd9-9d61-40a7-9ae1-92be765a3d99","VCID":13528,"PC_AssignedServiceArea":"4715000C","PC_BuildingName":"Walteria Park","PC_RoomArea":"Meeting Room","PC_BuildingFullAddress":"3855 W 242nd St Torrance, CA 90505","PC_BuildingAddress":"3855 W 242nd St","PC_BuildingCity":"Torrance","PC_BuildingZip":90505,"PC_AllocatedBMDs":15,"PC_AllocatedEPBs":5,"PC_FacilityType":"Public","PC_SupervisorialDistrict":4,"PC_AllocatedSize":"15 - Standard","PC_MaxNumBMDs":30,"PC_MaxNumEPBs":25,"CIC_Number":null,"PC_ElectionID":4348,"Election_Name":"Gubernatorial General Election","Election_Year":2026,"Election_Type":"4","GIS_Publication_Status":"1","PC_ServiceAreaType":"11 Day"}},{"type":"Feature","id":6496,"geometry":{"type":"Point","coordinates":[-118.249312068001,34.051186593457]},"properties":{"OBJECTID":6496,"globalid":"22ec2046-9642-4864-8abb-9b22c308e274","VCID":35449,"PC_AssignedServiceArea":"1900148B","PC_BuildingName":"Grand Central Market","PC_RoomArea":"Market Loft","PC_BuildingFullAddress":"312 S Hill St Los Angeles, CA 90013","PC_BuildingAddress":"312 S Hill St","PC_BuildingCity":"Los Angeles","PC_BuildingZip":90013,"PC_AllocatedBMDs":40,"PC_AllocatedEPBs":10,"PC_FacilityType":"Private","PC_SupervisorialDistrict":1,"PC_AllocatedSize":"40 - Extra Large","PC_MaxNumBMDs":114,"PC_MaxNumEPBs":15,"CIC_Number":null,"PC_ElectionID":4348,"Election_Name":"Gubernatorial General Election","Election_Year":2026,"Election_Type":"4","GIS_Publication_Status":"1","PC_ServiceAreaType":"4 Day"}},{"type":"Feature","id":6497,"geometry":{"type":"Point","coordinates":[-118.168374048836,33.9906586813461]},"properties":{"OBJECTID":6497,"globalid":"da39fd71-a36b-419d-abd5-aa86ca50733e","VCID":13213,"PC_AssignedServiceArea":"4143001B","PC_BuildingName":"R N Slawson Southeast Occupational Ctr","PC_RoomArea":"Multi-Purpose Room","PC_BuildingFullAddress":"5500 Rickenbacker Rd Bell, CA 90201","PC_BuildingAddress":"5500 Rickenbacker Rd","PC_BuildingCity":"Bell","PC_BuildingZip":90201,"PC_AllocatedBMDs":15,"PC_AllocatedEPBs":5,"PC_FacilityType":"Public","PC_SupervisorialDistrict":null,"PC_AllocatedSize":"15 - Standard","PC_MaxNumBMDs":177,"PC_MaxNumEPBs":23,"CIC_Number":null,"PC_ElectionID":4348,"Election_Name":"Gubernatorial General Election","Election_Year":2026,"Election_Type":"4","GIS_Publication_Status":"1","PC_ServiceAreaType":"4 Day"}},{"type":"Feature","id":6498,"geometry":{"type":"Point","coordinates":[-118.270824535036,33.8132714082676]},"properties":{"OBJECTID":6498,"globalid":"ad7168c2-c201-4814-81ba-40d57d1b75e8","VCID":14329,"PC_AssignedServiceArea":"2103021B","PC_BuildingName":"Foisia Park","PC_RoomArea":"Gymnasium","PC_BuildingFullAddress":"23410 Catskill Ave  Carson, CA 90745","PC_BuildingAddress":"23410 Catskill Ave ","PC_BuildingCity":"Carson","PC_BuildingZip":90745,"PC_AllocatedBMDs":15,"PC_AllocatedEPBs":5,"PC_FacilityType":"Public","PC_SupervisorialDistrict":2,"PC_AllocatedSize":"15 - Standard","PC_MaxNumBMDs":20,"PC_MaxNumEPBs":31,"CIC_Number":null,"PC_ElectionID":4348,"Election_Name":"Gubernatorial General Election","Election_Year":2026,"Election_Type":"4","GIS_Publication_Status":"1","PC_ServiceAreaType":"4 Day"}},{"type":"Feature","id":6499,"geometry":{"type":"Point","coordinates":[-118.398018992478,33.9664489163661]},"properties":{"OBJECTID":6499,"globalid":"ba5685dd-d7be-4ac7-856d-6913c8defd3c","VCID":9127,"PC_AssignedServiceArea":"2900110A","PC_BuildingName":"Westchester Family YMCA Annex","PC_RoomArea":"Meeting Room Hall","PC_BuildingFullAddress":"8020 Alverstone Ave Los Angeles, CA 90045","PC_BuildingAddress":"8020 Alverstone Ave","PC_BuildingCity":"Los Angeles","PC_BuildingZip":90045,"PC_AllocatedBMDs":25,"PC_AllocatedEPBs":7,"PC_FacilityType":"Private","PC_SupervisorialDistrict":2,"PC_AllocatedSize":"25 - Large","PC_MaxNumBMDs":80,"PC_MaxNumEPBs":76,"CIC_Number":null,"PC_ElectionID":4348,"Election_Name":"Gubernatorial General Election","Election_Year":2026,"Election_Type":"4","GIS_Publication_Status":"1","PC_ServiceAreaType":"11 Day"}},{"type":"Feature","id":6500,"geometry":{"type":"Point","coordinates":[-118.286427097738,33.9570440831344]},"properties":{"OBJECTID":6500,"globalid":"e4e870fc-cd61-430d-9c2a-5380bb46967e","VCID":13241,"PC_AssignedServiceArea":"2900084B","PC_BuildingName":"Algin Sutton Recreation Center","PC_RoomArea":"Classroom","PC_BuildingFullAddress":"8800 S Hoover St Los Angeles, CA 90044","PC_BuildingAddress":"8800 S Hoover St","PC_BuildingCity":"Los Angeles","PC_BuildingZip":90044,"PC_AllocatedBMDs":15,"PC_AllocatedEPBs":5,"PC_FacilityType":"Public","PC_SupervisorialDistrict":2,"PC_AllocatedSize":"15 - Standard","PC_MaxNumBMDs":160,"PC_MaxNumEPBs":5,"CIC_Number":null,"PC_ElectionID":4348,"Election_Name":"Gubernatorial General Election","Election_Year":2026,"Election_Type":"4","GIS_Publication_Status":"1","PC_ServiceAreaType":"4 Day"}},{"type":"Feature","id":6501,"geometry":{"type":"Point","coordinates":[-118.105481033291,34.5749110102188]},"properties":{"OBJECTID":6501,"globalid":"2f4b77da-8ab0-4bc5-be86-484b1289671b","VCID":28938,"PC_AssignedServiceArea":"5500051B","PC_BuildingName":"Desert Winds Community Church","PC_RoomArea":"Fellowship Hall","PC_BuildingFullAddress":"38117 13th St E Palmdale, CA 93550","PC_BuildingAddress":"38117 13th St E","PC_BuildingCity":"Palmdale","PC_BuildingZip":93550,"PC_AllocatedBMDs":15,"PC_AllocatedEPBs":5,"PC_FacilityType":"Private","PC_SupervisorialDistrict":null,"PC_AllocatedSize":"15 - Standard","PC_MaxNumBMDs":37,"PC_MaxNumEPBs":6,"CIC_Number":null,"PC_ElectionID":4348,"Election_Name":"Gubernatorial General Election","Election_Year":2026,"Election_Type":"4","GIS_Publication_Status":"1","PC_ServiceAreaType":"4 Day"}},{"type":"Feature","id":6502,"geometry":{"type":"Point","coordinates":[-118.477249810859,34.2376339699551]},"properties":{"OBJECTID":6502,"globalid":"5b48f937-5cbf-46a0-ab45-8fb88a56bac6","VCID":2399,"PC_AssignedServiceArea":"3900120B","PC_BuildingName":"James Monroe High School","PC_RoomArea":"Multi-Purpose Room","PC_BuildingFullAddress":"9229 Haskell Ave North Hills, CA 91343","PC_BuildingAddress":"9229 Haskell Ave","PC_BuildingCity":"North Hills","PC_BuildingZip":91343,"PC_AllocatedBMDs":15,"PC_AllocatedEPBs":5,"PC_FacilityType":"Public","PC_SupervisorialDistrict":3,"PC_AllocatedSize":"15 - Standard","PC_MaxNumBMDs":45,"PC_MaxNumEPBs":25,"CIC_Number":null,"PC_ElectionID":4348,"Election_Name":"Gubernatorial General Election","Election_Year":2026,"Election_Type":"4","GIS_Publication_Status":"1","PC_ServiceAreaType":"4 Day"}},{"type":"Feature","id":6503,"geometry":{"type":"Point","coordinates":[-118.45779326832,34.229741214343]},"properties":{"OBJECTID":6503,"globalid":"6d550d46-6289-40a8-b679-1947c8f04011","VCID":17862,"PC_AssignedServiceArea":"3900060A","PC_BuildingName":"Mid Valley Senior Center","PC_RoomArea":"Main Room","PC_BuildingFullAddress":"8801 Kester Ave Panorama City, CA 91402","PC_BuildingAddress":"8801 Kester Ave","PC_BuildingCity":"Panorama City","PC_BuildingZip":91402,"PC_AllocatedBMDs":25,"PC_AllocatedEPBs":7,"PC_FacilityType":"Public","PC_SupervisorialDistrict":3,"PC_AllocatedSize":"25 - Large","PC_MaxNumBMDs":43,"PC_MaxNumEPBs":14,"CIC_Number":null,"PC_ElectionID":4348,"Election_Name":"Gubernatorial General Election","Election_Year":2026,"Election_Type":"4","GIS_Publication_Status":"1","PC_ServiceAreaType":"11 Day"}},{"type":"Feature","id":6504,"geometry":{"type":"Point","coordinates":[-118.307640150698,34.2558158386352]},"properties":{"OBJECTID":6504,"globalid":"2407d242-1d84-47bf-b4ea-98ac5b22a093","VCID":5893,"PC_AssignedServiceArea":"5900075B","PC_BuildingName":"Apperson Street Elementary School","PC_RoomArea":"Multi-Purpose Room","PC_BuildingFullAddress":"10233 Woodward Ave  Sunland, CA 91440","PC_BuildingAddress":"10233 Woodward Ave ","PC_BuildingCity":"Sunland","PC_BuildingZip":91440,"PC_AllocatedBMDs":15,"PC_AllocatedEPBs":5,"PC_FacilityType":"Public","PC_SupervisorialDistrict":null,"PC_AllocatedSize":"15 - Standard","PC_MaxNumBMDs":50,"PC_MaxNumEPBs":6,"CIC_Number":null,"PC_ElectionID":4348,"Election_Name":"Gubernatorial General Election","Election_Year":2026,"Election_Type":"4","GIS_Publication_Status":"1","PC_ServiceAreaType":"4 Day"}},{"type":"Feature","id":6505,"geometry":{"type":"Point","coordinates":[-118.34383291582,33.9034669429384]},"properties":{"OBJECTID":6505,"globalid":"0b0d41c2-36ad-43a9-8843-2f1f85f6ad1c","VCID":18184,"PC_AssignedServiceArea":"2270002B","PC_BuildingName":"American Legion Post 314","PC_RoomArea":"Main Hall","PC_BuildingFullAddress":"14124 Prairie Ave Hawthorne, CA 90250","PC_BuildingAddress":"14124 Prairie Ave","PC_BuildingCity":"Hawthorne","PC_BuildingZip":90250,"PC_AllocatedBMDs":15,"PC_AllocatedEPBs":5,"PC_FacilityType":"Private","PC_SupervisorialDistrict":2,"PC_AllocatedSize":"15 - Standard","PC_MaxNumBMDs":114,"PC_MaxNumEPBs":36,"CIC_Number":null,"PC_ElectionID":4348,"Election_Name":"Gubernatorial General Election","Election_Year":2026,"Election_Type":"4","GIS_Publication_Status":"1","PC_ServiceAreaType":"4 Day"}},{"type":"Feature","id":6506,"geometry":{"type":"Point","coordinates":[-118.329384348162,33.84188368192]},"properties":{"OBJECTID":6506,"globalid":"33db2341-8ec8-4a0d-8bdd-ab406456ff04","VCID":24540,"PC_AssignedServiceArea":"4715000A","PC_BuildingName":"Mary K Giordano Regional Transit Center","PC_RoomArea":"210 Training Room","PC_BuildingFullAddress":"465 Crenshaw Blvd Torrance, CA 90503","PC_BuildingAddress":"465 Crenshaw Blvd","PC_BuildingCity":"Torrance","PC_BuildingZip":90503,"PC_AllocatedBMDs":15,"PC_AllocatedEPBs":5,"PC_FacilityType":"Public","PC_SupervisorialDistrict":4,"PC_AllocatedSize":"15 - Standard","PC_MaxNumBMDs":null,"PC_MaxNumEPBs":null,"CIC_Number":null,"PC_ElectionID":4348,"Election_Name":"Gubernatorial General Election","Election_Year":2026,"Election_Type":"4","GIS_Publication_Status":"1","PC_ServiceAreaType":"11 Day"}},{"type":"Feature","id":6507,"geometry":{"type":"Point","coordinates":[-118.294943721514,33.7268132021195]},"properties":{"OBJECTID":6507,"globalid":"53eaf684-a119-4a63-b70f-ead06168eb12","VCID":13110,"PC_AssignedServiceArea":"4900150A","PC_BuildingName":"Italian American Club","PC_RoomArea":"Main Room","PC_BuildingFullAddress":"1903 S Cabrillo Ave San Pedro, CA 90731","PC_BuildingAddress":"1903 S Cabrillo Ave","PC_BuildingCity":"San Pedro","PC_BuildingZip":90731,"PC_AllocatedBMDs":15,"PC_AllocatedEPBs":5,"PC_FacilityType":"Private","PC_SupervisorialDistrict":4,"PC_AllocatedSize":"15 - Standard","PC_MaxNumBMDs":22,"PC_MaxNumEPBs":8,"CIC_Number":null,"PC_ElectionID":4348,"Election_Name":"Gubernatorial General Election","Election_Year":2026,"Election_Type":"4","GIS_Publication_Status":"1","PC_ServiceAreaType":"11 Day"}},{"type":"Feature","id":6508,"geometry":{"type":"Point","coordinates":[-118.538392524592,34.4615084482572]},"properties":{"OBJECTID":6508,"globalid":"8a8e570d-284b-4f4d-af10-26937f5bc7aa","VCID":4592,"PC_AssignedServiceArea":"5622005B","PC_BuildingName":"Grace Baptist Church","PC_RoomArea":"Junior High Room","PC_BuildingFullAddress":"22833 Copper Hill Dr Santa Clarita, CA 91350","PC_BuildingAddress":"22833 Copper Hill Dr","PC_BuildingCity":"Santa Clarita","PC_BuildingZip":91350,"PC_AllocatedBMDs":15,"PC_AllocatedEPBs":5,"PC_FacilityType":"Private","PC_SupervisorialDistrict":null,"PC_AllocatedSize":"15 - Standard","PC_MaxNumBMDs":88,"PC_MaxNumEPBs":5,"CIC_Number":null,"PC_ElectionID":4348,"Election_Name":"Gubernatorial General Election","Election_Year":2026,"Election_Type":"4","GIS_Publication_Status":"1","PC_ServiceAreaType":"4 Day"}},{"type":"Feature","id":6509,"geometry":{"type":"Point","coordinates":[-118.283013358771,34.0326190537899]},"properties":{"OBJECTID":6509,"globalid":"06a50b55-d314-41ed-a6fe-4d1ebbcd123e","VCID":18208,"PC_AssignedServiceArea":"2900095B","PC_BuildingName":"Hoover Recreation Center","PC_RoomArea":"Auditorium","PC_BuildingFullAddress":"1010 W 25th St Los Angeles, CA 90007","PC_BuildingAddress":"1010 W 25th St","PC_BuildingCity":"Los Angeles","PC_BuildingZip":90007,"PC_AllocatedBMDs":15,"PC_AllocatedEPBs":5,"PC_FacilityType":"Public","PC_SupervisorialDistrict":null,"PC_AllocatedSize":"15 - Standard","PC_MaxNumBMDs":60,"PC_MaxNumEPBs":40,"CIC_Number":null,"PC_ElectionID":4348,"Election_Name":"Gubernatorial General Election","Election_Year":2026,"Election_Type":"4","GIS_Publication_Status":"1","PC_ServiceAreaType":"4 Day"}},{"type":"Feature","id":6510,"geometry":{"type":"Point","coordinates":[-118.197517989568,34.4949270630055]},"properties":{"OBJECTID":6510,"globalid":"479fcd25-dab0-4edc-9a3e-b64d9f7ee52d","VCID":85,"PC_AssignedServiceArea":"5005001B","PC_BuildingName":"Acton Agua Dulce Library","PC_RoomArea":"Meeting Room","PC_BuildingFullAddress":"33792 Crown Valley Rd Acton, CA 93510","PC_BuildingAddress":"33792 Crown Valley Rd","PC_BuildingCity":"Acton","PC_BuildingZip":93510,"PC_AllocatedBMDs":15,"PC_AllocatedEPBs":5,"PC_FacilityType":"Public","PC_SupervisorialDistrict":5,"PC_AllocatedSize":"15 - Standard","PC_MaxNumBMDs":160,"PC_MaxNumEPBs":46,"CIC_Number":null,"PC_ElectionID":4348,"Election_Name":"Gubernatorial General Election","Election_Year":2026,"Election_Type":"4","GIS_Publication_Status":"1","PC_ServiceAreaType":"4 Day"}},{"type":"Feature","id":6511,"geometry":{"type":"Point","coordinates":[-118.194989656425,34.0568878643802]},"properties":{"OBJECTID":6511,"globalid":"6ca7da91-9504-42f0-8231-f964ec48aebc","VCID":548,"PC_AssignedServiceArea":"1900140B","PC_BuildingName":"Boys and Girls Club of Ramona Gardens","PC_RoomArea":"Gymnasium","PC_BuildingFullAddress":"2830 Lancaster Ave Los Angeles, CA 90033","PC_BuildingAddress":"2830 Lancaster Ave","PC_BuildingCity":"Los Angeles","PC_BuildingZip":90033,"PC_AllocatedBMDs":15,"PC_AllocatedEPBs":5,"PC_FacilityType":"Private","PC_SupervisorialDistrict":1,"PC_AllocatedSize":"15 - Standard","PC_MaxNumBMDs":70,"PC_MaxNumEPBs":47,"CIC_Number":null,"PC_ElectionID":4348,"Election_Name":"Gubernatorial General Election","Election_Year":2026,"Election_Type":"4","GIS_Publication_Status":"1","PC_ServiceAreaType":"4 Day"}},{"type":"Feature","id":6512,"geometry":{"type":"Point","coordinates":[-118.495498508282,34.0565384272773]},"properties":{"OBJECTID":6512,"globalid":"3f4cbdf2-5af5-451e-87d9-a9448d7ee746","VCID":20438,"PC_AssignedServiceArea":"3900110B","PC_BuildingName":"Paul Revere Middle School","PC_RoomArea":"Auditorium","PC_BuildingFullAddress":"1450 Allenford Ave Los Angeles, CA 90049","PC_BuildingAddress":"1450 Allenford Ave","PC_BuildingCity":"Los Angeles","PC_BuildingZip":90049,"PC_AllocatedBMDs":15,"PC_AllocatedEPBs":5,"PC_FacilityType":"Public","PC_SupervisorialDistrict":3,"PC_AllocatedSize":"15 - Standard","PC_MaxNumBMDs":45,"PC_MaxNumEPBs":56,"CIC_Number":null,"PC_ElectionID":4348,"Election_Name":"Gubernatorial General Election","Election_Year":2026,"Election_Type":"4","GIS_Publication_Status":"1","PC_ServiceAreaType":"4 Day"}},{"type":"Feature","id":6513,"geometry":{"type":"Point","coordinates":[-118.434014510589,34.2809665697867]},"properties":{"OBJECTID":6513,"globalid":"f04f12d3-22d1-45c1-968c-33b15c04ca9d","VCID":11810,"PC_AssignedServiceArea":"3605001B","PC_BuildingName":"San Fernando Recreation Park","PC_RoomArea":"Multi-Purpose Room","PC_BuildingFullAddress":"208 Park Ave San Fernando, CA 91340","PC_BuildingAddress":"208 Park Ave","PC_BuildingCity":"San Fernando","PC_BuildingZip":91340,"PC_AllocatedBMDs":15,"PC_AllocatedEPBs":5,"PC_FacilityType":"Public","PC_SupervisorialDistrict":3,"PC_AllocatedSize":"15 - Standard","PC_MaxNumBMDs":68,"PC_MaxNumEPBs":5,"CIC_Number":null,"PC_ElectionID":4348,"Election_Name":"Gubernatorial General Election","Election_Year":2026,"Election_Type":"4","GIS_Publication_Status":"1","PC_ServiceAreaType":"4 Day"}},{"type":"Feature","id":6514,"geometry":{"type":"Point","coordinates":[-118.370898779851,34.2149999850281]},"properties":{"OBJECTID":6514,"globalid":"03ddbe10-08ac-445b-936c-8b7beb94fee0","VCID":186,"PC_AssignedServiceArea":"3900025B","PC_BuildingName":"Sun Valley Branch Library","PC_RoomArea":"Meeting Room","PC_BuildingFullAddress":"7935 Vineland Ave Sun Valley, CA 91352","PC_BuildingAddress":"7935 Vineland Ave","PC_BuildingCity":"Sun Valley","PC_BuildingZip":91352,"PC_AllocatedBMDs":15,"PC_AllocatedEPBs":5,"PC_FacilityType":"Public","PC_SupervisorialDistrict":3,"PC_AllocatedSize":"15 - Standard","PC_MaxNumBMDs":153,"PC_MaxNumEPBs":35,"CIC_Number":null,"PC_ElectionID":4348,"Election_Name":"Gubernatorial General Election","Election_Year":2026,"Election_Type":"4","GIS_Publication_Status":"1","PC_ServiceAreaType":"4 Day"}},{"type":"Feature","id":6515,"geometry":{"type":"Point","coordinates":[-118.154196535211,33.8331706048932]},"properties":{"OBJECTID":6515,"globalid":"71810fac-1c42-423d-9e37-28facec3aad5","VCID":13175,"PC_AssignedServiceArea":"4345000B","PC_BuildingName":"Lakewood Country Club","PC_RoomArea":"Hacienda Room","PC_BuildingFullAddress":"3101 Carson St Lakewood, CA 90712","PC_BuildingAddress":"3101 Carson St","PC_BuildingCity":"Lakewood","PC_BuildingZip":90712,"PC_AllocatedBMDs":15,"PC_AllocatedEPBs":5,"PC_FacilityType":"Private","PC_SupervisorialDistrict":4,"PC_AllocatedSize":"15 - Standard","PC_MaxNumBMDs":22,"PC_MaxNumEPBs":10,"CIC_Number":null,"PC_ElectionID":4348,"Election_Name":"Gubernatorial General Election","Election_Year":2026,"Election_Type":"4","GIS_Publication_Status":"1","PC_ServiceAreaType":"4 Day"}},{"type":"Feature","id":6516,"geometry":{"type":"Point","coordinates":[-118.127472311152,34.093017359428]},"properties":{"OBJECTID":6516,"globalid":"057fc65c-5d8c-40a0-aaf7-9acba6d948e7","VCID":203,"PC_AssignedServiceArea":"1015011B","PC_BuildingName":"Alhambra Civic Center Library","PC_RoomArea":"Reese Hall","PC_BuildingFullAddress":"101 S 1st St Alhambra, CA 91801","PC_BuildingAddress":"101 S 1st St","PC_BuildingCity":"Alhambra","PC_BuildingZip":91801,"PC_AllocatedBMDs":15,"PC_AllocatedEPBs":5,"PC_FacilityType":"Public","PC_SupervisorialDistrict":null,"PC_AllocatedSize":"15 - Standard","PC_MaxNumBMDs":91,"PC_MaxNumEPBs":34,"CIC_Number":null,"PC_ElectionID":4348,"Election_Name":"Gubernatorial General Election","Election_Year":2026,"Election_Type":"4","GIS_Publication_Status":"1","PC_ServiceAreaType":"4 Day"}},{"type":"Feature","id":6517,"geometry":{"type":"Point","coordinates":[-118.137499328024,33.952995421262]},"properties":{"OBJECTID":6517,"globalid":"6106589e-d9bf-4fe6-92db-aa4421958f8d","VCID":21227,"PC_AssignedServiceArea":"4185040B","PC_BuildingName":"Furman Park","PC_RoomArea":"Activity Rooms 1 and 2","PC_BuildingFullAddress":"10419 Rives Ave Downey, CA 90241","PC_BuildingAddress":"10419 Rives Ave","PC_BuildingCity":"Downey","PC_BuildingZip":90241,"PC_AllocatedBMDs":15,"PC_AllocatedEPBs":7,"PC_FacilityType":"Public","PC_SupervisorialDistrict":4,"PC_AllocatedSize":"15 - Large","PC_MaxNumBMDs":null,"PC_MaxNumEPBs":null,"CIC_Number":null,"PC_ElectionID":4348,"Election_Name":"Gubernatorial General Election","Election_Year":2026,"Election_Type":"4","GIS_Publication_Status":"1","PC_ServiceAreaType":"4 Day"}},{"type":"Feature","id":6518,"geometry":{"type":"Point","coordinates":[-118.429611122158,34.0023750868684]},"properties":{"OBJECTID":6518,"globalid":"e86c1ec5-34e9-4a4f-ab5e-e3b90be2c870","VCID":22187,"PC_AssignedServiceArea":"3900114B","PC_BuildingName":"Grand View Boulevard Elementary School","PC_RoomArea":"Auditorium","PC_BuildingFullAddress":"3951 Grand View Blvd Los Angeles, CA 90066","PC_BuildingAddress":"3951 Grand View Blvd","PC_BuildingCity":"Los Angeles","PC_BuildingZip":90066,"PC_AllocatedBMDs":15,"PC_AllocatedEPBs":5,"PC_FacilityType":"Public","PC_SupervisorialDistrict":3,"PC_AllocatedSize":"15 - Standard","PC_MaxNumBMDs":30,"PC_MaxNumEPBs":11,"CIC_Number":null,"PC_ElectionID":4348,"Election_Name":"Gubernatorial General Election","Election_Year":2026,"Election_Type":"4","GIS_Publication_Status":"1","PC_ServiceAreaType":"4 Day"}},{"type":"Feature","id":6519,"geometry":{"type":"Point","coordinates":[-118.282317149769,34.0947689193698]},"properties":{"OBJECTID":6519,"globalid":"7a43ec0e-2161-4810-a68b-b31b1849e49c","VCID":2150,"PC_AssignedServiceArea":"1900040B","PC_BuildingName":"Silverlake Independent Jewish Comm Ctr","PC_RoomArea":"Gymnasium","PC_BuildingFullAddress":"1110 Bates Ave Los Angeles, CA 90029","PC_BuildingAddress":"1110 Bates Ave","PC_BuildingCity":"Los Angeles","PC_BuildingZip":90029,"PC_AllocatedBMDs":35,"PC_AllocatedEPBs":9,"PC_FacilityType":"Private","PC_SupervisorialDistrict":1,"PC_AllocatedSize":"35 - Extra Large","PC_MaxNumBMDs":110,"PC_MaxNumEPBs":9,"CIC_Number":null,"PC_ElectionID":4348,"Election_Name":"Gubernatorial General Election","Election_Year":2026,"Election_Type":"4","GIS_Publication_Status":"1","PC_ServiceAreaType":"4 Day"}},{"type":"Feature","id":6520,"geometry":{"type":"Point","coordinates":[-118.167362680797,33.7660026391535]},"properties":{"OBJECTID":6520,"globalid":"fddcbead-0028-408a-8a85-0f323babffce","VCID":14870,"PC_AssignedServiceArea":"4385020B","PC_BuildingName":"Bixby Park","PC_RoomArea":"Social Hall 1","PC_BuildingFullAddress":"130 Cherry Ave Long Beach, CA 90802","PC_BuildingAddress":"130 Cherry Ave","PC_BuildingCity":"Long Beach","PC_BuildingZip":90802,"PC_AllocatedBMDs":15,"PC_AllocatedEPBs":5,"PC_FacilityType":"Public","PC_SupervisorialDistrict":4,"PC_AllocatedSize":"15 - Standard","PC_MaxNumBMDs":40,"PC_MaxNumEPBs":12,"CIC_Number":null,"PC_ElectionID":4348,"Election_Name":"Gubernatorial General Election","Election_Year":2026,"Election_Type":"4","GIS_Publication_Status":"1","PC_ServiceAreaType":"4 Day"}},{"type":"Feature","id":6521,"geometry":{"type":"Point","coordinates":[-118.3924873083,34.140727421286]},"properties":{"OBJECTID":6521,"globalid":"cab8adf9-15ef-4dd0-95bf-b47d1f49bf39","VCID":5908,"PC_AssignedServiceArea":"3900048B","PC_BuildingName":"Carpenter Community Charter School","PC_RoomArea":"Auditorium","PC_BuildingFullAddress":"3909 Carpenter Ave Studio City, CA 91604","PC_BuildingAddress":"3909 Carpenter Ave","PC_BuildingCity":"Studio City","PC_BuildingZip":91604,"PC_AllocatedBMDs":15,"PC_AllocatedEPBs":5,"PC_FacilityType":"Public","PC_SupervisorialDistrict":5,"PC_AllocatedSize":"15 - Standard","PC_MaxNumBMDs":30,"PC_MaxNumEPBs":29,"CIC_Number":null,"PC_ElectionID":4348,"Election_Name":"Gubernatorial General Election","Election_Year":2026,"Election_Type":"4","GIS_Publication_Status":"1","PC_ServiceAreaType":"4 Day"}},{"type":"Feature","id":6522,"geometry":{"type":"Point","coordinates":[-118.374772258451,33.9823767086089]},"properties":{"OBJECTID":6522,"globalid":"bf9c28cb-1720-49b6-9862-ce9007ece874","VCID":14332,"PC_AssignedServiceArea":"2295020B","PC_BuildingName":"Frank D Parent Elementary School","PC_RoomArea":"Multi-Purpose Room","PC_BuildingFullAddress":"5354 W 64th St Inglewood, CA 90302","PC_BuildingAddress":"5354 W 64th St","PC_BuildingCity":"Inglewood","PC_BuildingZip":90302,"PC_AllocatedBMDs":15,"PC_AllocatedEPBs":5,"PC_FacilityType":"Public","PC_SupervisorialDistrict":null,"PC_AllocatedSize":"15 - Standard","PC_MaxNumBMDs":55,"PC_MaxNumEPBs":5,"CIC_Number":null,"PC_ElectionID":4348,"Election_Name":"Gubernatorial General Election","Election_Year":2026,"Election_Type":"4","GIS_Publication_Status":"1","PC_ServiceAreaType":"4 Day"}},{"type":"Feature","id":6523,"geometry":{"type":"Point","coordinates":[-118.219678477102,33.8968462197865]},"properties":{"OBJECTID":6523,"globalid":"eceece4b-7a6f-494f-9ffa-f931406f4849","VCID":20771,"PC_AssignedServiceArea":"2145040A","PC_BuildingName":"Wilson Park","PC_RoomArea":"Ballroom","PC_BuildingFullAddress":"123 N Rose Ave Compton, CA 90221","PC_BuildingAddress":"123 N Rose Ave","PC_BuildingCity":"Compton","PC_BuildingZip":90221,"PC_AllocatedBMDs":15,"PC_AllocatedEPBs":5,"PC_FacilityType":"Public","PC_SupervisorialDistrict":2,"PC_AllocatedSize":"15 - Standard","PC_MaxNumBMDs":68,"PC_MaxNumEPBs":11,"CIC_Number":null,"PC_ElectionID":4348,"Election_Name":"Gubernatorial General Election","Election_Year":2026,"Election_Type":"4","GIS_Publication_Status":"1","PC_ServiceAreaType":"11 Day"}},{"type":"Feature","id":6524,"geometry":{"type":"Point","coordinates":[-118.186102103538,34.6762191100507]},"properties":{"OBJECTID":6524,"globalid":"82d2907f-bb1a-433a-b667-33aec96e723d","VCID":24464,"PC_AssignedServiceArea":"5355002B","PC_BuildingName":"Antelope Valley College","PC_RoomArea":"SCT Room 150 Student Lounge","PC_BuildingFullAddress":"3041 W Avenue K Lancaster, CA 93536","PC_BuildingAddress":"3041 W Avenue K","PC_BuildingCity":"Lancaster","PC_BuildingZip":93536,"PC_AllocatedBMDs":15,"PC_AllocatedEPBs":7,"PC_FacilityType":"Public","PC_SupervisorialDistrict":5,"PC_AllocatedSize":"15 - Large","PC_MaxNumBMDs":45,"PC_MaxNumEPBs":72,"CIC_Number":null,"PC_ElectionID":4348,"Election_Name":"Gubernatorial General Election","Election_Year":2026,"Election_Type":"4","GIS_Publication_Status":"1","PC_ServiceAreaType":"4 Day"}},{"type":"Feature","id":6525,"geometry":{"type":"Point","coordinates":[-118.483171557106,34.4080232171386]},"properties":{"OBJECTID":6525,"globalid":"9c4e41fe-2bcb-413b-9c16-41dae4ee30d8","VCID":2584,"PC_AssignedServiceArea":"5622004B","PC_BuildingName":"La Mesa Junior High School","PC_RoomArea":"Multi-Purpose Room","PC_BuildingFullAddress":"26623 May Way Santa Clarita, CA 91351","PC_BuildingAddress":"26623 May Way","PC_BuildingCity":"Santa Clarita","PC_BuildingZip":91351,"PC_AllocatedBMDs":45,"PC_AllocatedEPBs":12,"PC_FacilityType":"Public","PC_SupervisorialDistrict":null,"PC_AllocatedSize":"45 - Extra Large","PC_MaxNumBMDs":100,"PC_MaxNumEPBs":365,"CIC_Number":null,"PC_ElectionID":4348,"Election_Name":"Gubernatorial General Election","Election_Year":2026,"Election_Type":"4","GIS_Publication_Status":"1","PC_ServiceAreaType":"4 Day"}},{"type":"Feature","id":6526,"geometry":{"type":"Point","coordinates":[-118.405978420977,34.0574146253449]},"properties":{"OBJECTID":6526,"globalid":"2f56768a-bf23-44d1-b5b4-ea93c24a9ee5","VCID":23987,"PC_AssignedServiceArea":"3090002B","PC_BuildingName":"Roxbury Memorial Park Clubhouse","PC_RoomArea":"Lobby and Community Room","PC_BuildingFullAddress":"401 S Roxbury Dr Beverly Hills, CA 90212","PC_BuildingAddress":"401 S Roxbury Dr","PC_BuildingCity":"Beverly Hills","PC_BuildingZip":90212,"PC_AllocatedBMDs":15,"PC_AllocatedEPBs":5,"PC_FacilityType":"Public","PC_SupervisorialDistrict":3,"PC_AllocatedSize":"15 - Standard","PC_MaxNumBMDs":null,"PC_MaxNumEPBs":null,"CIC_Number":null,"PC_ElectionID":4348,"Election_Name":"Gubernatorial General Election","Election_Year":2026,"Election_Type":"4","GIS_Publication_Status":"1","PC_ServiceAreaType":"4 Day"}},{"type":"Feature","id":6527,"geometry":{"type":"Point","coordinates":[-118.232350736691,34.0457435012332]},"properties":{"OBJECTID":6527,"globalid":"1dba1c64-0f4b-4490-ab49-2b54ed3788cc","VCID":23254,"PC_AssignedServiceArea":"1900146B","PC_BuildingName":"One Santa Fe","PC_RoomArea":"Gallery","PC_BuildingFullAddress":"300 S Santa Fe Ave Los Angeles, CA 90013","PC_BuildingAddress":"300 S Santa Fe Ave","PC_BuildingCity":"Los Angeles","PC_BuildingZip":90013,"PC_AllocatedBMDs":15,"PC_AllocatedEPBs":5,"PC_FacilityType":"Private","PC_SupervisorialDistrict":1,"PC_AllocatedSize":"15 - Standard","PC_MaxNumBMDs":68,"PC_MaxNumEPBs":16,"CIC_Number":null,"PC_ElectionID":4348,"Election_Name":"Gubernatorial General Election","Election_Year":2026,"Election_Type":"4","GIS_Publication_Status":"1","PC_ServiceAreaType":"4 Day"}},{"type":"Feature","id":6528,"geometry":{"type":"Point","coordinates":[-117.85612066554,34.0079028624164]},"properties":{"OBJECTID":6528,"globalid":"3facbb13-78f1-4900-a885-b2c78851be61","VCID":21472,"PC_AssignedServiceArea":"1760003B","PC_BuildingName":"Ron Hockwalt Academies","PC_RoomArea":"Multi-Purpose Room","PC_BuildingFullAddress":"476 S Lemon Ave Walnut, CA 91789","PC_BuildingAddress":"476 S Lemon Ave","PC_BuildingCity":"Walnut","PC_BuildingZip":91789,"PC_AllocatedBMDs":15,"PC_AllocatedEPBs":5,"PC_FacilityType":"Public","PC_SupervisorialDistrict":null,"PC_AllocatedSize":"15 - Standard","PC_MaxNumBMDs":90,"PC_MaxNumEPBs":95,"CIC_Number":null,"PC_ElectionID":4348,"Election_Name":"Gubernatorial General Election","Election_Year":2026,"Election_Type":"4","GIS_Publication_Status":"1","PC_ServiceAreaType":"4 Day"}},{"type":"Feature","id":6529,"geometry":{"type":"Point","coordinates":[-118.351420298296,34.0923631654646]},"properties":{"OBJECTID":6529,"globalid":"f66ad475-1bd6-4eba-baed-842ac9e09d2e","VCID":9057,"PC_AssignedServiceArea":"3900041A","PC_BuildingName":"Plummer Park","PC_RoomArea":"Fiesta Hall","PC_BuildingFullAddress":"1200 N Vista St West Hollywood, CA 90046","PC_BuildingAddress":"1200 N Vista St","PC_BuildingCity":"West Hollywood","PC_BuildingZip":90046,"PC_AllocatedBMDs":35,"PC_AllocatedEPBs":12,"PC_FacilityType":"Public","PC_SupervisorialDistrict":3,"PC_AllocatedSize":"35 - Extra Large","PC_MaxNumBMDs":91,"PC_MaxNumEPBs":46,"CIC_Number":null,"PC_ElectionID":4348,"Election_Name":"Gubernatorial General Election","Election_Year":2026,"Election_Type":"4","GIS_Publication_Status":"1","PC_ServiceAreaType":"11 Day"}},{"type":"Feature","id":6530,"geometry":{"type":"Point","coordinates":[-118.193145314504,33.8967341761374]},"properties":{"OBJECTID":6530,"globalid":"af73c06b-3787-4be3-bb45-1a09eba803ca","VCID":19450,"PC_AssignedServiceArea":"2196000B","PC_BuildingName":"Salon Del Rey","PC_RoomArea":"Salon Del Rey","PC_BuildingFullAddress":"15006 Atlantic Ave Compton, CA 90221","PC_BuildingAddress":"15006 Atlantic Ave","PC_BuildingCity":"Compton","PC_BuildingZip":90221,"PC_AllocatedBMDs":15,"PC_AllocatedEPBs":5,"PC_FacilityType":"Private","PC_SupervisorialDistrict":2,"PC_AllocatedSize":"15 - Standard","PC_MaxNumBMDs":85,"PC_MaxNumEPBs":15,"CIC_Number":null,"PC_ElectionID":4348,"Election_Name":"Gubernatorial General Election","Election_Year":2026,"Election_Type":"4","GIS_Publication_Status":"1","PC_ServiceAreaType":"4 Day"}},{"type":"Feature","id":6531,"geometry":{"type":"Point","coordinates":[-118.477995875346,34.2525077572042]},"properties":{"OBJECTID":6531,"globalid":"23d7a632-88f5-4ccf-b0b6-61a8f9190c05","VCID":5878,"PC_AssignedServiceArea":"3900122B","PC_BuildingName":"Vintage Magnet Elementary School","PC_RoomArea":"Auditorium","PC_BuildingFullAddress":"15848 Stare St North Hills, CA 91343","PC_BuildingAddress":"15848 Stare St","PC_BuildingCity":"North Hills","PC_BuildingZip":91343,"PC_AllocatedBMDs":15,"PC_AllocatedEPBs":5,"PC_FacilityType":"Public","PC_SupervisorialDistrict":3,"PC_AllocatedSize":"15 - Standard","PC_MaxNumBMDs":50,"PC_MaxNumEPBs":232,"CIC_Number":null,"PC_ElectionID":4348,"Election_Name":"Gubernatorial General Election","Election_Year":2026,"Election_Type":"4","GIS_Publication_Status":"1","PC_ServiceAreaType":"4 Day"}},{"type":"Feature","id":6532,"geometry":{"type":"Point","coordinates":[-118.460703107728,34.2211517804892]},"properties":{"OBJECTID":6532,"globalid":"e60ff847-048f-4f12-8b70-2cec633d310c","VCID":21248,"PC_AssignedServiceArea":"3900066D","PC_BuildingName":"Vista Middle School","PC_RoomArea":"Library","PC_BuildingFullAddress":"15040 Roscoe Blvd Panorama City, CA 91402","PC_BuildingAddress":"15040 Roscoe Blvd","PC_BuildingCity":"Panorama City","PC_BuildingZip":91402,"PC_AllocatedBMDs":15,"PC_AllocatedEPBs":5,"PC_FacilityType":"Public","PC_SupervisorialDistrict":3,"PC_AllocatedSize":"15 - Standard","PC_MaxNumBMDs":90,"PC_MaxNumEPBs":45,"CIC_Number":null,"PC_ElectionID":4348,"Election_Name":"Gubernatorial General Election","Election_Year":2026,"Election_Type":"4","GIS_Publication_Status":"1","PC_ServiceAreaType":"4 Day"}},{"type":"Feature","id":6533,"geometry":{"type":"Point","coordinates":[-118.388157922625,34.2136977818843]},"properties":{"OBJECTID":6533,"globalid":"761af795-121f-4a12-85b6-caf9d1aa9ea3","VCID":13784,"PC_AssignedServiceArea":"3900063A","PC_BuildingName":"LA Family Housing","PC_RoomArea":"Winn Community Room","PC_BuildingFullAddress":"7843 Lankershim Blvd North Hollywood, CA 91605","PC_BuildingAddress":"7843 Lankershim Blvd","PC_BuildingCity":"North Hollywood","PC_BuildingZip":91605,"PC_AllocatedBMDs":15,"PC_AllocatedEPBs":5,"PC_FacilityType":"Private","PC_SupervisorialDistrict":3,"PC_AllocatedSize":"15 - Standard","PC_MaxNumBMDs":60,"PC_MaxNumEPBs":16,"CIC_Number":null,"PC_ElectionID":4348,"Election_Name":"Gubernatorial General Election","Election_Year":2026,"Election_Type":"4","GIS_Publication_Status":"1","PC_ServiceAreaType":"11 Day"}},{"type":"Feature","id":6534,"geometry":{"type":"Point","coordinates":[-118.19399936568,34.2028569132144]},"properties":{"OBJECTID":6534,"globalid":"bd6a20de-e729-4665-80f0-c16b028c0168","VCID":17032,"PC_AssignedServiceArea":"5315001B","PC_BuildingName":"La Canada Flintridge Library","PC_RoomArea":"Meeting Room","PC_BuildingFullAddress":"4545 N Oakwood Ave  La Canada Flintridge, CA 91011","PC_BuildingAddress":"4545 N Oakwood Ave ","PC_BuildingCity":"La Canada Flintridge","PC_BuildingZip":91011,"PC_AllocatedBMDs":15,"PC_AllocatedEPBs":5,"PC_FacilityType":"Public","PC_SupervisorialDistrict":5,"PC_AllocatedSize":"15 - Standard","PC_MaxNumBMDs":38,"PC_MaxNumEPBs":32,"CIC_Number":null,"PC_ElectionID":4348,"Election_Name":"Gubernatorial General Election","Election_Year":2026,"Election_Type":"4","GIS_Publication_Status":"1","PC_ServiceAreaType":"4 Day"}},{"type":"Feature","id":6535,"geometry":{"type":"Point","coordinates":[-118.41018005832,33.9934205784074]},"properties":{"OBJECTID":6535,"globalid":"8e19e9d3-fcfa-43fa-92c9-680d727b1d28","VCID":593,"PC_AssignedServiceArea":"2900112B","PC_BuildingName":"Mar Vista Gardens Com Service Ctr","PC_RoomArea":"Social Hall","PC_BuildingFullAddress":"4909 Marionwood Dr Culver City, CA 90230","PC_BuildingAddress":"4909 Marionwood Dr","PC_BuildingCity":"Culver City","PC_BuildingZip":90230,"PC_AllocatedBMDs":15,"PC_AllocatedEPBs":5,"PC_FacilityType":"Public","PC_SupervisorialDistrict":2,"PC_AllocatedSize":"15 - Standard","PC_MaxNumBMDs":45,"PC_MaxNumEPBs":18,"CIC_Number":null,"PC_ElectionID":4348,"Election_Name":"Gubernatorial General Election","Election_Year":2026,"Election_Type":"4","GIS_Publication_Status":"1","PC_ServiceAreaType":"4 Day"}},{"type":"Feature","id":6536,"geometry":{"type":"Point","coordinates":[-118.151216924132,34.1647670368884]},"properties":{"OBJECTID":6536,"globalid":"1176c7b6-2de1-4bfe-b7ab-ee1beb724715","VCID":479,"PC_AssignedServiceArea":"5515020A","PC_BuildingName":"Robinson Park Recreation Center","PC_RoomArea":"Multi-Purpose Room","PC_BuildingFullAddress":"1081 N Fair Oaks Ave Pasadena, CA 91103","PC_BuildingAddress":"1081 N Fair Oaks Ave","PC_BuildingCity":"Pasadena","PC_BuildingZip":91103,"PC_AllocatedBMDs":25,"PC_AllocatedEPBs":7,"PC_FacilityType":"Public","PC_SupervisorialDistrict":5,"PC_AllocatedSize":"25 - Large","PC_MaxNumBMDs":205,"PC_MaxNumEPBs":35,"CIC_Number":null,"PC_ElectionID":4348,"Election_Name":"Gubernatorial General Election","Election_Year":2026,"Election_Type":"4","GIS_Publication_Status":"1","PC_ServiceAreaType":"11 Day"}},{"type":"Feature","id":6537,"geometry":{"type":"Point","coordinates":[-118.613505267383,34.1731375777227]},"properties":{"OBJECTID":6537,"globalid":"febd7d90-5b19-4d5d-a622-d2fa400cac39","VCID":21016,"PC_AssignedServiceArea":"3900032B","PC_BuildingName":"Woodland Hills United Methodist Church","PC_RoomArea":"Education Building Rooms 1 and 2","PC_BuildingFullAddress":"5650 Shoup Ave Woodland Hills, CA 91367","PC_BuildingAddress":"5650 Shoup Ave","PC_BuildingCity":"Woodland Hills","PC_BuildingZip":91367,"PC_AllocatedBMDs":15,"PC_AllocatedEPBs":5,"PC_FacilityType":"Private","PC_SupervisorialDistrict":3,"PC_AllocatedSize":"15 - Standard","PC_MaxNumBMDs":128,"PC_MaxNumEPBs":null,"CIC_Number":null,"PC_ElectionID":4348,"Election_Name":"Gubernatorial General Election","Election_Year":2026,"Election_Type":"4","GIS_Publication_Status":"1","PC_ServiceAreaType":"4 Day"}},{"type":"Feature","id":6538,"geometry":{"type":"Point","coordinates":[-118.036288942707,33.9563680667494]},"properties":{"OBJECTID":6538,"globalid":"e24dd4f3-ca33-452e-b1fe-402d3c3ff835","VCID":20889,"PC_AssignedServiceArea":"4670001B","PC_BuildingName":"Laurel Elementary School","PC_RoomArea":"Cafeteria","PC_BuildingFullAddress":"13550 Lambert Rd Whittier, CA 90605","PC_BuildingAddress":"13550 Lambert Rd","PC_BuildingCity":"Whittier","PC_BuildingZip":90605,"PC_AllocatedBMDs":15,"PC_AllocatedEPBs":5,"PC_FacilityType":"Public","PC_SupervisorialDistrict":4,"PC_AllocatedSize":"15 - Standard","PC_MaxNumBMDs":85,"PC_MaxNumEPBs":5,"CIC_Number":null,"PC_ElectionID":4348,"Election_Name":"Gubernatorial General Election","Election_Year":2026,"Election_Type":"4","GIS_Publication_Status":"1","PC_ServiceAreaType":"4 Day"}},{"type":"Feature","id":6539,"geometry":{"type":"Point","coordinates":[-118.189046340257,34.1023423549094]},"properties":{"OBJECTID":6539,"globalid":"019c88bb-caf8-4140-be09-122b813270c8","VCID":22157,"PC_AssignedServiceArea":"1900143B","PC_BuildingName":"Bushnell Way Elementary School","PC_RoomArea":"Auditorium","PC_BuildingFullAddress":"5507 Bushnell Way Los Angeles, CA 90042","PC_BuildingAddress":"5507 Bushnell Way","PC_BuildingCity":"Los Angeles","PC_BuildingZip":90042,"PC_AllocatedBMDs":15,"PC_AllocatedEPBs":5,"PC_FacilityType":"Public","PC_SupervisorialDistrict":1,"PC_AllocatedSize":"15 - Standard","PC_MaxNumBMDs":80,"PC_MaxNumEPBs":30,"CIC_Number":null,"PC_ElectionID":4348,"Election_Name":"Gubernatorial General Election","Election_Year":2026,"Election_Type":"4","GIS_Publication_Status":"1","PC_ServiceAreaType":"4 Day"}},{"type":"Feature","id":6540,"geometry":{"type":"Point","coordinates":[-118.290970858701,33.946076412473]},"properties":{"OBJECTID":6540,"globalid":"6b8963aa-7516-4108-960e-d89fd26dca66","VCID":35451,"PC_AssignedServiceArea":"2767002B","PC_BuildingName":"Weingart YMCA Wellness and Aquatic Ctr","PC_RoomArea":"3rd Floor Teen Center","PC_BuildingFullAddress":"9900 S Vermont Ave Los Angeles, CA 90044","PC_BuildingAddress":"9900 S Vermont Ave","PC_BuildingCity":"Los Angeles","PC_BuildingZip":90044,"PC_AllocatedBMDs":15,"PC_AllocatedEPBs":5,"PC_FacilityType":"Private","PC_SupervisorialDistrict":2,"PC_AllocatedSize":"15 - Standard","PC_MaxNumBMDs":114,"PC_MaxNumEPBs":31,"CIC_Number":null,"PC_ElectionID":4348,"Election_Name":"Gubernatorial General Election","Election_Year":2026,"Election_Type":"4","GIS_Publication_Status":"1","PC_ServiceAreaType":"4 Day"}},{"type":"Feature","id":6541,"geometry":{"type":"Point","coordinates":[-118.293601994476,33.8962452845768]},"properties":{"OBJECTID":6541,"globalid":"0bde16fe-cccc-469c-96c9-045ec5732147","VCID":18531,"PC_AssignedServiceArea":"2250002B","PC_BuildingName":"Amestoy Elementary School","PC_RoomArea":"Auditorium","PC_BuildingFullAddress":"1048 W 149th St Gardena, CA 90247","PC_BuildingAddress":"1048 W 149th St","PC_BuildingCity":"Gardena","PC_BuildingZip":90247,"PC_AllocatedBMDs":15,"PC_AllocatedEPBs":5,"PC_FacilityType":"Public","PC_SupervisorialDistrict":2,"PC_AllocatedSize":"15 - Standard","PC_MaxNumBMDs":20,"PC_MaxNumEPBs":6,"CIC_Number":null,"PC_ElectionID":4348,"Election_Name":"Gubernatorial General Election","Election_Year":2026,"Election_Type":"4","GIS_Publication_Status":"1","PC_ServiceAreaType":"4 Day"}},{"type":"Feature","id":6542,"geometry":{"type":"Point","coordinates":[-118.546868777021,34.226085771975]},"properties":{"OBJECTID":6542,"globalid":"0e89a065-ea09-4c52-b598-25f81e477d83","VCID":12620,"PC_AssignedServiceArea":"3900047B","PC_BuildingName":"Napa Street Elementary School","PC_RoomArea":"Auditorium","PC_BuildingFullAddress":"19010 Napa St Northridge, CA 91324","PC_BuildingAddress":"19010 Napa St","PC_BuildingCity":"Northridge","PC_BuildingZip":91324,"PC_AllocatedBMDs":15,"PC_AllocatedEPBs":5,"PC_FacilityType":"Public","PC_SupervisorialDistrict":3,"PC_AllocatedSize":"15 - Standard","PC_MaxNumBMDs":50,"PC_MaxNumEPBs":15,"CIC_Number":null,"PC_ElectionID":4348,"Election_Name":"Gubernatorial General Election","Election_Year":2026,"Election_Type":"4","GIS_Publication_Status":"1","PC_ServiceAreaType":"4 Day"}},{"type":"Feature","id":6543,"geometry":{"type":"Point","coordinates":[-118.827896292943,34.0243841440149]},"properties":{"OBJECTID":6543,"globalid":"eaebc0da-0345-4ce7-8293-263eb64dce4e","VCID":19954,"PC_AssignedServiceArea":"3405002B","PC_BuildingName":"Malibu High School","PC_RoomArea":"Parent Center A-006","PC_BuildingFullAddress":"30215 Morning View Dr Malibu, CA 90265","PC_BuildingAddress":"30215 Morning View Dr","PC_BuildingCity":"Malibu","PC_BuildingZip":90265,"PC_AllocatedBMDs":15,"PC_AllocatedEPBs":5,"PC_FacilityType":"Public","PC_SupervisorialDistrict":3,"PC_AllocatedSize":"15 - Standard","PC_MaxNumBMDs":30,"PC_MaxNumEPBs":290,"CIC_Number":null,"PC_ElectionID":4348,"Election_Name":"Gubernatorial General Election","Election_Year":2026,"Election_Type":"4","GIS_Publication_Status":"1","PC_ServiceAreaType":"4 Day"}},{"type":"Feature","id":6544,"geometry":{"type":"Point","coordinates":[-118.282317135205,33.9761868327448]},"properties":{"OBJECTID":6544,"globalid":"4227bd3a-2b78-48a5-a478-b95d2291bc19","VCID":11816,"PC_AssignedServiceArea":"2900092A","PC_BuildingName":"South LA Sports Activity Center","PC_RoomArea":"Multi-Purpose Room 101","PC_BuildingFullAddress":"7020 S Figueroa St Los Angeles, CA 90003","PC_BuildingAddress":"7020 S Figueroa St","PC_BuildingCity":"Los Angeles","PC_BuildingZip":90003,"PC_AllocatedBMDs":15,"PC_AllocatedEPBs":5,"PC_FacilityType":"Public","PC_SupervisorialDistrict":2,"PC_AllocatedSize":"15 - Standard","PC_MaxNumBMDs":40,"PC_MaxNumEPBs":17,"CIC_Number":null,"PC_ElectionID":4348,"Election_Name":"Gubernatorial General Election","Election_Year":2026,"Election_Type":"4","GIS_Publication_Status":"1","PC_ServiceAreaType":"11 Day"}},{"type":"Feature","id":6545,"geometry":{"type":"Point","coordinates":[-118.125931514376,33.9055817393456]},"properties":{"OBJECTID":6545,"globalid":"74fbc1fb-b351-4199-bab7-56c503795077","VCID":20027,"PC_AssignedServiceArea":"4075010B","PC_BuildingName":"T Mayne Thompson Park","PC_RoomArea":"Rooms A and B","PC_BuildingFullAddress":"14001 S Bellflower Blvd Bellflower, CA 90706","PC_BuildingAddress":"14001 S Bellflower Blvd","PC_BuildingCity":"Bellflower","PC_BuildingZip":90706,"PC_AllocatedBMDs":15,"PC_AllocatedEPBs":5,"PC_FacilityType":"Public","PC_SupervisorialDistrict":4,"PC_AllocatedSize":"15 - Standard","PC_MaxNumBMDs":null,"PC_MaxNumEPBs":null,"CIC_Number":null,"PC_ElectionID":4348,"Election_Name":"Gubernatorial General Election","Election_Year":2026,"Election_Type":"4","GIS_Publication_Status":"1","PC_ServiceAreaType":"4 Day"}},{"type":"Feature","id":6546,"geometry":{"type":"Point","coordinates":[-118.147539190078,33.8573956613104]},"properties":{"OBJECTID":6546,"globalid":"bbe39cd9-ef9a-4b92-9219-4de588f50151","VCID":21605,"PC_AssignedServiceArea":"4345000D","PC_BuildingName":"Buena Vista High School","PC_RoomArea":"Multi-Purpose Room","PC_BuildingFullAddress":"3717 Michelson St Lakewood, CA 90712","PC_BuildingAddress":"3717 Michelson St","PC_BuildingCity":"Lakewood","PC_BuildingZip":90712,"PC_AllocatedBMDs":15,"PC_AllocatedEPBs":5,"PC_FacilityType":"Public","PC_SupervisorialDistrict":4,"PC_AllocatedSize":"15 - Standard","PC_MaxNumBMDs":45,"PC_MaxNumEPBs":13,"CIC_Number":null,"PC_ElectionID":4348,"Election_Name":"Gubernatorial General Election","Election_Year":2026,"Election_Type":"4","GIS_Publication_Status":"1","PC_ServiceAreaType":"4 Day"}},{"type":"Feature","id":6547,"geometry":{"type":"Point","coordinates":[-118.005643831062,33.9456712942916]},"properties":{"OBJECTID":6547,"globalid":"d8b8209a-ebe3-4f24-905c-0312769f4ef0","VCID":3155,"PC_AssignedServiceArea":"4780030B","PC_BuildingName":"E Whittier United Methodist Church","PC_RoomArea":"Geer Hall","PC_BuildingFullAddress":"10005 Cole Rd Whittier, CA 90603","PC_BuildingAddress":"10005 Cole Rd","PC_BuildingCity":"Whittier","PC_BuildingZip":90603,"PC_AllocatedBMDs":40,"PC_AllocatedEPBs":10,"PC_FacilityType":"Private","PC_SupervisorialDistrict":4,"PC_AllocatedSize":"40 - Extra Large","PC_MaxNumBMDs":91,"PC_MaxNumEPBs":24,"CIC_Number":null,"PC_ElectionID":4348,"Election_Name":"Gubernatorial General Election","Election_Year":2026,"Election_Type":"4","GIS_Publication_Status":"1","PC_ServiceAreaType":"4 Day"}},{"type":"Feature","id":6548,"geometry":{"type":"Point","coordinates":[-118.535804735212,34.191110630807]},"properties":{"OBJECTID":6548,"globalid":"737e8006-4205-456e-82bc-3624ece71265","VCID":14232,"PC_AssignedServiceArea":"3900062B","PC_BuildingName":"The Valley Vineyard Christian Church","PC_RoomArea":"Fellowship Hall","PC_BuildingFullAddress":"6642 Reseda Blvd Reseda, CA 91335","PC_BuildingAddress":"6642 Reseda Blvd","PC_BuildingCity":"Reseda","PC_BuildingZip":91335,"PC_AllocatedBMDs":25,"PC_AllocatedEPBs":7,"PC_FacilityType":"Private","PC_SupervisorialDistrict":3,"PC_AllocatedSize":"25 - Large","PC_MaxNumBMDs":110,"PC_MaxNumEPBs":21,"CIC_Number":null,"PC_ElectionID":4348,"Election_Name":"Gubernatorial General Election","Election_Year":2026,"Election_Type":"4","GIS_Publication_Status":"1","PC_ServiceAreaType":"4 Day"}},{"type":"Feature","id":6549,"geometry":{"type":"Point","coordinates":[-118.150727145878,33.8918038131214]},"properties":{"OBJECTID":6549,"globalid":"f5ea8b70-a26e-43a4-a86f-3232f637d897","VCID":3797,"PC_AssignedServiceArea":"4075040B","PC_BuildingName":"Progress Park","PC_RoomArea":"Auditorium","PC_BuildingFullAddress":"15500 Downey Ave Paramount, CA 90723","PC_BuildingAddress":"15500 Downey Ave","PC_BuildingCity":"Paramount","PC_BuildingZip":90723,"PC_AllocatedBMDs":15,"PC_AllocatedEPBs":5,"PC_FacilityType":"Public","PC_SupervisorialDistrict":4,"PC_AllocatedSize":"15 - Standard","PC_MaxNumBMDs":114,"PC_MaxNumEPBs":6,"CIC_Number":null,"PC_ElectionID":4348,"Election_Name":"Gubernatorial General Election","Election_Year":2026,"Election_Type":"4","GIS_Publication_Status":"1","PC_ServiceAreaType":"4 Day"}},{"type":"Feature","id":6550,"geometry":{"type":"Point","coordinates":[-118.413619530631,34.3082483090287]},"properties":{"OBJECTID":6550,"globalid":"a736f639-6043-4d8f-a92b-511d7c3a37f2","VCID":20197,"PC_AssignedServiceArea":"3900075B","PC_BuildingName":"Los Angeles Mission College-East Campus","PC_RoomArea":"Health Fitness Athletic Center Atrium","PC_BuildingFullAddress":"12890 Harding St Sylmar, CA 91342","PC_BuildingAddress":"12890 Harding St","PC_BuildingCity":"Sylmar","PC_BuildingZip":91342,"PC_AllocatedBMDs":40,"PC_AllocatedEPBs":12,"PC_FacilityType":"Public","PC_SupervisorialDistrict":3,"PC_AllocatedSize":"40 - Extra Large","PC_MaxNumBMDs":68,"PC_MaxNumEPBs":10,"CIC_Number":null,"PC_ElectionID":4348,"Election_Name":"Gubernatorial General Election","Election_Year":2026,"Election_Type":"4","GIS_Publication_Status":"1","PC_ServiceAreaType":"4 Day"}},{"type":"Feature","id":6551,"geometry":{"type":"Point","coordinates":[-118.820995690254,34.145964514557]},"properties":{"OBJECTID":6551,"globalid":"79c75e92-cf7b-4357-a4f5-8c29b29d8458","VCID":21510,"PC_AssignedServiceArea":"3777000B","PC_BuildingName":"Westminster Presbyterian Church","PC_RoomArea":"Fellowship Center","PC_BuildingFullAddress":"32111 Watergate Rd Westlake Village, CA 91361","PC_BuildingAddress":"32111 Watergate Rd","PC_BuildingCity":"Westlake Village","PC_BuildingZip":91361,"PC_AllocatedBMDs":15,"PC_AllocatedEPBs":5,"PC_FacilityType":"Private","PC_SupervisorialDistrict":3,"PC_AllocatedSize":"15 - Standard","PC_MaxNumBMDs":120,"PC_MaxNumEPBs":25,"CIC_Number":null,"PC_ElectionID":4348,"Election_Name":"Gubernatorial General Election","Election_Year":2026,"Election_Type":"4","GIS_Publication_Status":"1","PC_ServiceAreaType":"4 Day"}},{"type":"Feature","id":6552,"geometry":{"type":"Point","coordinates":[-118.133912308136,33.7630077598306]},"properties":{"OBJECTID":6552,"globalid":"abd370fc-bcc6-4bed-bae4-d42a2f25598d","VCID":12532,"PC_AssignedServiceArea":"4385030B","PC_BuildingName":"Bay Shore Comm Congregational Church","PC_RoomArea":"Gymnasium","PC_BuildingFullAddress":"5200 E The Toledo Ave Long Beach, CA 90803","PC_BuildingAddress":"5200 E The Toledo Ave","PC_BuildingCity":"Long Beach","PC_BuildingZip":90803,"PC_AllocatedBMDs":25,"PC_AllocatedEPBs":7,"PC_FacilityType":"Private","PC_SupervisorialDistrict":4,"PC_AllocatedSize":"25 - Large","PC_MaxNumBMDs":137,"PC_MaxNumEPBs":33,"CIC_Number":null,"PC_ElectionID":4348,"Election_Name":"Gubernatorial General Election","Election_Year":2026,"Election_Type":"4","GIS_Publication_Status":"1","PC_ServiceAreaType":"4 Day"}},{"type":"Feature","id":6553,"geometry":{"type":"Point","coordinates":[-118.353674863413,34.0319785647261]},"properties":{"OBJECTID":6553,"globalid":"f0094656-9fae-4c74-97c8-4da58a9269b9","VCID":2767,"PC_AssignedServiceArea":"2160001B","PC_BuildingName":"Cienega Elementary School","PC_RoomArea":"Auditorium","PC_BuildingFullAddress":"2611 S Orange Dr Los Angeles, CA 90016","PC_BuildingAddress":"2611 S Orange Dr","PC_BuildingCity":"Los Angeles","PC_BuildingZip":90016,"PC_AllocatedBMDs":15,"PC_AllocatedEPBs":5,"PC_FacilityType":"Public","PC_SupervisorialDistrict":2,"PC_AllocatedSize":"15 - Standard","PC_MaxNumBMDs":70,"PC_MaxNumEPBs":20,"CIC_Number":null,"PC_ElectionID":4348,"Election_Name":"Gubernatorial General Election","Election_Year":2026,"Election_Type":"4","GIS_Publication_Status":"1","PC_ServiceAreaType":"4 Day"}},{"type":"Feature","id":6554,"geometry":{"type":"Point","coordinates":[-118.239936407762,34.0642382495101]},"properties":{"OBJECTID":6554,"globalid":"df1a1902-e499-4f25-8419-010230a20a12","VCID":6404,"PC_AssignedServiceArea":"1900014B","PC_BuildingName":"Castelar Elementary School","PC_RoomArea":"Auditorium","PC_BuildingFullAddress":"840 Yale St Los Angeles, CA 90012","PC_BuildingAddress":"840 Yale St","PC_BuildingCity":"Los Angeles","PC_BuildingZip":90012,"PC_AllocatedBMDs":15,"PC_AllocatedEPBs":5,"PC_FacilityType":"Public","PC_SupervisorialDistrict":1,"PC_AllocatedSize":"15 - Standard","PC_MaxNumBMDs":60,"PC_MaxNumEPBs":62,"CIC_Number":null,"PC_ElectionID":4348,"Election_Name":"Gubernatorial General Election","Election_Year":2026,"Election_Type":"4","GIS_Publication_Status":"1","PC_ServiceAreaType":"4 Day"}},{"type":"Feature","id":6555,"geometry":{"type":"Point","coordinates":[-118.449617587318,34.2857157670938]},"properties":{"OBJECTID":6555,"globalid":"4454cf2a-7e2b-4484-9a39-4e7bd3074d1e","VCID":498,"PC_AssignedServiceArea":"3900071A","PC_BuildingName":"Las Palmas Park","PC_RoomArea":"Arts and Crafts Room","PC_BuildingFullAddress":"505 S Huntington St San Fernando, CA 91340","PC_BuildingAddress":"505 S Huntington St","PC_BuildingCity":"San Fernando","PC_BuildingZip":91340,"PC_AllocatedBMDs":15,"PC_AllocatedEPBs":5,"PC_FacilityType":"Public","PC_SupervisorialDistrict":3,"PC_AllocatedSize":"15 - Standard","PC_MaxNumBMDs":150,"PC_MaxNumEPBs":28,"CIC_Number":null,"PC_ElectionID":4348,"Election_Name":"Gubernatorial General Election","Election_Year":2026,"Election_Type":"4","GIS_Publication_Status":"1","PC_ServiceAreaType":"11 Day"}},{"type":"Feature","id":6556,"geometry":{"type":"Point","coordinates":[-118.115986343152,33.8429519429292]},"properties":{"OBJECTID":6556,"globalid":"50b0a9fa-8b61-4c80-8af7-a46e688b01ce","VCID":13793,"PC_AssignedServiceArea":"4345004B","PC_BuildingName":"Lakewood Youth Center","PC_RoomArea":"East and West Rooms","PC_BuildingFullAddress":"4658 Woodruff Ave Lakewood, CA 90713","PC_BuildingAddress":"4658 Woodruff Ave","PC_BuildingCity":"Lakewood","PC_BuildingZip":90713,"PC_AllocatedBMDs":45,"PC_AllocatedEPBs":12,"PC_FacilityType":"Public","PC_SupervisorialDistrict":4,"PC_AllocatedSize":"45 - Extra Large","PC_MaxNumBMDs":160,"PC_MaxNumEPBs":33,"CIC_Number":null,"PC_ElectionID":4348,"Election_Name":"Gubernatorial General Election","Election_Year":2026,"Election_Type":"4","GIS_Publication_Status":"1","PC_ServiceAreaType":"4 Day"}},{"type":"Feature","id":6557,"geometry":{"type":"Point","coordinates":[-118.115480034994,34.6736366121789]},"properties":{"OBJECTID":6557,"globalid":"bd972088-b8af-4592-b92b-afe53af17a74","VCID":14214,"PC_AssignedServiceArea":"5500011B","PC_BuildingName":"New Vista Middle School","PC_RoomArea":"Gymnasium","PC_BuildingFullAddress":"753 E Avenue K 2 Ave Lancaster, CA 93535","PC_BuildingAddress":"753 E Avenue K 2 Ave","PC_BuildingCity":"Lancaster","PC_BuildingZip":93535,"PC_AllocatedBMDs":15,"PC_AllocatedEPBs":5,"PC_FacilityType":"Public","PC_SupervisorialDistrict":null,"PC_AllocatedSize":"15 - Standard","PC_MaxNumBMDs":30,"PC_MaxNumEPBs":67,"CIC_Number":null,"PC_ElectionID":4348,"Election_Name":"Gubernatorial General Election","Election_Year":2026,"Election_Type":"4","GIS_Publication_Status":"1","PC_ServiceAreaType":"4 Day"}},{"type":"Feature","id":6558,"geometry":{"type":"Point","coordinates":[-118.093885641888,34.0234273112183]},"properties":{"OBJECTID":6558,"globalid":"12d18c00-5961-4edf-959a-55c7dc3e2736","VCID":21579,"PC_AssignedServiceArea":"1445011B","PC_BuildingName":"La Merced Intermediate School","PC_RoomArea":"Learning Center Room","PC_BuildingFullAddress":"215 E Avenida de la Merced Ave  Montebello, CA 90640","PC_BuildingAddress":"215 E Avenida de la Merced Ave ","PC_BuildingCity":"Montebello","PC_BuildingZip":90640,"PC_AllocatedBMDs":15,"PC_AllocatedEPBs":5,"PC_FacilityType":"Public","PC_SupervisorialDistrict":null,"PC_AllocatedSize":"15 - Standard","PC_MaxNumBMDs":137,"PC_MaxNumEPBs":0,"CIC_Number":null,"PC_ElectionID":4348,"Election_Name":"Gubernatorial General Election","Election_Year":2026,"Election_Type":"4","GIS_Publication_Status":"1","PC_ServiceAreaType":"4 Day"}},{"type":"Feature","id":6559,"geometry":{"type":"Point","coordinates":[-118.114341961715,34.5875339876576]},"properties":{"OBJECTID":6559,"globalid":"0c3da118-d5a3-4f45-b508-d198f5c3e9a8","VCID":26953,"PC_AssignedServiceArea":"5500021B","PC_BuildingName":"True Vine Gospel Church","PC_RoomArea":"Fellowship Hall","PC_BuildingFullAddress":"859 E Ave Q Palmdale, CA 93550","PC_BuildingAddress":"859 E Ave Q","PC_BuildingCity":"Palmdale","PC_BuildingZip":93550,"PC_AllocatedBMDs":15,"PC_AllocatedEPBs":5,"PC_FacilityType":"Private","PC_SupervisorialDistrict":null,"PC_AllocatedSize":"15 - Standard","PC_MaxNumBMDs":68,"PC_MaxNumEPBs":18,"CIC_Number":null,"PC_ElectionID":4348,"Election_Name":"Gubernatorial General Election","Election_Year":2026,"Election_Type":"4","GIS_Publication_Status":"1","PC_ServiceAreaType":"4 Day"}},{"type":"Feature","id":6560,"geometry":{"type":"Point","coordinates":[-118.070532517917,34.0617525429215]},"properties":{"OBJECTID":6560,"globalid":"9ca44065-5c89-49cd-a448-81948f444c1b","VCID":11784,"PC_AssignedServiceArea":"1575002B","PC_BuildingName":"Garvey Community Center","PC_RoomArea":"Frank G Tripepi Room","PC_BuildingFullAddress":"9108 Garvey Ave Rosemead, CA 91770","PC_BuildingAddress":"9108 Garvey Ave","PC_BuildingCity":"Rosemead","PC_BuildingZip":91770,"PC_AllocatedBMDs":15,"PC_AllocatedEPBs":5,"PC_FacilityType":"Public","PC_SupervisorialDistrict":1,"PC_AllocatedSize":"15 - Standard","PC_MaxNumBMDs":70,"PC_MaxNumEPBs":15,"CIC_Number":null,"PC_ElectionID":4348,"Election_Name":"Gubernatorial General Election","Election_Year":2026,"Election_Type":"4","GIS_Publication_Status":"1","PC_ServiceAreaType":"4 Day"}},{"type":"Feature","id":6561,"geometry":{"type":"Point","coordinates":[-118.206961856314,34.0272615302326]},"properties":{"OBJECTID":6561,"globalid":"03b6870b-7775-4060-a3d2-245135e9cfb5","VCID":17743,"PC_AssignedServiceArea":"1200000B","PC_BuildingName":"Ramon Garcia Recreation Center","PC_RoomArea":"Preschool Building","PC_BuildingFullAddress":"1016 S Fresno St Los Angeles, CA 90023","PC_BuildingAddress":"1016 S Fresno St","PC_BuildingCity":"Los Angeles","PC_BuildingZip":90023,"PC_AllocatedBMDs":15,"PC_AllocatedEPBs":5,"PC_FacilityType":"Public","PC_SupervisorialDistrict":1,"PC_AllocatedSize":"15 - Standard","PC_MaxNumBMDs":68,"PC_MaxNumEPBs":5,"CIC_Number":null,"PC_ElectionID":4348,"Election_Name":"Gubernatorial General Election","Election_Year":2026,"Election_Type":"4","GIS_Publication_Status":"1","PC_ServiceAreaType":"4 Day"}},{"type":"Feature","id":6562,"geometry":{"type":"Point","coordinates":[-118.499802307084,34.4101412469563]},"properties":{"OBJECTID":6562,"globalid":"cff3505c-55bc-4d02-9a9e-89696643b298","VCID":14977,"PC_AssignedServiceArea":"5622000A","PC_BuildingName":"The Centre","PC_RoomArea":"Sycamore Room A","PC_BuildingFullAddress":"20880 Centre Pointe Pkwy Santa Clarita, CA 91350","PC_BuildingAddress":"20880 Centre Pointe Pkwy","PC_BuildingCity":"Santa Clarita","PC_BuildingZip":91350,"PC_AllocatedBMDs":15,"PC_AllocatedEPBs":5,"PC_FacilityType":"Public","PC_SupervisorialDistrict":null,"PC_AllocatedSize":"15 - Standard","PC_MaxNumBMDs":113,"PC_MaxNumEPBs":14,"CIC_Number":null,"PC_ElectionID":4348,"Election_Name":"Gubernatorial General Election","Election_Year":2026,"Election_Type":"4","GIS_Publication_Status":"1","PC_ServiceAreaType":"11 Day"}},{"type":"Feature","id":6563,"geometry":{"type":"Point","coordinates":[-117.987141838904,34.0515295368521]},"properties":{"OBJECTID":6563,"globalid":"f088df08-c4ec-4b93-aa88-67225d3a07db","VCID":35456,"PC_AssignedServiceArea":"1293001B","PC_BuildingName":"Bassett Park","PC_RoomArea":"Recreation Room","PC_BuildingFullAddress":"510 Vineland Ave La Puente, CA 91746","PC_BuildingAddress":"510 Vineland Ave","PC_BuildingCity":"La Puente","PC_BuildingZip":91746,"PC_AllocatedBMDs":15,"PC_AllocatedEPBs":5,"PC_FacilityType":"Public","PC_SupervisorialDistrict":1,"PC_AllocatedSize":"15 - Standard","PC_MaxNumBMDs":40,"PC_MaxNumEPBs":8,"CIC_Number":null,"PC_ElectionID":4348,"Election_Name":"Gubernatorial General Election","Election_Year":2026,"Election_Type":"4","GIS_Publication_Status":"1","PC_ServiceAreaType":"4 Day"}},{"type":"Feature","id":6564,"geometry":{"type":"Point","coordinates":[-118.547701208672,34.293995341385]},"properties":{"OBJECTID":6564,"globalid":"66fcca02-2305-4d84-b4a3-fd33f4648647","VCID":9851,"PC_AssignedServiceArea":"3900127B","PC_BuildingName":"Castlebay Lane Elementary School","PC_RoomArea":"Performing Arts Center","PC_BuildingFullAddress":"19010 Castlebay Ln Porter Ranch, CA 91326","PC_BuildingAddress":"19010 Castlebay Ln","PC_BuildingCity":"Porter Ranch","PC_BuildingZip":91326,"PC_AllocatedBMDs":25,"PC_AllocatedEPBs":7,"PC_FacilityType":"Public","PC_SupervisorialDistrict":null,"PC_AllocatedSize":"25 - Large","PC_MaxNumBMDs":73,"PC_MaxNumEPBs":79,"CIC_Number":null,"PC_ElectionID":4348,"Election_Name":"Gubernatorial General Election","Election_Year":2026,"Election_Type":"4","GIS_Publication_Status":"1","PC_ServiceAreaType":"4 Day"}},{"type":"Feature","id":6565,"geometry":{"type":"Point","coordinates":[-118.44464220724,34.1871904007966]},"properties":{"OBJECTID":6565,"globalid":"848cd28b-7139-44be-ad96-83e07bfab8a2","VCID":14054,"PC_AssignedServiceArea":"3900023B","PC_BuildingName":"Central Lutheran Church","PC_RoomArea":"Fellowship Hall","PC_BuildingFullAddress":"6425 Tyrone Ave Van Nuys, CA 91401","PC_BuildingAddress":"6425 Tyrone Ave","PC_BuildingCity":"Van Nuys","PC_BuildingZip":91401,"PC_AllocatedBMDs":15,"PC_AllocatedEPBs":5,"PC_FacilityType":"Private","PC_SupervisorialDistrict":3,"PC_AllocatedSize":"15 - Standard","PC_MaxNumBMDs":59,"PC_MaxNumEPBs":17,"CIC_Number":null,"PC_ElectionID":4348,"Election_Name":"Gubernatorial General Election","Election_Year":2026,"Election_Type":"4","GIS_Publication_Status":"1","PC_ServiceAreaType":"4 Day"}},{"type":"Feature","id":6566,"geometry":{"type":"Point","coordinates":[-118.534127164251,34.4301225143854]},"properties":{"OBJECTID":6566,"globalid":"7c1db56e-2897-4b13-b13c-82c8fb2c0830","VCID":19591,"PC_AssignedServiceArea":"5622006B","PC_BuildingName":"Santa Clarita United Methodist Church","PC_RoomArea":"Youth Hall","PC_BuildingFullAddress":"26640 Bouquet Canyon Rd Santa Clarita, CA 91350","PC_BuildingAddress":"26640 Bouquet Canyon Rd","PC_BuildingCity":"Santa Clarita","PC_BuildingZip":91350,"PC_AllocatedBMDs":15,"PC_AllocatedEPBs":5,"PC_FacilityType":"Private","PC_SupervisorialDistrict":null,"PC_AllocatedSize":"15 - Standard","PC_MaxNumBMDs":45,"PC_MaxNumEPBs":15,"CIC_Number":null,"PC_ElectionID":4348,"Election_Name":"Gubernatorial General Election","Election_Year":2026,"Election_Type":"4","GIS_Publication_Status":"1","PC_ServiceAreaType":"4 Day"}},{"type":"Feature","id":6567,"geometry":{"type":"Point","coordinates":[-117.963755340851,34.0868102091461]},"properties":{"OBJECTID":6567,"globalid":"0492cd1c-8831-4317-b348-077a63e86f3c","VCID":13587,"PC_AssignedServiceArea":"1060001B","PC_BuildingName":"Esther Snyder Community Center","PC_RoomArea":"Meeting Room 1 and 2","PC_BuildingFullAddress":"4100 Baldwin Park Blvd Baldwin Park, CA 91706","PC_BuildingAddress":"4100 Baldwin Park Blvd","PC_BuildingCity":"Baldwin Park","PC_BuildingZip":91706,"PC_AllocatedBMDs":15,"PC_AllocatedEPBs":5,"PC_FacilityType":"Public","PC_SupervisorialDistrict":1,"PC_AllocatedSize":"15 - Standard","PC_MaxNumBMDs":null,"PC_MaxNumEPBs":null,"CIC_Number":null,"PC_ElectionID":4348,"Election_Name":"Gubernatorial General Election","Election_Year":2026,"Election_Type":"4","GIS_Publication_Status":"1","PC_ServiceAreaType":"4 Day"}},{"type":"Feature","id":6568,"geometry":{"type":"Point","coordinates":[-118.362345362034,34.0839808506721]},"properties":{"OBJECTID":6568,"globalid":"4e4e1acc-8031-468f-bd96-8ed8c76c3d4d","VCID":35217,"PC_AssignedServiceArea":"3775001B","PC_BuildingName":"Fairfax Senior Citizen Center","PC_RoomArea":"Dining Area","PC_BuildingFullAddress":"7929 Melrose Ave Los Angeles, CA 90046","PC_BuildingAddress":"7929 Melrose Ave","PC_BuildingCity":"Los Angeles","PC_BuildingZip":90046,"PC_AllocatedBMDs":15,"PC_AllocatedEPBs":5,"PC_FacilityType":"Public","PC_SupervisorialDistrict":3,"PC_AllocatedSize":"15 - Standard","PC_MaxNumBMDs":10,"PC_MaxNumEPBs":29,"CIC_Number":null,"PC_ElectionID":4348,"Election_Name":"Gubernatorial General Election","Election_Year":2026,"Election_Type":"4","GIS_Publication_Status":"1","PC_ServiceAreaType":"4 Day"}},{"type":"Feature","id":6569,"geometry":{"type":"Point","coordinates":[-118.188737524845,34.0536286415107]},"properties":{"OBJECTID":6569,"globalid":"866ae00a-2743-4113-b296-318f52a52a3b","VCID":6932,"PC_AssignedServiceArea":"1085002B","PC_BuildingName":"Harrison Elementary School","PC_RoomArea":"Auditorium","PC_BuildingFullAddress":"3529 City Terrace Dr Los Angeles, CA 90063","PC_BuildingAddress":"3529 City Terrace Dr","PC_BuildingCity":"Los Angeles","PC_BuildingZip":90063,"PC_AllocatedBMDs":15,"PC_AllocatedEPBs":5,"PC_FacilityType":"Public","PC_SupervisorialDistrict":1,"PC_AllocatedSize":"15 - Standard","PC_MaxNumBMDs":40,"PC_MaxNumEPBs":68,"CIC_Number":null,"PC_ElectionID":4348,"Election_Name":"Gubernatorial General Election","Election_Year":2026,"Election_Type":"4","GIS_Publication_Status":"1","PC_ServiceAreaType":"4 Day"}},{"type":"Feature","id":6570,"geometry":{"type":"Point","coordinates":[-118.28408684025,34.0244569194988]},"properties":{"OBJECTID":6570,"globalid":"609c60b6-271c-4737-bd87-ffaf3c986ed6","VCID":24456,"PC_AssignedServiceArea":"2900095D","PC_BuildingName":"USC Village","PC_RoomArea":"UVN 1200","PC_BuildingFullAddress":"3215 S Hoover St Los Angeles, CA 90089","PC_BuildingAddress":"3215 S Hoover St","PC_BuildingCity":"Los Angeles","PC_BuildingZip":90089,"PC_AllocatedBMDs":15,"PC_AllocatedEPBs":7,"PC_FacilityType":"Private","PC_SupervisorialDistrict":null,"PC_AllocatedSize":"15 - Large","PC_MaxNumBMDs":158,"PC_MaxNumEPBs":36,"CIC_Number":null,"PC_ElectionID":4348,"Election_Name":"Gubernatorial General Election","Election_Year":2026,"Election_Type":"4","GIS_Publication_Status":"1","PC_ServiceAreaType":"4 Day"}},{"type":"Feature","id":6571,"geometry":{"type":"Point","coordinates":[-118.240987192605,34.1166468842954]},"properties":{"OBJECTID":6571,"globalid":"826cc48f-c46c-469a-bfdb-dda1c57be8c3","VCID":21755,"PC_AssignedServiceArea":"1900136B","PC_BuildingName":"Washington Irving Middle School","PC_RoomArea":"Auditorium Foyer","PC_BuildingFullAddress":"3010 Estara Ave Los Angeles, CA 90065","PC_BuildingAddress":"3010 Estara Ave","PC_BuildingCity":"Los Angeles","PC_BuildingZip":90065,"PC_AllocatedBMDs":15,"PC_AllocatedEPBs":5,"PC_FacilityType":"Public","PC_SupervisorialDistrict":1,"PC_AllocatedSize":"15 - Standard","PC_MaxNumBMDs":68,"PC_MaxNumEPBs":25,"CIC_Number":null,"PC_ElectionID":4348,"Election_Name":"Gubernatorial General Election","Election_Year":2026,"Election_Type":"4","GIS_Publication_Status":"1","PC_ServiceAreaType":"4 Day"}},{"type":"Feature","id":6572,"geometry":{"type":"Point","coordinates":[-118.26439651392,34.0840005145508]},"properties":{"OBJECTID":6572,"globalid":"187737a4-60d9-4564-8d0a-fbaf10ffc0f5","VCID":14896,"PC_AssignedServiceArea":"1900131B","PC_BuildingName":"Mayberry Street Elementary School","PC_RoomArea":"Multi-Purpose Room","PC_BuildingFullAddress":"2414 Mayberry St Los Angeles, CA 90026","PC_BuildingAddress":"2414 Mayberry St","PC_BuildingCity":"Los Angeles","PC_BuildingZip":90026,"PC_AllocatedBMDs":15,"PC_AllocatedEPBs":5,"PC_FacilityType":"Public","PC_SupervisorialDistrict":1,"PC_AllocatedSize":"15 - Standard","PC_MaxNumBMDs":68,"PC_MaxNumEPBs":6,"CIC_Number":null,"PC_ElectionID":4348,"Election_Name":"Gubernatorial General Election","Election_Year":2026,"Election_Type":"4","GIS_Publication_Status":"1","PC_ServiceAreaType":"4 Day"}},{"type":"Feature","id":6573,"geometry":{"type":"Point","coordinates":[-118.112280975712,34.1787555629144]},"properties":{"OBJECTID":6573,"globalid":"83ac3e35-1394-4de6-83ab-bc0edeecf459","VCID":12597,"PC_AssignedServiceArea":"5020000A","PC_BuildingName":"Tekeyan Cultural Association","PC_RoomArea":"Hall","PC_BuildingFullAddress":"1901 N Allen Ave Altadena, CA 91001","PC_BuildingAddress":"1901 N Allen Ave","PC_BuildingCity":"Altadena","PC_BuildingZip":91001,"PC_AllocatedBMDs":15,"PC_AllocatedEPBs":5,"PC_FacilityType":"Private","PC_SupervisorialDistrict":5,"PC_AllocatedSize":"15 - Standard","PC_MaxNumBMDs":22,"PC_MaxNumEPBs":49,"CIC_Number":null,"PC_ElectionID":4348,"Election_Name":"Gubernatorial General Election","Election_Year":2026,"Election_Type":"4","GIS_Publication_Status":"1","PC_ServiceAreaType":"11 Day"}},{"type":"Feature","id":6574,"geometry":{"type":"Point","coordinates":[-118.245909706768,33.9228108436046]},"properties":{"OBJECTID":6574,"globalid":"c4426acf-420a-4424-8126-61259487e421","VCID":11062,"PC_AssignedServiceArea":"2145010B","PC_BuildingName":"Martin Luther King Jr Outpatient Center","PC_RoomArea":"Interns-Residents Bldg Terrace Hall Rm","PC_BuildingFullAddress":"12012 Compton Ave Los Angeles, CA 90059","PC_BuildingAddress":"12012 Compton Ave","PC_BuildingCity":"Los Angeles","PC_BuildingZip":90059,"PC_AllocatedBMDs":15,"PC_AllocatedEPBs":5,"PC_FacilityType":"Public","PC_SupervisorialDistrict":2,"PC_AllocatedSize":"15 - Standard","PC_MaxNumBMDs":100,"PC_MaxNumEPBs":18,"CIC_Number":null,"PC_ElectionID":4348,"Election_Name":"Gubernatorial General Election","Election_Year":2026,"Election_Type":"4","GIS_Publication_Status":"1","PC_ServiceAreaType":"4 Day"}},{"type":"Feature","id":6575,"geometry":{"type":"Point","coordinates":[-117.98891593944,34.1282855618747]},"properties":{"OBJECTID":6575,"globalid":"1013d941-ba2a-4571-88a0-b89d821659f7","VCID":4836,"PC_AssignedServiceArea":"5190071B","PC_BuildingName":"Maxwell Academy","PC_RoomArea":"Cafe","PC_BuildingFullAddress":"733 Euclid Ave Duarte, CA 91010","PC_BuildingAddress":"733 Euclid Ave","PC_BuildingCity":"Duarte","PC_BuildingZip":91010,"PC_AllocatedBMDs":15,"PC_AllocatedEPBs":5,"PC_FacilityType":"Public","PC_SupervisorialDistrict":null,"PC_AllocatedSize":"15 - Standard","PC_MaxNumBMDs":44,"PC_MaxNumEPBs":0,"CIC_Number":null,"PC_ElectionID":4348,"Election_Name":"Gubernatorial General Election","Election_Year":2026,"Election_Type":"4","GIS_Publication_Status":"1","PC_ServiceAreaType":"4 Day"}},{"type":"Feature","id":6576,"geometry":{"type":"Point","coordinates":[-118.441821075236,34.4187363309742]},"properties":{"OBJECTID":6576,"globalid":"997c9344-690b-4648-a7c1-42a3e1f09966","VCID":17511,"PC_AssignedServiceArea":"5622001A","PC_BuildingName":"Canyon Country Park","PC_RoomArea":"East and West Rooms","PC_BuildingFullAddress":"17615 Soledad Canyon Rd Santa Clarita, CA 91387","PC_BuildingAddress":"17615 Soledad Canyon Rd","PC_BuildingCity":"Santa Clarita","PC_BuildingZip":91387,"PC_AllocatedBMDs":25,"PC_AllocatedEPBs":7,"PC_FacilityType":"Public","PC_SupervisorialDistrict":null,"PC_AllocatedSize":"25 - Large","PC_MaxNumBMDs":182,"PC_MaxNumEPBs":16,"CIC_Number":null,"PC_ElectionID":4348,"Election_Name":"Gubernatorial General Election","Election_Year":2026,"Election_Type":"4","GIS_Publication_Status":"1","PC_ServiceAreaType":"11 Day"}},{"type":"Feature","id":6577,"geometry":{"type":"Point","coordinates":[-118.325285297019,33.3409470745572]},"properties":{"OBJECTID":6577,"globalid":"fa3e2af0-d7f6-4749-9b3e-328e5a7750bc","VCID":12252,"PC_AssignedServiceArea":"4050000B","PC_BuildingName":"St Catherine of Alexandria Church","PC_RoomArea":"Parish Hall","PC_BuildingFullAddress":"800 Beacon St Avalon, CA 90704","PC_BuildingAddress":"800 Beacon St","PC_BuildingCity":"Avalon","PC_BuildingZip":90704,"PC_AllocatedBMDs":15,"PC_AllocatedEPBs":5,"PC_FacilityType":"Private","PC_SupervisorialDistrict":4,"PC_AllocatedSize":"15 - Standard","PC_MaxNumBMDs":60,"PC_MaxNumEPBs":35,"CIC_Number":null,"PC_ElectionID":4348,"Election_Name":"Gubernatorial General Election","Election_Year":2026,"Election_Type":"4","GIS_Publication_Status":"1","PC_ServiceAreaType":"4 Day"}},{"type":"Feature","id":6578,"geometry":{"type":"Point","coordinates":[-117.93274540025,34.1040518447873]},"properties":{"OBJECTID":6578,"globalid":"8a059ce1-d975-4f31-bce3-855ed6c58772","VCID":14160,"PC_AssignedServiceArea":"1300001B","PC_BuildingName":"Dan Diaz Recreation Center","PC_RoomArea":"Gymnasium","PC_BuildingFullAddress":"16053 Calle De Paseo St Irwindale, CA 91706","PC_BuildingAddress":"16053 Calle De Paseo St","PC_BuildingCity":"Irwindale","PC_BuildingZip":91706,"PC_AllocatedBMDs":45,"PC_AllocatedEPBs":12,"PC_FacilityType":"Public","PC_SupervisorialDistrict":null,"PC_AllocatedSize":"45 - Extra Large","PC_MaxNumBMDs":70,"PC_MaxNumEPBs":20,"CIC_Number":null,"PC_ElectionID":4348,"Election_Name":"Gubernatorial General Election","Election_Year":2026,"Election_Type":"4","GIS_Publication_Status":"1","PC_ServiceAreaType":"4 Day"}},{"type":"Feature","id":6579,"geometry":{"type":"Point","coordinates":[-118.626706835431,34.4411700739642]},"properties":{"OBJECTID":6579,"globalid":"797931b9-7b63-4d8c-baa1-502c7a3aaf19","VCID":17089,"PC_AssignedServiceArea":"5104003B","PC_BuildingName":"Castaic Union School District","PC_RoomArea":"Boardroom","PC_BuildingFullAddress":"28131 Livingston Ave Valencia, CA 91355","PC_BuildingAddress":"28131 Livingston Ave","PC_BuildingCity":"Valencia","PC_BuildingZip":91355,"PC_AllocatedBMDs":15,"PC_AllocatedEPBs":5,"PC_FacilityType":"Public","PC_SupervisorialDistrict":null,"PC_AllocatedSize":"15 - Standard","PC_MaxNumBMDs":114,"PC_MaxNumEPBs":21,"CIC_Number":null,"PC_ElectionID":4348,"Election_Name":"Gubernatorial General Election","Election_Year":2026,"Election_Type":"4","GIS_Publication_Status":"1","PC_ServiceAreaType":"4 Day"}},{"type":"Feature","id":6580,"geometry":{"type":"Point","coordinates":[-118.089687341333,34.0089019650534]},"properties":{"OBJECTID":6580,"globalid":"2c8ef808-ccde-456e-b7c1-b26bae1614e3","VCID":5829,"PC_AssignedServiceArea":"4523003B","PC_BuildingName":"Montebello Gardens Elementary School","PC_RoomArea":"Cafetorium","PC_BuildingFullAddress":"4700 Pine St Pico Rivera, CA 90660","PC_BuildingAddress":"4700 Pine St","PC_BuildingCity":"Pico Rivera","PC_BuildingZip":90660,"PC_AllocatedBMDs":15,"PC_AllocatedEPBs":5,"PC_FacilityType":"Public","PC_SupervisorialDistrict":4,"PC_AllocatedSize":"15 - Standard","PC_MaxNumBMDs":65,"PC_MaxNumEPBs":31,"CIC_Number":null,"PC_ElectionID":4348,"Election_Name":"Gubernatorial General Election","Election_Year":2026,"Election_Type":"4","GIS_Publication_Status":"1","PC_ServiceAreaType":"4 Day"}},{"type":"Feature","id":6581,"geometry":{"type":"Point","coordinates":[-118.262067866517,33.7872190407606]},"properties":{"OBJECTID":6581,"globalid":"56babc10-5f2b-444c-b1a4-48d8da7df052","VCID":35501,"PC_AssignedServiceArea":"4900157B","PC_BuildingName":"Harry Bridges Span School","PC_RoomArea":"Gymnasium","PC_BuildingFullAddress":"1235 Broad Ave Wilmington, CA 90744","PC_BuildingAddress":"1235 Broad Ave","PC_BuildingCity":"Wilmington","PC_BuildingZip":90744,"PC_AllocatedBMDs":15,"PC_AllocatedEPBs":5,"PC_FacilityType":"Public","PC_SupervisorialDistrict":4,"PC_AllocatedSize":"15 - Standard","PC_MaxNumBMDs":90,"PC_MaxNumEPBs":41,"CIC_Number":null,"PC_ElectionID":4348,"Election_Name":"Gubernatorial General Election","Election_Year":2026,"Election_Type":"4","GIS_Publication_Status":"1","PC_ServiceAreaType":"4 Day"}},{"type":"Feature","id":6582,"geometry":{"type":"Point","coordinates":[-118.299722142277,34.0918965185036]},"properties":{"OBJECTID":6582,"globalid":"20126005-09c0-4478-bbf8-cf95537ab396","VCID":5899,"PC_AssignedServiceArea":"1900137B","PC_BuildingName":"Ramona Elementary School","PC_RoomArea":"Auditorium","PC_BuildingFullAddress":"1133 N Mariposa Ave Los Angeles, CA 90029","PC_BuildingAddress":"1133 N Mariposa Ave","PC_BuildingCity":"Los Angeles","PC_BuildingZip":90029,"PC_AllocatedBMDs":15,"PC_AllocatedEPBs":5,"PC_FacilityType":"Public","PC_SupervisorialDistrict":1,"PC_AllocatedSize":"15 - Standard","PC_MaxNumBMDs":20,"PC_MaxNumEPBs":39,"CIC_Number":null,"PC_ElectionID":4348,"Election_Name":"Gubernatorial General Election","Election_Year":2026,"Election_Type":"4","GIS_Publication_Status":"1","PC_ServiceAreaType":"4 Day"}},{"type":"Feature","id":6583,"geometry":{"type":"Point","coordinates":[-118.272380853928,33.9159415621359]},"properties":{"OBJECTID":6583,"globalid":"96d64d24-01cc-4bc5-a0ad-f6f619c60fb0","VCID":123,"PC_AssignedServiceArea":"2145010A","PC_BuildingName":"A C Bilbrew Library","PC_RoomArea":"Meeting Room","PC_BuildingFullAddress":"150 E El Segundo Blvd Los Angeles, CA 90061","PC_BuildingAddress":"150 E El Segundo Blvd","PC_BuildingCity":"Los Angeles","PC_BuildingZip":90061,"PC_AllocatedBMDs":15,"PC_AllocatedEPBs":5,"PC_FacilityType":"Public","PC_SupervisorialDistrict":2,"PC_AllocatedSize":"15 - Standard","PC_MaxNumBMDs":60,"PC_MaxNumEPBs":24,"CIC_Number":null,"PC_ElectionID":4348,"Election_Name":"Gubernatorial General Election","Election_Year":2026,"Election_Type":"4","GIS_Publication_Status":"1","PC_ServiceAreaType":"11 Day"}},{"type":"Feature","id":6584,"geometry":{"type":"Point","coordinates":[-118.354124225943,33.7874132248473]},"properties":{"OBJECTID":6584,"globalid":"9f401266-98e6-41e7-9405-6a9e25a0599e","VCID":7203,"PC_AssignedServiceArea":"4573000B","PC_BuildingName":"First Baptist Church of Palos Verdes","PC_RoomArea":"Calhoun Hall","PC_BuildingFullAddress":"28 Moccasin Ln  Rolling Hills Estates, CA 90274","PC_BuildingAddress":"28 Moccasin Ln ","PC_BuildingCity":"Rolling Hills Estates","PC_BuildingZip":90274,"PC_AllocatedBMDs":15,"PC_AllocatedEPBs":5,"PC_FacilityType":"Private","PC_SupervisorialDistrict":4,"PC_AllocatedSize":"15 - Standard","PC_MaxNumBMDs":44,"PC_MaxNumEPBs":0,"CIC_Number":null,"PC_ElectionID":4348,"Election_Name":"Gubernatorial General Election","Election_Year":2026,"Election_Type":"4","GIS_Publication_Status":"1","PC_ServiceAreaType":"4 Day"}},{"type":"Feature","id":6585,"geometry":{"type":"Point","coordinates":[-118.242812668038,34.0369730771625]},"properties":{"OBJECTID":6585,"globalid":"89ac7533-14f0-4bdf-9737-5618f8e35cff","VCID":15037,"PC_AssignedServiceArea":"1900149D","PC_BuildingName":"Inner-City Arts","PC_RoomArea":"Rosenthal Theater","PC_BuildingFullAddress":"720 Kohler St Los Angeles, CA 90021","PC_BuildingAddress":"720 Kohler St","PC_BuildingCity":"Los Angeles","PC_BuildingZip":90021,"PC_AllocatedBMDs":15,"PC_AllocatedEPBs":5,"PC_FacilityType":"Private","PC_SupervisorialDistrict":1,"PC_AllocatedSize":"15 - Standard","PC_MaxNumBMDs":110,"PC_MaxNumEPBs":28,"CIC_Number":null,"PC_ElectionID":4348,"Election_Name":"Gubernatorial General Election","Election_Year":2026,"Election_Type":"4","GIS_Publication_Status":"1","PC_ServiceAreaType":"4 Day"}},{"type":"Feature","id":6586,"geometry":{"type":"Point","coordinates":[-118.311492545018,33.9591944961427]},"properties":{"OBJECTID":6586,"globalid":"9e2abbfe-f98e-4d84-aa42-823179c8ea24","VCID":19641,"PC_AssignedServiceArea":"2900080B","PC_BuildingName":"St Andrews Recreation Center","PC_RoomArea":"Classroom","PC_BuildingFullAddress":"8701 S St Andrews Pl Los Angeles, CA 90047","PC_BuildingAddress":"8701 S St Andrews Pl","PC_BuildingCity":"Los Angeles","PC_BuildingZip":90047,"PC_AllocatedBMDs":15,"PC_AllocatedEPBs":5,"PC_FacilityType":"Public","PC_SupervisorialDistrict":2,"PC_AllocatedSize":"15 - Standard","PC_MaxNumBMDs":41,"PC_MaxNumEPBs":5,"CIC_Number":null,"PC_ElectionID":4348,"Election_Name":"Gubernatorial General Election","Election_Year":2026,"Election_Type":"4","GIS_Publication_Status":"1","PC_ServiceAreaType":"4 Day"}},{"type":"Feature","id":6587,"geometry":{"type":"Point","coordinates":[-118.254031578574,34.0497157894739]},"properties":{"OBJECTID":6587,"globalid":"cad1b137-653d-458d-9282-76ed9a59b429","VCID":35079,"PC_AssignedServiceArea":"1900142A","PC_BuildingName":"Millennium Biltmore Tower","PC_RoomArea":"Tower Office One","PC_BuildingFullAddress":"500 S Grand Ave Suite 100 Tower Lobby Los Angeles, CA 90071","PC_BuildingAddress":"500 S Grand Ave Suite 100 Tower Lobby","PC_BuildingCity":"Los Angeles","PC_BuildingZip":90071,"PC_AllocatedBMDs":15,"PC_AllocatedEPBs":5,"PC_FacilityType":"Private","PC_SupervisorialDistrict":1,"PC_AllocatedSize":"15 - Standard","PC_MaxNumBMDs":160,"PC_MaxNumEPBs":36,"CIC_Number":null,"PC_ElectionID":4348,"Election_Name":"Gubernatorial General Election","Election_Year":2026,"Election_Type":"4","GIS_Publication_Status":"1","PC_ServiceAreaType":"11 Day"}},{"type":"Feature","id":6588,"geometry":{"type":"Point","coordinates":[-118.387670432066,34.0044311400198]},"properties":{"OBJECTID":6588,"globalid":"9ec44f50-2259-4692-b3bc-fe1f4d600ae6","VCID":20961,"PC_AssignedServiceArea":"2343001D","PC_BuildingName":"West Los Angeles College","PC_RoomArea":"Fine Arts Gallery","PC_BuildingFullAddress":"9000 Overland Ave Culver City, CA 90230","PC_BuildingAddress":"9000 Overland Ave","PC_BuildingCity":"Culver City","PC_BuildingZip":90230,"PC_AllocatedBMDs":15,"PC_AllocatedEPBs":7,"PC_FacilityType":"Public","PC_SupervisorialDistrict":null,"PC_AllocatedSize":"15 - Large","PC_MaxNumBMDs":137,"PC_MaxNumEPBs":9,"CIC_Number":null,"PC_ElectionID":4348,"Election_Name":"Gubernatorial General Election","Election_Year":2026,"Election_Type":"4","GIS_Publication_Status":"1","PC_ServiceAreaType":"4 Day"}},{"type":"Feature","id":6589,"geometry":{"type":"Point","coordinates":[-118.571828130048,34.4390870284708]},"properties":{"OBJECTID":6589,"globalid":"e3341075-3f92-4f29-9dab-489d43e455a0","VCID":13971,"PC_AssignedServiceArea":"5104002B","PC_BuildingName":"Saugus Union School District","PC_RoomArea":"Bramlett Room","PC_BuildingFullAddress":"24930 Avenue Stanford St Santa Clarita, CA 91355","PC_BuildingAddress":"24930 Avenue Stanford St","PC_BuildingCity":"Santa Clarita","PC_BuildingZip":91355,"PC_AllocatedBMDs":15,"PC_AllocatedEPBs":5,"PC_FacilityType":"Public","PC_SupervisorialDistrict":null,"PC_AllocatedSize":"15 - Standard","PC_MaxNumBMDs":44,"PC_MaxNumEPBs":7,"CIC_Number":null,"PC_ElectionID":4348,"Election_Name":"Gubernatorial General Election","Election_Year":2026,"Election_Type":"4","GIS_Publication_Status":"1","PC_ServiceAreaType":"4 Day"}},{"type":"Feature","id":6590,"geometry":{"type":"Point","coordinates":[-118.605643228014,34.2063243803398]},"properties":{"OBJECTID":6590,"globalid":"6d01b69e-07e7-45dc-b24f-5aec1bb2d854","VCID":14278,"PC_AssignedServiceArea":"3900036D","PC_BuildingName":"Canoga Park Elementary School","PC_RoomArea":"Auditorium","PC_BuildingFullAddress":"7438 Topanga Canyon Blvd  Canoga Park, CA 91303","PC_BuildingAddress":"7438 Topanga Canyon Blvd ","PC_BuildingCity":"Canoga Park","PC_BuildingZip":91303,"PC_AllocatedBMDs":15,"PC_AllocatedEPBs":5,"PC_FacilityType":"Public","PC_SupervisorialDistrict":3,"PC_AllocatedSize":"15 - Standard","PC_MaxNumBMDs":90,"PC_MaxNumEPBs":38,"CIC_Number":null,"PC_ElectionID":4348,"Election_Name":"Gubernatorial General Election","Election_Year":2026,"Election_Type":"4","GIS_Publication_Status":"1","PC_ServiceAreaType":"4 Day"}},{"type":"Feature","id":6591,"geometry":{"type":"Point","coordinates":[-118.179555211437,34.0421356400423]},"properties":{"OBJECTID":6591,"globalid":"ee1931ab-d523-466b-8f2a-74845f869c65","VCID":12921,"PC_AssignedServiceArea":"1200002A","PC_BuildingName":"Our Lady of Guadalupe Church","PC_RoomArea":"Cafeteria","PC_BuildingFullAddress":"4018 Hammel St Los Angeles, CA 90063","PC_BuildingAddress":"4018 Hammel St","PC_BuildingCity":"Los Angeles","PC_BuildingZip":90063,"PC_AllocatedBMDs":15,"PC_AllocatedEPBs":5,"PC_FacilityType":"Private","PC_SupervisorialDistrict":1,"PC_AllocatedSize":"15 - Standard","PC_MaxNumBMDs":45,"PC_MaxNumEPBs":19,"CIC_Number":null,"PC_ElectionID":4348,"Election_Name":"Gubernatorial General Election","Election_Year":2026,"Election_Type":"4","GIS_Publication_Status":"1","PC_ServiceAreaType":"11 Day"}},{"type":"Feature","id":6592,"geometry":{"type":"Point","coordinates":[-118.399399483208,34.0728496197874]},"properties":{"OBJECTID":6592,"globalid":"d4752d8f-d5bd-447e-9144-3137757ee7b9","VCID":3683,"PC_AssignedServiceArea":"3090000A","PC_BuildingName":"Beverly Hills Public Library","PC_RoomArea":"Auditorium","PC_BuildingFullAddress":"444 N Rexford Dr Beverly Hills, CA 90210","PC_BuildingAddress":"444 N Rexford Dr","PC_BuildingCity":"Beverly Hills","PC_BuildingZip":90210,"PC_AllocatedBMDs":15,"PC_AllocatedEPBs":5,"PC_FacilityType":"Public","PC_SupervisorialDistrict":3,"PC_AllocatedSize":"15 - Standard","PC_MaxNumBMDs":77,"PC_MaxNumEPBs":12,"CIC_Number":null,"PC_ElectionID":4348,"Election_Name":"Gubernatorial General Election","Election_Year":2026,"Election_Type":"4","GIS_Publication_Status":"1","PC_ServiceAreaType":"11 Day"}},{"type":"Feature","id":6593,"geometry":{"type":"Point","coordinates":[-118.444346444705,34.0702733063509]},"properties":{"OBJECTID":6593,"globalid":"ed98786e-da65-4725-be5f-208531180b90","VCID":13198,"PC_AssignedServiceArea":"3900058D","PC_BuildingName":"UCLA Ackerman Union","PC_RoomArea":"2nd Floor Bruin Reception Room","PC_BuildingFullAddress":"308 Westwood Plz Los Angeles, CA 90095","PC_BuildingAddress":"308 Westwood Plz","PC_BuildingCity":"Los Angeles","PC_BuildingZip":90095,"PC_AllocatedBMDs":40,"PC_AllocatedEPBs":12,"PC_FacilityType":"Public","PC_SupervisorialDistrict":3,"PC_AllocatedSize":"40 - Extra Large","PC_MaxNumBMDs":140,"PC_MaxNumEPBs":36,"CIC_Number":null,"PC_ElectionID":4348,"Election_Name":"Gubernatorial General Election","Election_Year":2026,"Election_Type":"4","GIS_Publication_Status":"1","PC_ServiceAreaType":"4 Day"}},{"type":"Feature","id":6594,"geometry":{"type":"Point","coordinates":[-117.830683023967,33.9991439501971]},"properties":{"OBJECTID":6594,"globalid":"3f6c5ecc-9ef8-4d77-b560-f4279990583b","VCID":3968,"PC_AssignedServiceArea":"1178010A","PC_BuildingName":"Diamond Bar City Hall","PC_RoomArea":"Windmill Community Room","PC_BuildingFullAddress":"21810 Copley Dr Diamond Bar, CA 91765","PC_BuildingAddress":"21810 Copley Dr","PC_BuildingCity":"Diamond Bar","PC_BuildingZip":91765,"PC_AllocatedBMDs":15,"PC_AllocatedEPBs":5,"PC_FacilityType":"Public","PC_SupervisorialDistrict":1,"PC_AllocatedSize":"15 - Standard","PC_MaxNumBMDs":274,"PC_MaxNumEPBs":8,"CIC_Number":null,"PC_ElectionID":4348,"Election_Name":"Gubernatorial General Election","Election_Year":2026,"Election_Type":"4","GIS_Publication_Status":"1","PC_ServiceAreaType":"11 Day"}},{"type":"Feature","id":6595,"geometry":{"type":"Point","coordinates":[-118.211987223906,34.068161845349]},"properties":{"OBJECTID":6595,"globalid":"f9cbfd1e-76b9-4765-9df3-edabea40bd32","VCID":22184,"PC_AssignedServiceArea":"1900015B","PC_BuildingName":"Griffin Avenue Elementary School","PC_RoomArea":"Cafeteria","PC_BuildingFullAddress":"2025 Griffin Ave Los Angeles, CA 90031","PC_BuildingAddress":"2025 Griffin Ave","PC_BuildingCity":"Los Angeles","PC_BuildingZip":90031,"PC_AllocatedBMDs":15,"PC_AllocatedEPBs":5,"PC_FacilityType":"Public","PC_SupervisorialDistrict":1,"PC_AllocatedSize":"15 - Standard","PC_MaxNumBMDs":100,"PC_MaxNumEPBs":75,"CIC_Number":null,"PC_ElectionID":4348,"Election_Name":"Gubernatorial General Election","Election_Year":2026,"Election_Type":"4","GIS_Publication_Status":"1","PC_ServiceAreaType":"4 Day"}},{"type":"Feature","id":6596,"geometry":{"type":"Point","coordinates":[-118.222473062567,33.7923518049215]},"properties":{"OBJECTID":6596,"globalid":"173c0769-fcc0-4d6e-948b-f5fc999547e6","VCID":9373,"PC_AssignedServiceArea":"4385010B","PC_BuildingName":"Century Villages at Cabrillo","PC_RoomArea":"Social Hall","PC_BuildingFullAddress":"2001 River Ave Long Beach, CA 90810","PC_BuildingAddress":"2001 River Ave","PC_BuildingCity":"Long Beach","PC_BuildingZip":90810,"PC_AllocatedBMDs":15,"PC_AllocatedEPBs":5,"PC_FacilityType":"Private","PC_SupervisorialDistrict":4,"PC_AllocatedSize":"15 - Standard","PC_MaxNumBMDs":205,"PC_MaxNumEPBs":5,"CIC_Number":null,"PC_ElectionID":4348,"Election_Name":"Gubernatorial General Election","Election_Year":2026,"Election_Type":"4","GIS_Publication_Status":"1","PC_ServiceAreaType":"4 Day"}},{"type":"Feature","id":6597,"geometry":{"type":"Point","coordinates":[-118.139929176413,34.1455028105324]},"properties":{"OBJECTID":6597,"globalid":"dd1b7b68-6167-4860-adfd-3dc92563e141","VCID":3897,"PC_AssignedServiceArea":"5515061B","PC_BuildingName":"First United Methodist Church-Pasadena","PC_RoomArea":"Great Hall","PC_BuildingFullAddress":"500 E Colorado Blvd Pasadena, CA 91101","PC_BuildingAddress":"500 E Colorado Blvd","PC_BuildingCity":"Pasadena","PC_BuildingZip":91101,"PC_AllocatedBMDs":25,"PC_AllocatedEPBs":7,"PC_FacilityType":"Private","PC_SupervisorialDistrict":5,"PC_AllocatedSize":"25 - Large","PC_MaxNumBMDs":68,"PC_MaxNumEPBs":24,"CIC_Number":null,"PC_ElectionID":4348,"Election_Name":"Gubernatorial General Election","Election_Year":2026,"Election_Type":"4","GIS_Publication_Status":"1","PC_ServiceAreaType":"4 Day"}},{"type":"Feature","id":6598,"geometry":{"type":"Point","coordinates":[-118.346684955719,33.9774396757564]},"properties":{"OBJECTID":6598,"globalid":"2008c504-e73a-4dea-a34f-cea407385c10","VCID":10606,"PC_AssignedServiceArea":"2295031B","PC_BuildingName":"Centinela Elementary School","PC_RoomArea":"Multi-Purpose Room","PC_BuildingFullAddress":"1123 N Marlborough Ave  Inglewood, CA 90302","PC_BuildingAddress":"1123 N Marlborough Ave ","PC_BuildingCity":"Inglewood","PC_BuildingZip":90302,"PC_AllocatedBMDs":15,"PC_AllocatedEPBs":5,"PC_FacilityType":"Public","PC_SupervisorialDistrict":2,"PC_AllocatedSize":"15 - Standard","PC_MaxNumBMDs":160,"PC_MaxNumEPBs":17,"CIC_Number":null,"PC_ElectionID":4348,"Election_Name":"Gubernatorial General Election","Election_Year":2026,"Election_Type":"4","GIS_Publication_Status":"1","PC_ServiceAreaType":"4 Day"}},{"type":"Feature","id":6599,"geometry":{"type":"Point","coordinates":[-118.635710963505,34.2154674652821]},"properties":{"OBJECTID":6599,"globalid":"b74fa519-0980-486d-9961-ee696943641f","VCID":14378,"PC_AssignedServiceArea":"3115000B","PC_BuildingName":"Justice Street Academy Charter School","PC_RoomArea":"Auditorium","PC_BuildingFullAddress":"23350 Justice St West Hills, CA 91304","PC_BuildingAddress":"23350 Justice St","PC_BuildingCity":"West Hills","PC_BuildingZip":91304,"PC_AllocatedBMDs":15,"PC_AllocatedEPBs":5,"PC_FacilityType":"Public","PC_SupervisorialDistrict":3,"PC_AllocatedSize":"15 - Standard","PC_MaxNumBMDs":40,"PC_MaxNumEPBs":12,"CIC_Number":null,"PC_ElectionID":4348,"Election_Name":"Gubernatorial General Election","Election_Year":2026,"Election_Type":"4","GIS_Publication_Status":"1","PC_ServiceAreaType":"4 Day"}},{"type":"Feature","id":6600,"geometry":{"type":"Point","coordinates":[-118.291598025213,34.105760167328]},"properties":{"OBJECTID":6600,"globalid":"a7af0118-435f-464e-a5d2-9d74fc33ffb7","VCID":9291,"PC_AssignedServiceArea":"3900130A","PC_BuildingName":"Elysian Masonic Lodge 418","PC_RoomArea":"Dining Room","PC_BuildingFullAddress":"1900 N Vermont Ave Los Angeles, CA 90027","PC_BuildingAddress":"1900 N Vermont Ave","PC_BuildingCity":"Los Angeles","PC_BuildingZip":90027,"PC_AllocatedBMDs":40,"PC_AllocatedEPBs":10,"PC_FacilityType":"Private","PC_SupervisorialDistrict":5,"PC_AllocatedSize":"40 - Extra Large","PC_MaxNumBMDs":40,"PC_MaxNumEPBs":49,"CIC_Number":null,"PC_ElectionID":4348,"Election_Name":"Gubernatorial General Election","Election_Year":2026,"Election_Type":"4","GIS_Publication_Status":"1","PC_ServiceAreaType":"11 Day"}},{"type":"Feature","id":6601,"geometry":{"type":"Point","coordinates":[-118.306553531502,33.9298864813669]},"properties":{"OBJECTID":6601,"globalid":"a6b7482e-4385-4d3b-bdbe-f57e6a9d8d94","VCID":4519,"PC_AssignedServiceArea":"2900080A","PC_BuildingName":"Los Angeles Southwest College","PC_RoomArea":"SOCTE Bldg Multi-Purpose Room 127","PC_BuildingFullAddress":"1600 W Imperial Hwy Los Angeles, CA 90047","PC_BuildingAddress":"1600 W Imperial Hwy","PC_BuildingCity":"Los Angeles","PC_BuildingZip":90047,"PC_AllocatedBMDs":15,"PC_AllocatedEPBs":7,"PC_FacilityType":"Public","PC_SupervisorialDistrict":2,"PC_AllocatedSize":"15 - Large","PC_MaxNumBMDs":68,"PC_MaxNumEPBs":17,"CIC_Number":null,"PC_ElectionID":4348,"Election_Name":"Gubernatorial General Election","Election_Year":2026,"Election_Type":"4","GIS_Publication_Status":"1","PC_ServiceAreaType":"11 Day"}},{"type":"Feature","id":6602,"geometry":{"type":"Point","coordinates":[-117.798202288722,33.9986202616667]},"properties":{"OBJECTID":6602,"globalid":"291dfe88-910f-4b1b-9538-4e4fdfbbcc0e","VCID":13903,"PC_AssignedServiceArea":"1178021B","PC_BuildingName":"Diamond Bar Center","PC_RoomArea":"Grand View Ballroom","PC_BuildingFullAddress":"1600 Grand Ave Diamond Bar, CA 91765","PC_BuildingAddress":"1600 Grand Ave","PC_BuildingCity":"Diamond Bar","PC_BuildingZip":91765,"PC_AllocatedBMDs":45,"PC_AllocatedEPBs":12,"PC_FacilityType":"Public","PC_SupervisorialDistrict":1,"PC_AllocatedSize":"45 - Extra Large","PC_MaxNumBMDs":205,"PC_MaxNumEPBs":21,"CIC_Number":null,"PC_ElectionID":4348,"Election_Name":"Gubernatorial General Election","Election_Year":2026,"Election_Type":"4","GIS_Publication_Status":"1","PC_ServiceAreaType":"4 Day"}},{"type":"Feature","id":6603,"geometry":{"type":"Point","coordinates":[-118.318754708785,34.0258115233445]},"properties":{"OBJECTID":6603,"globalid":"fca8f54e-7308-4df6-b822-3a434650f183","VCID":33728,"PC_AssignedServiceArea":"2900103B","PC_BuildingName":"Hidden History Museum","PC_RoomArea":"Main Room","PC_BuildingFullAddress":"2131 W Jefferson Blvd Los Angeles, CA 90018","PC_BuildingAddress":"2131 W Jefferson Blvd","PC_BuildingCity":"Los Angeles","PC_BuildingZip":90018,"PC_AllocatedBMDs":15,"PC_AllocatedEPBs":5,"PC_FacilityType":"Private","PC_SupervisorialDistrict":2,"PC_AllocatedSize":"15 - Standard","PC_MaxNumBMDs":67,"PC_MaxNumEPBs":17,"CIC_Number":null,"PC_ElectionID":4348,"Election_Name":"Gubernatorial General Election","Election_Year":2026,"Election_Type":"4","GIS_Publication_Status":"1","PC_ServiceAreaType":"4 Day"}},{"type":"Feature","id":6604,"geometry":{"type":"Point","coordinates":[-117.979165327061,34.0129738634474]},"properties":{"OBJECTID":6604,"globalid":"402c9952-cbe3-432b-bab4-ba912b892c5a","VCID":4122,"PC_AssignedServiceArea":"1052001B","PC_BuildingName":"Hacienda Heights Comm and Rec Center","PC_RoomArea":"Banquet Rooms A B and C","PC_BuildingFullAddress":"1234 Valencia Ave Hacienda Heights, CA 91745","PC_BuildingAddress":"1234 Valencia Ave","PC_BuildingCity":"Hacienda Heights","PC_BuildingZip":91745,"PC_AllocatedBMDs":45,"PC_AllocatedEPBs":12,"PC_FacilityType":"Public","PC_SupervisorialDistrict":1,"PC_AllocatedSize":"45 - Extra Large","PC_MaxNumBMDs":160,"PC_MaxNumEPBs":5,"CIC_Number":null,"PC_ElectionID":4348,"Election_Name":"Gubernatorial General Election","Election_Year":2026,"Election_Type":"4","GIS_Publication_Status":"1","PC_ServiceAreaType":"4 Day"}},{"type":"Feature","id":6605,"geometry":{"type":"Point","coordinates":[-118.295900673409,34.176083909789]},"properties":{"OBJECTID":6605,"globalid":"9a5d195b-512e-4bc2-a76e-f31852943ed6","VCID":12401,"PC_AssignedServiceArea":"5255000B","PC_BuildingName":"Glendale Church of Christ","PC_RoomArea":"Multi-Purpose Room","PC_BuildingFullAddress":"2021 W Glenoaks Blvd Glendale, CA 91201","PC_BuildingAddress":"2021 W Glenoaks Blvd","PC_BuildingCity":"Glendale","PC_BuildingZip":91201,"PC_AllocatedBMDs":25,"PC_AllocatedEPBs":7,"PC_FacilityType":"Private","PC_SupervisorialDistrict":5,"PC_AllocatedSize":"25 - Large","PC_MaxNumBMDs":68,"PC_MaxNumEPBs":12,"CIC_Number":null,"PC_ElectionID":4348,"Election_Name":"Gubernatorial General Election","Election_Year":2026,"Election_Type":"4","GIS_Publication_Status":"1","PC_ServiceAreaType":"4 Day"}},{"type":"Feature","id":6606,"geometry":{"type":"Point","coordinates":[-118.080888474668,33.903261032134]},"properties":{"OBJECTID":6606,"globalid":"8aacf913-9509-42fc-b808-247c7999325c","VCID":13306,"PC_AssignedServiceArea":"4480002B","PC_BuildingName":"Norwalk Senior Center","PC_RoomArea":"Activity Room A","PC_BuildingFullAddress":"14040 San Antonio Dr Norwalk, CA 90650","PC_BuildingAddress":"14040 San Antonio Dr","PC_BuildingCity":"Norwalk","PC_BuildingZip":90650,"PC_AllocatedBMDs":15,"PC_AllocatedEPBs":5,"PC_FacilityType":"Public","PC_SupervisorialDistrict":4,"PC_AllocatedSize":"15 - Standard","PC_MaxNumBMDs":68,"PC_MaxNumEPBs":5,"CIC_Number":null,"PC_ElectionID":4348,"Election_Name":"Gubernatorial General Election","Election_Year":2026,"Election_Type":"4","GIS_Publication_Status":"1","PC_ServiceAreaType":"4 Day"}},{"type":"Feature","id":6607,"geometry":{"type":"Point","coordinates":[-117.728200126386,34.1153591352379]},"properties":{"OBJECTID":6607,"globalid":"24cd168b-d82d-4304-aa59-e1e205f78508","VCID":18070,"PC_AssignedServiceArea":"5130011B","PC_BuildingName":"Condit Elementary School","PC_RoomArea":"Multi-Purpose Room","PC_BuildingFullAddress":"1750 N Mountain Ave Claremont, CA 91711","PC_BuildingAddress":"1750 N Mountain Ave","PC_BuildingCity":"Claremont","PC_BuildingZip":91711,"PC_AllocatedBMDs":15,"PC_AllocatedEPBs":5,"PC_FacilityType":"Public","PC_SupervisorialDistrict":5,"PC_AllocatedSize":"15 - Standard","PC_MaxNumBMDs":68,"PC_MaxNumEPBs":6,"CIC_Number":null,"PC_ElectionID":4348,"Election_Name":"Gubernatorial General Election","Election_Year":2026,"Election_Type":"4","GIS_Publication_Status":"1","PC_ServiceAreaType":"4 Day"}},{"type":"Feature","id":6608,"geometry":{"type":"Point","coordinates":[-118.198796780409,34.115862028667]},"properties":{"OBJECTID":6608,"globalid":"4186e390-ae6c-498a-aa53-49e5b460e810","VCID":14962,"PC_AssignedServiceArea":"1900010B","PC_BuildingName":"Franklin High School","PC_RoomArea":"Small Gymnasium","PC_BuildingFullAddress":"820 N Avenue 54 Los Angeles, CA 90042","PC_BuildingAddress":"820 N Avenue 54","PC_BuildingCity":"Los Angeles","PC_BuildingZip":90042,"PC_AllocatedBMDs":45,"PC_AllocatedEPBs":12,"PC_FacilityType":"Public","PC_SupervisorialDistrict":1,"PC_AllocatedSize":"45 - Extra Large","PC_MaxNumBMDs":114,"PC_MaxNumEPBs":32,"CIC_Number":null,"PC_ElectionID":4348,"Election_Name":"Gubernatorial General Election","Election_Year":2026,"Election_Type":"4","GIS_Publication_Status":"1","PC_ServiceAreaType":"4 Day"}},{"type":"Feature","id":6609,"geometry":{"type":"Point","coordinates":[-118.380222129208,34.0537384081421]},"properties":{"OBJECTID":6609,"globalid":"1389b526-d9a3-4245-b397-04040ab1b6bf","VCID":19702,"PC_AssignedServiceArea":"3090001B","PC_BuildingName":"Congregation Ohel Moshe","PC_RoomArea":"Pardess Hall","PC_BuildingFullAddress":"8646 W Pico Blvd Los Angeles, CA 90035","PC_BuildingAddress":"8646 W Pico Blvd","PC_BuildingCity":"Los Angeles","PC_BuildingZip":90035,"PC_AllocatedBMDs":15,"PC_AllocatedEPBs":5,"PC_FacilityType":"Private","PC_SupervisorialDistrict":3,"PC_AllocatedSize":"15 - Standard","PC_MaxNumBMDs":130,"PC_MaxNumEPBs":21,"CIC_Number":null,"PC_ElectionID":4348,"Election_Name":"Gubernatorial General Election","Election_Year":2026,"Election_Type":"4","GIS_Publication_Status":"1","PC_ServiceAreaType":"4 Day"}},{"type":"Feature","id":6610,"geometry":{"type":"Point","coordinates":[-118.089334721333,33.9920808501379]},"properties":{"OBJECTID":6610,"globalid":"c76979c2-0386-49c4-81bf-dbed1d762604","VCID":140,"PC_AssignedServiceArea":"4523000A","PC_BuildingName":"Pico Rivera Library","PC_RoomArea":"Meeting Room","PC_BuildingFullAddress":"9001 Mines Ave Pico Rivera, CA 90660","PC_BuildingAddress":"9001 Mines Ave","PC_BuildingCity":"Pico Rivera","PC_BuildingZip":90660,"PC_AllocatedBMDs":15,"PC_AllocatedEPBs":5,"PC_FacilityType":"Public","PC_SupervisorialDistrict":4,"PC_AllocatedSize":"15 - Standard","PC_MaxNumBMDs":140,"PC_MaxNumEPBs":38,"CIC_Number":null,"PC_ElectionID":4348,"Election_Name":"Gubernatorial General Election","Election_Year":2026,"Election_Type":"4","GIS_Publication_Status":"1","PC_ServiceAreaType":"11 Day"}},{"type":"Feature","id":6611,"geometry":{"type":"Point","coordinates":[-118.326302444765,34.1510824865806]},"properties":{"OBJECTID":6611,"globalid":"10d45f5c-9aca-4ef8-99d3-178c51cebe37","VCID":8455,"PC_AssignedServiceArea":"5730041B","PC_BuildingName":"Junior Achievement of So Cal","PC_RoomArea":"Training Room","PC_BuildingFullAddress":"6250 Forest Lawn Dr Los Angeles, CA 90068","PC_BuildingAddress":"6250 Forest Lawn Dr","PC_BuildingCity":"Los Angeles","PC_BuildingZip":90068,"PC_AllocatedBMDs":15,"PC_AllocatedEPBs":5,"PC_FacilityType":"Private","PC_SupervisorialDistrict":null,"PC_AllocatedSize":"15 - Standard","PC_MaxNumBMDs":43,"PC_MaxNumEPBs":45,"CIC_Number":null,"PC_ElectionID":4348,"Election_Name":"Gubernatorial General Election","Election_Year":2026,"Election_Type":"4","GIS_Publication_Status":"1","PC_ServiceAreaType":"4 Day"}},{"type":"Feature","id":6612,"geometry":{"type":"Point","coordinates":[-118.022349416901,33.9647872420632]},"properties":{"OBJECTID":6612,"globalid":"6d87a9d6-11fd-4155-b640-c6314cbd42f5","VCID":35486,"PC_AssignedServiceArea":"4780040B","PC_BuildingName":"Michigan Park Facility","PC_RoomArea":"Modular Building","PC_BuildingFullAddress":"8228 Michigan Ave Whittier, CA 90602","PC_BuildingAddress":"8228 Michigan Ave","PC_BuildingCity":"Whittier","PC_BuildingZip":90602,"PC_AllocatedBMDs":15,"PC_AllocatedEPBs":5,"PC_FacilityType":"Public","PC_SupervisorialDistrict":null,"PC_AllocatedSize":"15 - Standard","PC_MaxNumBMDs":80,"PC_MaxNumEPBs":29,"CIC_Number":null,"PC_ElectionID":4348,"Election_Name":"Gubernatorial General Election","Election_Year":2026,"Election_Type":"4","GIS_Publication_Status":"1","PC_ServiceAreaType":"4 Day"}},{"type":"Feature","id":6613,"geometry":{"type":"Point","coordinates":[-118.2538354311,34.1235872845991]},"properties":{"OBJECTID":6613,"globalid":"8aa616a8-e0a1-4ee3-a500-4ae572038521","VCID":5479,"PC_AssignedServiceArea":"5255000A","PC_BuildingName":"AYAC Mesdjian Center","PC_RoomArea":"Banquet Hall","PC_BuildingFullAddress":"1811 S Glendale Ave Glendale, CA 91205","PC_BuildingAddress":"1811 S Glendale Ave","PC_BuildingCity":"Glendale","PC_BuildingZip":91205,"PC_AllocatedBMDs":15,"PC_AllocatedEPBs":5,"PC_FacilityType":"Private","PC_SupervisorialDistrict":5,"PC_AllocatedSize":"15 - Standard","PC_MaxNumBMDs":160,"PC_MaxNumEPBs":11,"CIC_Number":null,"PC_ElectionID":4348,"Election_Name":"Gubernatorial General Election","Election_Year":2026,"Election_Type":"4","GIS_Publication_Status":"1","PC_ServiceAreaType":"11 Day"}},{"type":"Feature","id":6614,"geometry":{"type":"Point","coordinates":[-118.206796273727,33.8869754976152]},"properties":{"OBJECTID":6614,"globalid":"a7430d6b-4eb8-4027-9905-924fce2811a3","VCID":8315,"PC_AssignedServiceArea":"2145040B","PC_BuildingName":"First United Methodist Church-Compton","PC_RoomArea":"Fellowship Hall","PC_BuildingFullAddress":"1025 S Long Beach Blvd Compton, CA 90221","PC_BuildingAddress":"1025 S Long Beach Blvd","PC_BuildingCity":"Compton","PC_BuildingZip":90221,"PC_AllocatedBMDs":15,"PC_AllocatedEPBs":5,"PC_FacilityType":"Private","PC_SupervisorialDistrict":2,"PC_AllocatedSize":"15 - Standard","PC_MaxNumBMDs":60,"PC_MaxNumEPBs":44,"CIC_Number":null,"PC_ElectionID":4348,"Election_Name":"Gubernatorial General Election","Election_Year":2026,"Election_Type":"4","GIS_Publication_Status":"1","PC_ServiceAreaType":"4 Day"}},{"type":"Feature","id":6615,"geometry":{"type":"Point","coordinates":[-118.197692025547,33.8151030122318]},"properties":{"OBJECTID":6615,"globalid":"4455399a-9b5c-4654-8827-5468dd5cdf9d","VCID":25299,"PC_AssignedServiceArea":"4385071B","PC_BuildingName":"Fil-Am Christian Fellowship of LB","PC_RoomArea":"Dining Hall","PC_BuildingFullAddress":"3190 Magnolia Ave Long Beach, CA 90806","PC_BuildingAddress":"3190 Magnolia Ave","PC_BuildingCity":"Long Beach","PC_BuildingZip":90806,"PC_AllocatedBMDs":15,"PC_AllocatedEPBs":5,"PC_FacilityType":"Private","PC_SupervisorialDistrict":4,"PC_AllocatedSize":"15 - Standard","PC_MaxNumBMDs":40,"PC_MaxNumEPBs":20,"CIC_Number":null,"PC_ElectionID":4348,"Election_Name":"Gubernatorial General Election","Election_Year":2026,"Election_Type":"4","GIS_Publication_Status":"1","PC_ServiceAreaType":"4 Day"}},{"type":"Feature","id":6616,"geometry":{"type":"Point","coordinates":[-117.793521827531,34.1061881800751]},"properties":{"OBJECTID":6616,"globalid":"12dfbd7f-51b8-4d2f-9547-2849cbba4ba2","VCID":12544,"PC_AssignedServiceArea":"5600021B","PC_BuildingName":"Holy Name of Mary Catholic Church","PC_RoomArea":"Parish Hall","PC_BuildingFullAddress":"724 E Bonita Ave San Dimas, CA 91773","PC_BuildingAddress":"724 E Bonita Ave","PC_BuildingCity":"San Dimas","PC_BuildingZip":91773,"PC_AllocatedBMDs":25,"PC_AllocatedEPBs":7,"PC_FacilityType":"Private","PC_SupervisorialDistrict":5,"PC_AllocatedSize":"25 - Large","PC_MaxNumBMDs":68,"PC_MaxNumEPBs":7,"CIC_Number":null,"PC_ElectionID":4348,"Election_Name":"Gubernatorial General Election","Election_Year":2026,"Election_Type":"4","GIS_Publication_Status":"1","PC_ServiceAreaType":"4 Day"}},{"type":"Feature","id":6617,"geometry":{"type":"Point","coordinates":[-118.155067054615,34.0323006159708]},"properties":{"OBJECTID":6617,"globalid":"05583e03-61f9-48ae-94b4-fafc637721fc","VCID":35090,"PC_AssignedServiceArea":"1445021B","PC_BuildingName":"Arts in Action Charter Elem School","PC_RoomArea":"Multi-Purpose Room","PC_BuildingFullAddress":"5140 Via Corona St Los Angeles, CA 90022","PC_BuildingAddress":"5140 Via Corona St","PC_BuildingCity":"Los Angeles","PC_BuildingZip":90022,"PC_AllocatedBMDs":25,"PC_AllocatedEPBs":7,"PC_FacilityType":"Public","PC_SupervisorialDistrict":null,"PC_AllocatedSize":"25 - Large","PC_MaxNumBMDs":67,"PC_MaxNumEPBs":7,"CIC_Number":null,"PC_ElectionID":4348,"Election_Name":"Gubernatorial General Election","Election_Year":2026,"Election_Type":"4","GIS_Publication_Status":"1","PC_ServiceAreaType":"4 Day"}},{"type":"Feature","id":6618,"geometry":{"type":"Point","coordinates":[-118.202575834353,33.7895003244463]},"properties":{"OBJECTID":6618,"globalid":"0f83221c-484d-45bb-9e2c-b66dd98da362","VCID":21677,"PC_AssignedServiceArea":"4385042B","PC_BuildingName":"Goodwill SoLAC","PC_RoomArea":"Multi-Purpose Room","PC_BuildingFullAddress":"800 W Pacific Coast Hwy Long Beach, CA 90806","PC_BuildingAddress":"800 W Pacific Coast Hwy","PC_BuildingCity":"Long Beach","PC_BuildingZip":90806,"PC_AllocatedBMDs":15,"PC_AllocatedEPBs":5,"PC_FacilityType":"Private","PC_SupervisorialDistrict":4,"PC_AllocatedSize":"15 - Standard","PC_MaxNumBMDs":22,"PC_MaxNumEPBs":7,"CIC_Number":null,"PC_ElectionID":4348,"Election_Name":"Gubernatorial General Election","Election_Year":2026,"Election_Type":"4","GIS_Publication_Status":"1","PC_ServiceAreaType":"4 Day"}},{"type":"Feature","id":6619,"geometry":{"type":"Point","coordinates":[-118.25250257935,33.984067516179]},"properties":{"OBJECTID":6619,"globalid":"2bd1c9c2-bc2a-4e2f-8a75-1a063471cf1e","VCID":24628,"PC_AssignedServiceArea":"2900099B","PC_BuildingName":"Mary M Bethune Park","PC_RoomArea":"Community Room","PC_BuildingFullAddress":"1244 E 61st St Los Angeles, CA 90001","PC_BuildingAddress":"1244 E 61st St","PC_BuildingCity":"Los Angeles","PC_BuildingZip":90001,"PC_AllocatedBMDs":15,"PC_AllocatedEPBs":5,"PC_FacilityType":"Public","PC_SupervisorialDistrict":null,"PC_AllocatedSize":"15 - Standard","PC_MaxNumBMDs":67,"PC_MaxNumEPBs":11,"CIC_Number":null,"PC_ElectionID":4348,"Election_Name":"Gubernatorial General Election","Election_Year":2026,"Election_Type":"4","GIS_Publication_Status":"1","PC_ServiceAreaType":"4 Day"}},{"type":"Feature","id":6620,"geometry":{"type":"Point","coordinates":[-118.072207127287,33.8247508546603]},"properties":{"OBJECTID":6620,"globalid":"6a12e160-085e-4de2-9266-2de6654bcd65","VCID":22359,"PC_AssignedServiceArea":"4265000B","PC_BuildingName":"The Way Out Ministries","PC_RoomArea":"Multi-Purpose Room","PC_BuildingFullAddress":"22427 Norwalk Blvd Hawaiian Gardens, CA 90716","PC_BuildingAddress":"22427 Norwalk Blvd","PC_BuildingCity":"Hawaiian Gardens","PC_BuildingZip":90716,"PC_AllocatedBMDs":15,"PC_AllocatedEPBs":5,"PC_FacilityType":"Private","PC_SupervisorialDistrict":4,"PC_AllocatedSize":"15 - Standard","PC_MaxNumBMDs":68,"PC_MaxNumEPBs":9,"CIC_Number":null,"PC_ElectionID":4348,"Election_Name":"Gubernatorial General Election","Election_Year":2026,"Election_Type":"4","GIS_Publication_Status":"1","PC_ServiceAreaType":"4 Day"}},{"type":"Feature","id":6621,"geometry":{"type":"Point","coordinates":[-117.700466114974,34.1120032870594]},"properties":{"OBJECTID":6621,"globalid":"6fefdf2e-5301-45b6-becc-b780c14abeff","VCID":17790,"PC_AssignedServiceArea":"5130000A","PC_BuildingName":"Granite Creek Community Church","PC_RoomArea":"Sanctuary","PC_BuildingFullAddress":"1580 N Claremont Blvd Claremont, CA 91711","PC_BuildingAddress":"1580 N Claremont Blvd","PC_BuildingCity":"Claremont","PC_BuildingZip":91711,"PC_AllocatedBMDs":35,"PC_AllocatedEPBs":9,"PC_FacilityType":"Private","PC_SupervisorialDistrict":5,"PC_AllocatedSize":"35 - Extra Large","PC_MaxNumBMDs":35,"PC_MaxNumEPBs":10,"CIC_Number":null,"PC_ElectionID":4348,"Election_Name":"Gubernatorial General Election","Election_Year":2026,"Election_Type":"4","GIS_Publication_Status":"1","PC_ServiceAreaType":"11 Day"}},{"type":"Feature","id":6622,"geometry":{"type":"Point","coordinates":[-118.210707334676,34.0205450289925]},"properties":{"OBJECTID":6622,"globalid":"ab5047d8-c6a7-474b-94c1-58b26263619b","VCID":590,"PC_AssignedServiceArea":"1200004B","PC_BuildingName":"Lou Costello Recreation Center","PC_RoomArea":"Senior Center","PC_BuildingFullAddress":"3141 E Olympic Blvd Los Angeles, CA 90023","PC_BuildingAddress":"3141 E Olympic Blvd","PC_BuildingCity":"Los Angeles","PC_BuildingZip":90023,"PC_AllocatedBMDs":15,"PC_AllocatedEPBs":5,"PC_FacilityType":"Public","PC_SupervisorialDistrict":1,"PC_AllocatedSize":"15 - Standard","PC_MaxNumBMDs":45,"PC_MaxNumEPBs":0,"CIC_Number":null,"PC_ElectionID":4348,"Election_Name":"Gubernatorial General Election","Election_Year":2026,"Election_Type":"4","GIS_Publication_Status":"1","PC_ServiceAreaType":"4 Day"}},{"type":"Feature","id":6623,"geometry":{"type":"Point","coordinates":[-117.973021814781,34.5727712795508]},"properties":{"OBJECTID":6623,"globalid":"19815ab0-e086-4465-b705-009fec98681a","VCID":11726,"PC_AssignedServiceArea":"5500041B","PC_BuildingName":"Jackie Robinson Park","PC_RoomArea":"Carroll Building","PC_BuildingFullAddress":"8773 E Avenue R Ave Littlerock, CA 93543","PC_BuildingAddress":"8773 E Avenue R Ave","PC_BuildingCity":"Littlerock","PC_BuildingZip":93543,"PC_AllocatedBMDs":15,"PC_AllocatedEPBs":5,"PC_FacilityType":"Public","PC_SupervisorialDistrict":5,"PC_AllocatedSize":"15 - Standard","PC_MaxNumBMDs":68,"PC_MaxNumEPBs":14,"CIC_Number":null,"PC_ElectionID":4348,"Election_Name":"Gubernatorial General Election","Election_Year":2026,"Election_Type":"4","GIS_Publication_Status":"1","PC_ServiceAreaType":"4 Day"}},{"type":"Feature","id":6624,"geometry":{"type":"Point","coordinates":[-118.468266989081,34.02139119798]},"properties":{"OBJECTID":6624,"globalid":"55a627c8-fb69-4474-9946-d4d591b172fc","VCID":4915,"PC_AssignedServiceArea":"3625003B","PC_BuildingName":"Virginia Avenue Park","PC_RoomArea":"Thelma Terry Bldg Room 3-Workshop 3","PC_BuildingFullAddress":"2200 Virginia Ave Santa Monica, CA 90404","PC_BuildingAddress":"2200 Virginia Ave","PC_BuildingCity":"Santa Monica","PC_BuildingZip":90404,"PC_AllocatedBMDs":15,"PC_AllocatedEPBs":5,"PC_FacilityType":"Public","PC_SupervisorialDistrict":3,"PC_AllocatedSize":"15 - Standard","PC_MaxNumBMDs":70,"PC_MaxNumEPBs":21,"CIC_Number":null,"PC_ElectionID":4348,"Election_Name":"Gubernatorial General Election","Election_Year":2026,"Election_Type":"4","GIS_Publication_Status":"1","PC_ServiceAreaType":"4 Day"}},{"type":"Feature","id":6625,"geometry":{"type":"Point","coordinates":[-118.314152650759,33.9989593022479]},"properties":{"OBJECTID":6625,"globalid":"94f0f55e-c58b-4d0a-86de-c23a19775c64","VCID":24720,"PC_AssignedServiceArea":"2900081C","PC_BuildingName":"Greater Bethel Cathedral","PC_RoomArea":"Bungalow 38 and Bungalow 39","PC_BuildingFullAddress":"4831 S Gramercy Pl Los Angeles, CA 90062","PC_BuildingAddress":"4831 S Gramercy Pl","PC_BuildingCity":"Los Angeles","PC_BuildingZip":90062,"PC_AllocatedBMDs":15,"PC_AllocatedEPBs":5,"PC_FacilityType":"Private","PC_SupervisorialDistrict":2,"PC_AllocatedSize":"15 - Standard","PC_MaxNumBMDs":85,"PC_MaxNumEPBs":4,"CIC_Number":null,"PC_ElectionID":4348,"Election_Name":"Gubernatorial General Election","Election_Year":2026,"Election_Type":"4","GIS_Publication_Status":"1","PC_ServiceAreaType":"11 Day"}},{"type":"Feature","id":6626,"geometry":{"type":"Point","coordinates":[-118.301169109769,33.8231692792355]},"properties":{"OBJECTID":6626,"globalid":"c383e3b4-8684-4bbd-91f8-708bded66319","VCID":13356,"PC_AssignedServiceArea":"2768000B","PC_BuildingName":"Normandale Recreation Center","PC_RoomArea":"Classroom","PC_BuildingFullAddress":"22400 Halldale Ave  Torrance, CA 90501","PC_BuildingAddress":"22400 Halldale Ave ","PC_BuildingCity":"Torrance","PC_BuildingZip":90501,"PC_AllocatedBMDs":15,"PC_AllocatedEPBs":5,"PC_FacilityType":"Public","PC_SupervisorialDistrict":2,"PC_AllocatedSize":"15 - Standard","PC_MaxNumBMDs":68,"PC_MaxNumEPBs":5,"CIC_Number":null,"PC_ElectionID":4348,"Election_Name":"Gubernatorial General Election","Election_Year":2026,"Election_Type":"4","GIS_Publication_Status":"1","PC_ServiceAreaType":"4 Day"}},{"type":"Feature","id":6627,"geometry":{"type":"Point","coordinates":[-118.249877510028,33.9780875237234]},"properties":{"OBJECTID":6627,"globalid":"097f6005-b9af-4cd2-8384-c94bc9c24365","VCID":22005,"PC_AssignedServiceArea":"2900091B","PC_BuildingName":"Miramonte Elementary School","PC_RoomArea":"Auditorium","PC_BuildingFullAddress":"1400 E 68th St Los Angeles, CA 90001","PC_BuildingAddress":"1400 E 68th St","PC_BuildingCity":"Los Angeles","PC_BuildingZip":90001,"PC_AllocatedBMDs":15,"PC_AllocatedEPBs":5,"PC_FacilityType":"Public","PC_SupervisorialDistrict":null,"PC_AllocatedSize":"15 - Standard","PC_MaxNumBMDs":68,"PC_MaxNumEPBs":29,"CIC_Number":null,"PC_ElectionID":4348,"Election_Name":"Gubernatorial General Election","Election_Year":2026,"Election_Type":"4","GIS_Publication_Status":"1","PC_ServiceAreaType":"4 Day"}},{"type":"Feature","id":6628,"geometry":{"type":"Point","coordinates":[-118.289951169261,34.0115286821736]},"properties":{"OBJECTID":6628,"globalid":"8debebf7-a552-44c3-a961-87f6820f0f0d","VCID":13375,"PC_AssignedServiceArea":"2900091A","PC_BuildingName":"Ahmanson Senior Center","PC_RoomArea":"Ballroom","PC_BuildingFullAddress":"3990 Bill Robertson Ln Los Angeles, CA 90037","PC_BuildingAddress":"3990 Bill Robertson Ln","PC_BuildingCity":"Los Angeles","PC_BuildingZip":90037,"PC_AllocatedBMDs":15,"PC_AllocatedEPBs":5,"PC_FacilityType":"Public","PC_SupervisorialDistrict":2,"PC_AllocatedSize":"15 - Standard","PC_MaxNumBMDs":30,"PC_MaxNumEPBs":57,"CIC_Number":null,"PC_ElectionID":4348,"Election_Name":"Gubernatorial General Election","Election_Year":2026,"Election_Type":"4","GIS_Publication_Status":"1","PC_ServiceAreaType":"11 Day"}},{"type":"Feature","id":6629,"geometry":{"type":"Point","coordinates":[-118.300024498544,34.0064697220463]},"properties":{"OBJECTID":6629,"globalid":"6ad1f1fd-3272-4570-bb2e-6157962344aa","VCID":4118,"PC_AssignedServiceArea":"2900093B","PC_BuildingName":"St Cecilia Catholic Church","PC_RoomArea":"Parish Hall","PC_BuildingFullAddress":"4230 S Normandie Ave Los Angeles, CA 90037","PC_BuildingAddress":"4230 S Normandie Ave","PC_BuildingCity":"Los Angeles","PC_BuildingZip":90037,"PC_AllocatedBMDs":15,"PC_AllocatedEPBs":5,"PC_FacilityType":"Private","PC_SupervisorialDistrict":2,"PC_AllocatedSize":"15 - Standard","PC_MaxNumBMDs":40,"PC_MaxNumEPBs":52,"CIC_Number":null,"PC_ElectionID":4348,"Election_Name":"Gubernatorial General Election","Election_Year":2026,"Election_Type":"4","GIS_Publication_Status":"1","PC_ServiceAreaType":"4 Day"}},{"type":"Feature","id":6630,"geometry":{"type":"Point","coordinates":[-118.250543817669,33.9434320265539]},"properties":{"OBJECTID":6630,"globalid":"00d15497-b8ff-42f1-a0b6-0fb287e25928","VCID":2329,"PC_AssignedServiceArea":"2900157B","PC_BuildingName":"Ted Watkins Memorial Park","PC_RoomArea":"Gymnasium","PC_BuildingFullAddress":"1335 E 103rd St Los Angeles, CA 90002","PC_BuildingAddress":"1335 E 103rd St","PC_BuildingCity":"Los Angeles","PC_BuildingZip":90002,"PC_AllocatedBMDs":40,"PC_AllocatedEPBs":10,"PC_FacilityType":"Public","PC_SupervisorialDistrict":null,"PC_AllocatedSize":"40 - Extra Large","PC_MaxNumBMDs":60,"PC_MaxNumEPBs":11,"CIC_Number":null,"PC_ElectionID":4348,"Election_Name":"Gubernatorial General Election","Election_Year":2026,"Election_Type":"4","GIS_Publication_Status":"1","PC_ServiceAreaType":"4 Day"}},{"type":"Feature","id":6631,"geometry":{"type":"Point","coordinates":[-118.083452730388,33.9450574363256]},"properties":{"OBJECTID":6631,"globalid":"670c852b-80f2-42d0-b653-3a9582b7c687","VCID":4629,"PC_AssignedServiceArea":"4623002B","PC_BuildingName":"Town Center Hall","PC_RoomArea":"Social Hall","PC_BuildingFullAddress":"11740 Telegraph Rd Santa Fe Springs, CA 90670","PC_BuildingAddress":"11740 Telegraph Rd","PC_BuildingCity":"Santa Fe Springs","PC_BuildingZip":90670,"PC_AllocatedBMDs":45,"PC_AllocatedEPBs":12,"PC_FacilityType":"Public","PC_SupervisorialDistrict":4,"PC_AllocatedSize":"45 - Extra Large","PC_MaxNumBMDs":68,"PC_MaxNumEPBs":15,"CIC_Number":null,"PC_ElectionID":4348,"Election_Name":"Gubernatorial General Election","Election_Year":2026,"Election_Type":"4","GIS_Publication_Status":"1","PC_ServiceAreaType":"4 Day"}},{"type":"Feature","id":6632,"geometry":{"type":"Point","coordinates":[-118.469637459674,34.0169530424633]},"properties":{"OBJECTID":6632,"globalid":"9602303b-1891-487b-8d6f-a80328f0db55","VCID":20987,"PC_AssignedServiceArea":"3625005B","PC_BuildingName":"Santa Monica College","PC_RoomArea":"Cayton Center Building Faculty Lounge","PC_BuildingFullAddress":"1900 Pico Blvd Santa Monica, CA 90405","PC_BuildingAddress":"1900 Pico Blvd","PC_BuildingCity":"Santa Monica","PC_BuildingZip":90405,"PC_AllocatedBMDs":15,"PC_AllocatedEPBs":7,"PC_FacilityType":"Public","PC_SupervisorialDistrict":3,"PC_AllocatedSize":"15 - Large","PC_MaxNumBMDs":20,"PC_MaxNumEPBs":44,"CIC_Number":null,"PC_ElectionID":4348,"Election_Name":"Gubernatorial General Election","Election_Year":2026,"Election_Type":"4","GIS_Publication_Status":"1","PC_ServiceAreaType":"4 Day"}},{"type":"Feature","id":6633,"geometry":{"type":"Point","coordinates":[-118.371789802944,34.1519856132923]},"properties":{"OBJECTID":6633,"globalid":"6236e494-b1a3-49f0-8083-87ad36c8577c","VCID":35488,"PC_AssignedServiceArea":"5900025B","PC_BuildingName":"Chabad Center","PC_RoomArea":"Gymnasium","PC_BuildingFullAddress":"11022 Riverside Dr North Hollywood, CA 91602","PC_BuildingAddress":"11022 Riverside Dr","PC_BuildingCity":"North Hollywood","PC_BuildingZip":91602,"PC_AllocatedBMDs":15,"PC_AllocatedEPBs":5,"PC_FacilityType":"Private","PC_SupervisorialDistrict":5,"PC_AllocatedSize":"15 - Standard","PC_MaxNumBMDs":90,"PC_MaxNumEPBs":28,"CIC_Number":null,"PC_ElectionID":4348,"Election_Name":"Gubernatorial General Election","Election_Year":2026,"Election_Type":"4","GIS_Publication_Status":"1","PC_ServiceAreaType":"4 Day"}},{"type":"Feature","id":6634,"geometry":{"type":"Point","coordinates":[-118.38447578284,33.8950641624952]},"properties":{"OBJECTID":6634,"globalid":"aab4652d-bcb3-4b08-9878-28d0e4a3f1a8","VCID":13403,"PC_AssignedServiceArea":"2410000B","PC_BuildingName":"Marine Avenue Park","PC_RoomArea":"Rocketship Hall","PC_BuildingFullAddress":"1625 Marine Ave Manhattan Beach, CA 90266","PC_BuildingAddress":"1625 Marine Ave","PC_BuildingCity":"Manhattan Beach","PC_BuildingZip":90266,"PC_AllocatedBMDs":15,"PC_AllocatedEPBs":5,"PC_FacilityType":"Public","PC_SupervisorialDistrict":null,"PC_AllocatedSize":"15 - Standard","PC_MaxNumBMDs":68,"PC_MaxNumEPBs":20,"CIC_Number":null,"PC_ElectionID":4348,"Election_Name":"Gubernatorial General Election","Election_Year":2026,"Election_Type":"4","GIS_Publication_Status":"1","PC_ServiceAreaType":"4 Day"}},{"type":"Feature","id":6635,"geometry":{"type":"Point","coordinates":[-118.570838752126,34.2194857920977]},"properties":{"OBJECTID":6635,"globalid":"4bd3762d-bf18-4b36-aa7d-e5cd3ab79d52","VCID":1909,"PC_AssignedServiceArea":"3900038B","PC_BuildingName":"Winnetka Avenue Elementary School","PC_RoomArea":"Auditorium","PC_BuildingFullAddress":"8240 Winnetka Ave Winnetka, CA 91306","PC_BuildingAddress":"8240 Winnetka Ave","PC_BuildingCity":"Winnetka","PC_BuildingZip":91306,"PC_AllocatedBMDs":25,"PC_AllocatedEPBs":7,"PC_FacilityType":"Public","PC_SupervisorialDistrict":3,"PC_AllocatedSize":"25 - Large","PC_MaxNumBMDs":100,"PC_MaxNumEPBs":19,"CIC_Number":null,"PC_ElectionID":4348,"Election_Name":"Gubernatorial General Election","Election_Year":2026,"Election_Type":"4","GIS_Publication_Status":"1","PC_ServiceAreaType":"4 Day"}},{"type":"Feature","id":6636,"geometry":{"type":"Point","coordinates":[-118.304510656021,33.93843872325]},"properties":{"OBJECTID":6636,"globalid":"7ff91f83-3cb5-49cc-a89c-3b39817184a5","VCID":12917,"PC_AssignedServiceArea":"2767000B","PC_BuildingName":"1st New Christian Fellowship Bapt Chr","PC_RoomArea":"Jackson Hall","PC_BuildingFullAddress":"1555 W 108th St Los Angeles, CA 90047","PC_BuildingAddress":"1555 W 108th St","PC_BuildingCity":"Los Angeles","PC_BuildingZip":90047,"PC_AllocatedBMDs":15,"PC_AllocatedEPBs":5,"PC_FacilityType":"Private","PC_SupervisorialDistrict":2,"PC_AllocatedSize":"15 - Standard","PC_MaxNumBMDs":80,"PC_MaxNumEPBs":5,"CIC_Number":null,"PC_ElectionID":4348,"Election_Name":"Gubernatorial General Election","Election_Year":2026,"Election_Type":"4","GIS_Publication_Status":"1","PC_ServiceAreaType":"4 Day"}},{"type":"Feature","id":6637,"geometry":{"type":"Point","coordinates":[-118.451183992034,34.2714531936948]},"properties":{"OBJECTID":6637,"globalid":"cbe8da2f-f535-4332-b0ba-8099f9ffa43a","VCID":13152,"PC_AssignedServiceArea":"3900071B","PC_BuildingName":"San Fernando Spanish SDA Church","PC_RoomArea":"Gymnasium","PC_BuildingFullAddress":"14646 Chatsworth Dr Mission Hills, CA 91345","PC_BuildingAddress":"14646 Chatsworth Dr","PC_BuildingCity":"Mission Hills","PC_BuildingZip":91345,"PC_AllocatedBMDs":15,"PC_AllocatedEPBs":5,"PC_FacilityType":"Private","PC_SupervisorialDistrict":3,"PC_AllocatedSize":"15 - Standard","PC_MaxNumBMDs":91,"PC_MaxNumEPBs":19,"CIC_Number":null,"PC_ElectionID":4348,"Election_Name":"Gubernatorial General Election","Election_Year":2026,"Election_Type":"4","GIS_Publication_Status":"1","PC_ServiceAreaType":"4 Day"}},{"type":"Feature","id":6638,"geometry":{"type":"Point","coordinates":[-118.358677910331,33.7584385898312]},"properties":{"OBJECTID":6638,"globalid":"1f04383d-3a07-42d0-ae5f-a0e1781c06c4","VCID":14436,"PC_AssignedServiceArea":"4553001B","PC_BuildingName":"Rancho Del Mar High School","PC_RoomArea":"Multi-Purpose Room","PC_BuildingFullAddress":"38 Crest Rd W Rolling Hills, CA 90274","PC_BuildingAddress":"38 Crest Rd W","PC_BuildingCity":"Rolling Hills","PC_BuildingZip":90274,"PC_AllocatedBMDs":15,"PC_AllocatedEPBs":5,"PC_FacilityType":"Public","PC_SupervisorialDistrict":4,"PC_AllocatedSize":"15 - Standard","PC_MaxNumBMDs":40,"PC_MaxNumEPBs":14,"CIC_Number":null,"PC_ElectionID":4348,"Election_Name":"Gubernatorial General Election","Election_Year":2026,"Election_Type":"4","GIS_Publication_Status":"1","PC_ServiceAreaType":"4 Day"}},{"type":"Feature","id":6639,"geometry":{"type":"Point","coordinates":[-118.035602535879,34.0656163198497]},"properties":{"OBJECTID":6639,"globalid":"7817ef5c-027f-49d4-af98-e65744468b3f","VCID":35448,"PC_AssignedServiceArea":"1210061B","PC_BuildingName":"El Monte Community Center","PC_RoomArea":"Room 11 & 12","PC_BuildingFullAddress":"3130 Tyler Ave El Monte, CA 91731","PC_BuildingAddress":"3130 Tyler Ave","PC_BuildingCity":"El Monte","PC_BuildingZip":91731,"PC_AllocatedBMDs":15,"PC_AllocatedEPBs":5,"PC_FacilityType":"Public","PC_SupervisorialDistrict":1,"PC_AllocatedSize":"15 - Standard","PC_MaxNumBMDs":null,"PC_MaxNumEPBs":null,"CIC_Number":null,"PC_ElectionID":4348,"Election_Name":"Gubernatorial General Election","Election_Year":2026,"Election_Type":"4","GIS_Publication_Status":"1","PC_ServiceAreaType":"4 Day"}},{"type":"Feature","id":6640,"geometry":{"type":"Point","coordinates":[-118.225463171394,34.0948984203235]},"properties":{"OBJECTID":6640,"globalid":"0f0b8d68-f401-4650-927a-26c3aeb0307d","VCID":12638,"PC_AssignedServiceArea":"1900016B","PC_BuildingName":"Aragon Avenue Elementary School","PC_RoomArea":"Auditorium","PC_BuildingFullAddress":"1118 Aragon Ave Los Angeles, CA 90065","PC_BuildingAddress":"1118 Aragon Ave","PC_BuildingCity":"Los Angeles","PC_BuildingZip":90065,"PC_AllocatedBMDs":15,"PC_AllocatedEPBs":5,"PC_FacilityType":"Public","PC_SupervisorialDistrict":1,"PC_AllocatedSize":"15 - Standard","PC_MaxNumBMDs":30,"PC_MaxNumEPBs":19,"CIC_Number":null,"PC_ElectionID":4348,"Election_Name":"Gubernatorial General Election","Election_Year":2026,"Election_Type":"4","GIS_Publication_Status":"1","PC_ServiceAreaType":"4 Day"}},{"type":"Feature","id":6641,"geometry":{"type":"Point","coordinates":[-118.643468206341,34.1704762825834]},"properties":{"OBJECTID":6641,"globalid":"22b14f39-258f-49e9-9ad6-57dc91201543","VCID":35378,"PC_AssignedServiceArea":"3776000B","PC_BuildingName":"El Camino Real Charter High School","PC_RoomArea":"T43 and T44","PC_BuildingFullAddress":"5440 Valley Circle Blvd Woodland Hills, CA 91367","PC_BuildingAddress":"5440 Valley Circle Blvd","PC_BuildingCity":"Woodland Hills","PC_BuildingZip":91367,"PC_AllocatedBMDs":15,"PC_AllocatedEPBs":5,"PC_FacilityType":"Public","PC_SupervisorialDistrict":3,"PC_AllocatedSize":"15 - Standard","PC_MaxNumBMDs":null,"PC_MaxNumEPBs":null,"CIC_Number":null,"PC_ElectionID":4348,"Election_Name":"Gubernatorial General Election","Election_Year":2026,"Election_Type":"4","GIS_Publication_Status":"1","PC_ServiceAreaType":"4 Day"}},{"type":"Feature","id":6642,"geometry":{"type":"Point","coordinates":[-118.304448886682,34.0528226876768]},"properties":{"OBJECTID":6642,"globalid":"0d5e1abf-0d2d-4d4a-b785-e9e48d4c815b","VCID":20572,"PC_AssignedServiceArea":"2900107B","PC_BuildingName":"Hobart Boulevard Elementary School","PC_RoomArea":"Auditorium","PC_BuildingFullAddress":"980 S Hobart Blvd  Los Angeles, CA 90006","PC_BuildingAddress":"980 S Hobart Blvd ","PC_BuildingCity":"Los Angeles","PC_BuildingZip":90006,"PC_AllocatedBMDs":15,"PC_AllocatedEPBs":5,"PC_FacilityType":"Public","PC_SupervisorialDistrict":2,"PC_AllocatedSize":"15 - Standard","PC_MaxNumBMDs":40,"PC_MaxNumEPBs":59,"CIC_Number":null,"PC_ElectionID":4348,"Election_Name":"Gubernatorial General Election","Election_Year":2026,"Election_Type":"4","GIS_Publication_Status":"1","PC_ServiceAreaType":"4 Day"}},{"type":"Feature","id":6643,"geometry":{"type":"Point","coordinates":[-118.25964675265,34.0033295735232]},"properties":{"OBJECTID":6643,"globalid":"5ba767a6-6d0c-4e4d-aec7-381b8727011b","VCID":14339,"PC_AssignedServiceArea":"2900098B","PC_BuildingName":"George Washington Carver Middle School","PC_RoomArea":"Auditorium","PC_BuildingFullAddress":"4410 McKinley Ave Los Angeles, CA 90011","PC_BuildingAddress":"4410 McKinley Ave","PC_BuildingCity":"Los Angeles","PC_BuildingZip":90011,"PC_AllocatedBMDs":15,"PC_AllocatedEPBs":5,"PC_FacilityType":"Public","PC_SupervisorialDistrict":2,"PC_AllocatedSize":"15 - Standard","PC_MaxNumBMDs":20,"PC_MaxNumEPBs":42,"CIC_Number":null,"PC_ElectionID":4348,"Election_Name":"Gubernatorial General Election","Election_Year":2026,"Election_Type":"4","GIS_Publication_Status":"1","PC_ServiceAreaType":"4 Day"}},{"type":"Feature","id":6644,"geometry":{"type":"Point","coordinates":[-118.345407399639,34.0842261286672]},"properties":{"OBJECTID":6644,"globalid":"429b578d-44d8-47de-a140-6e6dc0dd09a6","VCID":6762,"PC_AssignedServiceArea":"3775000B","PC_BuildingName":"Melrose Avenue Elementary School","PC_RoomArea":"Auditorium","PC_BuildingFullAddress":"731 N Detroit St Los Angeles, CA 90046","PC_BuildingAddress":"731 N Detroit St","PC_BuildingCity":"Los Angeles","PC_BuildingZip":90046,"PC_AllocatedBMDs":15,"PC_AllocatedEPBs":5,"PC_FacilityType":"Public","PC_SupervisorialDistrict":3,"PC_AllocatedSize":"15 - Standard","PC_MaxNumBMDs":60,"PC_MaxNumEPBs":49,"CIC_Number":null,"PC_ElectionID":4348,"Election_Name":"Gubernatorial General Election","Election_Year":2026,"Election_Type":"4","GIS_Publication_Status":"1","PC_ServiceAreaType":"4 Day"}},{"type":"Feature","id":6645,"geometry":{"type":"Point","coordinates":[-118.476736514532,34.1956165313798]},"properties":{"OBJECTID":6645,"globalid":"8f560b2f-f4f3-4dd4-9cb9-d327f32f1c1d","VCID":6051,"PC_AssignedServiceArea":"3900061B","PC_BuildingName":"Bassett Street Elementary School","PC_RoomArea":"Auditorium","PC_BuildingFullAddress":"15756 Bassett St Van Nuys, CA 91406","PC_BuildingAddress":"15756 Bassett St","PC_BuildingCity":"Van Nuys","PC_BuildingZip":91406,"PC_AllocatedBMDs":15,"PC_AllocatedEPBs":5,"PC_FacilityType":"Public","PC_SupervisorialDistrict":3,"PC_AllocatedSize":"15 - Standard","PC_MaxNumBMDs":50,"PC_MaxNumEPBs":140,"CIC_Number":null,"PC_ElectionID":4348,"Election_Name":"Gubernatorial General Election","Election_Year":2026,"Election_Type":"4","GIS_Publication_Status":"1","PC_ServiceAreaType":"4 Day"}},{"type":"Feature","id":6646,"geometry":{"type":"Point","coordinates":[-118.165297981594,33.9713100043044]},"properties":{"OBJECTID":6646,"globalid":"2f893a23-981b-4e7a-b983-dffc96dc822a","VCID":33116,"PC_AssignedServiceArea":"4080000B","PC_BuildingName":"AltaMed Medical Group Bell Gardens","PC_RoomArea":"Multiple Purpose Room 136","PC_BuildingFullAddress":"6811 Eastern Ave Bell Gardens, CA 90201","PC_BuildingAddress":"6811 Eastern Ave","PC_BuildingCity":"Bell Gardens","PC_BuildingZip":90201,"PC_AllocatedBMDs":15,"PC_AllocatedEPBs":5,"PC_FacilityType":"Private","PC_SupervisorialDistrict":4,"PC_AllocatedSize":"15 - Standard","PC_MaxNumBMDs":159,"PC_MaxNumEPBs":15,"CIC_Number":null,"PC_ElectionID":4348,"Election_Name":"Gubernatorial General Election","Election_Year":2026,"Election_Type":"4","GIS_Publication_Status":"1","PC_ServiceAreaType":"4 Day"}},{"type":"Feature","id":6647,"geometry":{"type":"Point","coordinates":[-118.312084135762,34.1833081307777]},"properties":{"OBJECTID":6647,"globalid":"a1429558-b6fa-44dc-b99f-2ac7011db629","VCID":1484,"PC_AssignedServiceArea":"5095001B","PC_BuildingName":"Burbank Town Center","PC_RoomArea":"Space 399 3rd lvl Sears Wing","PC_BuildingFullAddress":"201 E Magnolia Blvd Burbank, CA 91502","PC_BuildingAddress":"201 E Magnolia Blvd","PC_BuildingCity":"Burbank","PC_BuildingZip":91502,"PC_AllocatedBMDs":15,"PC_AllocatedEPBs":5,"PC_FacilityType":"Private","PC_SupervisorialDistrict":5,"PC_AllocatedSize":"15 - Standard","PC_MaxNumBMDs":68,"PC_MaxNumEPBs":23,"CIC_Number":null,"PC_ElectionID":4348,"Election_Name":"Gubernatorial General Election","Election_Year":2026,"Election_Type":"4","GIS_Publication_Status":"1","PC_ServiceAreaType":"4 Day"}},{"type":"Feature","id":6648,"geometry":{"type":"Point","coordinates":[-118.322759334042,34.0158703824686]},"properties":{"OBJECTID":6648,"globalid":"827f3eaf-c192-471a-91f0-61ead18f29ca","VCID":5931,"PC_AssignedServiceArea":"2900100B","PC_BuildingName":"Tom Bradley Global Awareness Magnet","PC_RoomArea":"Auditorium","PC_BuildingFullAddress":"3875 Dublin Ave Los Angeles, CA 90008","PC_BuildingAddress":"3875 Dublin Ave","PC_BuildingCity":"Los Angeles","PC_BuildingZip":90008,"PC_AllocatedBMDs":15,"PC_AllocatedEPBs":5,"PC_FacilityType":"Public","PC_SupervisorialDistrict":2,"PC_AllocatedSize":"15 - Standard","PC_MaxNumBMDs":40,"PC_MaxNumEPBs":27,"CIC_Number":null,"PC_ElectionID":4348,"Election_Name":"Gubernatorial General Election","Election_Year":2026,"Election_Type":"4","GIS_Publication_Status":"1","PC_ServiceAreaType":"4 Day"}},{"type":"Feature","id":6649,"geometry":{"type":"Point","coordinates":[-118.157347131746,33.7847007835705]},"properties":{"OBJECTID":6649,"globalid":"cfb4c3e4-c354-4c03-9320-04bfa3e435e4","VCID":17071,"PC_AssignedServiceArea":"4385041B","PC_BuildingName":"Orizaba Park","PC_RoomArea":"Activity Room","PC_BuildingFullAddress":"1435 Orizaba Ave Long Beach, CA 90804","PC_BuildingAddress":"1435 Orizaba Ave","PC_BuildingCity":"Long Beach","PC_BuildingZip":90804,"PC_AllocatedBMDs":15,"PC_AllocatedEPBs":5,"PC_FacilityType":"Public","PC_SupervisorialDistrict":4,"PC_AllocatedSize":"15 - Standard","PC_MaxNumBMDs":60,"PC_MaxNumEPBs":17,"CIC_Number":null,"PC_ElectionID":4348,"Election_Name":"Gubernatorial General Election","Election_Year":2026,"Election_Type":"4","GIS_Publication_Status":"1","PC_ServiceAreaType":"4 Day"}},{"type":"Feature","id":6650,"geometry":{"type":"Point","coordinates":[-118.263406985941,33.7884419798908]},"properties":{"OBJECTID":6650,"globalid":"4c032e2a-99df-4b17-bc9b-f3f5941290be","VCID":25203,"PC_AssignedServiceArea":"4900158B","PC_BuildingName":"Machinists Union-Jack Irvining Hall","PC_RoomArea":"Jack Irvining Hall","PC_BuildingFullAddress":"1261 N Avalon Blvd Wilmington, CA 90744","PC_BuildingAddress":"1261 N Avalon Blvd","PC_BuildingCity":"Wilmington","PC_BuildingZip":90744,"PC_AllocatedBMDs":15,"PC_AllocatedEPBs":5,"PC_FacilityType":"Private","PC_SupervisorialDistrict":4,"PC_AllocatedSize":"15 - Standard","PC_MaxNumBMDs":68,"PC_MaxNumEPBs":0,"CIC_Number":null,"PC_ElectionID":4348,"Election_Name":"Gubernatorial General Election","Election_Year":2026,"Election_Type":"4","GIS_Publication_Status":"1","PC_ServiceAreaType":"4 Day"}},{"type":"Feature","id":6651,"geometry":{"type":"Point","coordinates":[-118.29946631693,33.7408808304599]},"properties":{"OBJECTID":6651,"globalid":"73c02fbd-d4de-4e6c-a5f4-847b6c6265a0","VCID":17051,"PC_AssignedServiceArea":"4900150B","PC_BuildingName":"Hinchliffe San Pedro and Peninsula YMCA","PC_RoomArea":"Gymnasium 2nd Floor","PC_BuildingFullAddress":"301 S Bandini St San Pedro, CA 90731","PC_BuildingAddress":"301 S Bandini St","PC_BuildingCity":"San Pedro","PC_BuildingZip":90731,"PC_AllocatedBMDs":25,"PC_AllocatedEPBs":7,"PC_FacilityType":"Private","PC_SupervisorialDistrict":4,"PC_AllocatedSize":"25 - Large","PC_MaxNumBMDs":36,"PC_MaxNumEPBs":7,"CIC_Number":null,"PC_ElectionID":4348,"Election_Name":"Gubernatorial General Election","Election_Year":2026,"Election_Type":"4","GIS_Publication_Status":"1","PC_ServiceAreaType":"4 Day"}},{"type":"Feature","id":6652,"geometry":{"type":"Point","coordinates":[-118.180916836635,33.7845798309136]},"properties":{"OBJECTID":6652,"globalid":"c44574b2-a4e3-42a7-bac6-53c89dd36883","VCID":26179,"PC_AssignedServiceArea":"4385060A","PC_BuildingName":"Christ Second Baptist Church","PC_RoomArea":"Fellowship Hall 1","PC_BuildingFullAddress":"1471 Martin Luther King Jr Ave Long Beach, CA 90813","PC_BuildingAddress":"1471 Martin Luther King Jr Ave","PC_BuildingCity":"Long Beach","PC_BuildingZip":90813,"PC_AllocatedBMDs":15,"PC_AllocatedEPBs":5,"PC_FacilityType":"Private","PC_SupervisorialDistrict":null,"PC_AllocatedSize":"15 - Standard","PC_MaxNumBMDs":100,"PC_MaxNumEPBs":10,"CIC_Number":null,"PC_ElectionID":4348,"Election_Name":"Gubernatorial General Election","Election_Year":2026,"Election_Type":"4","GIS_Publication_Status":"1","PC_ServiceAreaType":"11 Day"}},{"type":"Feature","id":6653,"geometry":{"type":"Point","coordinates":[-118.253914920867,34.114852409842]},"properties":{"OBJECTID":6653,"globalid":"bd714f32-8e1f-4974-a7a8-7ac7e0fc0d1d","VCID":2569,"PC_AssignedServiceArea":"1900133B","PC_BuildingName":"Atwater Avenue Elementary School","PC_RoomArea":"Auditorium","PC_BuildingFullAddress":"3271 Silver Lake Blvd  Los Angeles, CA 90039","PC_BuildingAddress":"3271 Silver Lake Blvd ","PC_BuildingCity":"Los Angeles","PC_BuildingZip":90039,"PC_AllocatedBMDs":25,"PC_AllocatedEPBs":7,"PC_FacilityType":"Public","PC_SupervisorialDistrict":1,"PC_AllocatedSize":"25 - Large","PC_MaxNumBMDs":60,"PC_MaxNumEPBs":11,"CIC_Number":null,"PC_ElectionID":4348,"Election_Name":"Gubernatorial General Election","Election_Year":2026,"Election_Type":"4","GIS_Publication_Status":"1","PC_ServiceAreaType":"4 Day"}},{"type":"Feature","id":6654,"geometry":{"type":"Point","coordinates":[-118.345600391337,34.0976077854851]},"properties":{"OBJECTID":6654,"globalid":"020ed2fb-c071-4e56-8170-df96523ebe0f","VCID":174,"PC_AssignedServiceArea":"3900041B","PC_BuildingName":"Will and Ariel Durant Library","PC_RoomArea":"Community Room","PC_BuildingFullAddress":"7140 W Sunset Blvd Los Angeles, CA 90046","PC_BuildingAddress":"7140 W Sunset Blvd","PC_BuildingCity":"Los Angeles","PC_BuildingZip":90046,"PC_AllocatedBMDs":15,"PC_AllocatedEPBs":5,"PC_FacilityType":"Public","PC_SupervisorialDistrict":null,"PC_AllocatedSize":"15 - Standard","PC_MaxNumBMDs":182,"PC_MaxNumEPBs":39,"CIC_Number":null,"PC_ElectionID":4348,"Election_Name":"Gubernatorial General Election","Election_Year":2026,"Election_Type":"4","GIS_Publication_Status":"1","PC_ServiceAreaType":"4 Day"}},{"type":"Feature","id":6655,"geometry":{"type":"Point","coordinates":[-118.308781610864,33.9670805501631]},"properties":{"OBJECTID":6655,"globalid":"e7f74039-ad7a-4beb-a0ca-d2ed8cdc8e17","VCID":11752,"PC_AssignedServiceArea":"2295010A","PC_BuildingName":"Bethel AME Church LA","PC_RoomArea":"AA Morgan Fellowship Hall","PC_BuildingFullAddress":"7900 S Western Ave Los Angeles, CA 90047","PC_BuildingAddress":"7900 S Western Ave","PC_BuildingCity":"Los Angeles","PC_BuildingZip":90047,"PC_AllocatedBMDs":25,"PC_AllocatedEPBs":7,"PC_FacilityType":"Private","PC_SupervisorialDistrict":2,"PC_AllocatedSize":"25 - Large","PC_MaxNumBMDs":60,"PC_MaxNumEPBs":22,"CIC_Number":null,"PC_ElectionID":4348,"Election_Name":"Gubernatorial General Election","Election_Year":2026,"Election_Type":"4","GIS_Publication_Status":"1","PC_ServiceAreaType":"11 Day"}},{"type":"Feature","id":6656,"geometry":{"type":"Point","coordinates":[-118.210849375802,34.6782358774463]},"properties":{"OBJECTID":6656,"globalid":"714458b4-2034-4db6-ae97-19363833b80b","VCID":14171,"PC_AssignedServiceArea":"5355006B","PC_BuildingName":"Endeavour Middle School","PC_RoomArea":"Gymnasium","PC_BuildingFullAddress":"43755 45th St W  Lancaster, CA 93536","PC_BuildingAddress":"43755 45th St W ","PC_BuildingCity":"Lancaster","PC_BuildingZip":93536,"PC_AllocatedBMDs":25,"PC_AllocatedEPBs":7,"PC_FacilityType":"Public","PC_SupervisorialDistrict":null,"PC_AllocatedSize":"25 - Large","PC_MaxNumBMDs":107,"PC_MaxNumEPBs":7,"CIC_Number":null,"PC_ElectionID":4348,"Election_Name":"Gubernatorial General Election","Election_Year":2026,"Election_Type":"4","GIS_Publication_Status":"1","PC_ServiceAreaType":"4 Day"}},{"type":"Feature","id":6657,"geometry":{"type":"Point","coordinates":[-118.328436302063,33.967936273438]},"properties":{"OBJECTID":6657,"globalid":"02f1d564-e110-45b3-951a-fd295185cd59","VCID":20849,"PC_AssignedServiceArea":"2900082A","PC_BuildingName":"Zion Hill Baptist Church","PC_RoomArea":"Gymnasium","PC_BuildingFullAddress":"7860 10th Ave  Los Angeles, CA 90043","PC_BuildingAddress":"7860 10th Ave ","PC_BuildingCity":"Los Angeles","PC_BuildingZip":90043,"PC_AllocatedBMDs":25,"PC_AllocatedEPBs":7,"PC_FacilityType":"Private","PC_SupervisorialDistrict":null,"PC_AllocatedSize":"25 - Large","PC_MaxNumBMDs":60,"PC_MaxNumEPBs":7,"CIC_Number":null,"PC_ElectionID":4348,"Election_Name":"Gubernatorial General Election","Election_Year":2026,"Election_Type":"4","GIS_Publication_Status":"1","PC_ServiceAreaType":"11 Day"}},{"type":"Feature","id":6658,"geometry":{"type":"Point","coordinates":[-118.304313805767,34.0235438490171]},"properties":{"OBJECTID":6658,"globalid":"4a53a2f0-ab51-46d1-808a-d0a3f0da4281","VCID":35257,"PC_AssignedServiceArea":"2900081A","PC_BuildingName":"Denker Recreation Center","PC_RoomArea":"Multi-Purpose Room","PC_BuildingFullAddress":"1550 W 35th Pl Los Angeles, CA 90018","PC_BuildingAddress":"1550 W 35th Pl","PC_BuildingCity":"Los Angeles","PC_BuildingZip":90018,"PC_AllocatedBMDs":15,"PC_AllocatedEPBs":5,"PC_FacilityType":"Public","PC_SupervisorialDistrict":null,"PC_AllocatedSize":"15 - Standard","PC_MaxNumBMDs":40,"PC_MaxNumEPBs":8,"CIC_Number":null,"PC_ElectionID":4348,"Election_Name":"Gubernatorial General Election","Election_Year":2026,"Election_Type":"4","GIS_Publication_Status":"1","PC_ServiceAreaType":"11 Day"}},{"type":"Feature","id":6659,"geometry":{"type":"Point","coordinates":[-118.286671764373,34.0893758857113]},"properties":{"OBJECTID":6659,"globalid":"8101da72-943e-4daa-b755-69488af04b4a","VCID":14935,"PC_AssignedServiceArea":"1900040A","PC_BuildingName":"The New Presbyterian Church","PC_RoomArea":"Fellowship Hall","PC_BuildingFullAddress":"970 N Virgil Ave  Los Angeles, CA 90029","PC_BuildingAddress":"970 N Virgil Ave ","PC_BuildingCity":"Los Angeles","PC_BuildingZip":90029,"PC_AllocatedBMDs":15,"PC_AllocatedEPBs":5,"PC_FacilityType":"Private","PC_SupervisorialDistrict":1,"PC_AllocatedSize":"15 - Standard","PC_MaxNumBMDs":68,"PC_MaxNumEPBs":59,"CIC_Number":null,"PC_ElectionID":4348,"Election_Name":"Gubernatorial General Election","Election_Year":2026,"Election_Type":"4","GIS_Publication_Status":"1","PC_ServiceAreaType":"11 Day"}},{"type":"Feature","id":6660,"geometry":{"type":"Point","coordinates":[-118.358787730318,33.9374825750539]},"properties":{"OBJECTID":6660,"globalid":"0f5e7ec0-7ac0-4389-bfa7-feb33708e74a","VCID":13378,"PC_AssignedServiceArea":"2295030B","PC_BuildingName":"Lennox Park","PC_RoomArea":"Small Room","PC_BuildingFullAddress":"10828 Condon Ave Lennox, CA 90304","PC_BuildingAddress":"10828 Condon Ave","PC_BuildingCity":"Lennox","PC_BuildingZip":90304,"PC_AllocatedBMDs":15,"PC_AllocatedEPBs":5,"PC_FacilityType":"Public","PC_SupervisorialDistrict":null,"PC_AllocatedSize":"15 - Standard","PC_MaxNumBMDs":40,"PC_MaxNumEPBs":32,"CIC_Number":null,"PC_ElectionID":4348,"Election_Name":"Gubernatorial General Election","Election_Year":2026,"Election_Type":"4","GIS_Publication_Status":"1","PC_ServiceAreaType":"4 Day"}},{"type":"Feature","id":6661,"geometry":{"type":"Point","coordinates":[-118.114030754567,34.1177274399884]},"properties":{"OBJECTID":6661,"globalid":"251b8840-416d-4c11-aea0-c34913e59390","VCID":14193,"PC_AssignedServiceArea":"5620001B","PC_BuildingName":"Huntington Middle School","PC_RoomArea":"Gymnasium","PC_BuildingFullAddress":"1700 Huntington Dr San Marino, CA 91108","PC_BuildingAddress":"1700 Huntington Dr","PC_BuildingCity":"San Marino","PC_BuildingZip":91108,"PC_AllocatedBMDs":25,"PC_AllocatedEPBs":7,"PC_FacilityType":"Public","PC_SupervisorialDistrict":5,"PC_AllocatedSize":"25 - Large","PC_MaxNumBMDs":30,"PC_MaxNumEPBs":111,"CIC_Number":null,"PC_ElectionID":4348,"Election_Name":"Gubernatorial General Election","Election_Year":2026,"Election_Type":"4","GIS_Publication_Status":"1","PC_ServiceAreaType":"4 Day"}},{"type":"Feature","id":6662,"geometry":{"type":"Point","coordinates":[-118.455776886256,34.1496938911613]},"properties":{"OBJECTID":6662,"globalid":"243a6a53-4784-4bd8-8baa-252b5037b0ea","VCID":6103,"PC_AssignedServiceArea":"3900044B","PC_BuildingName":"Sherman Oaks Elementary Charter School","PC_RoomArea":"Auditorium","PC_BuildingFullAddress":"14755 Greenleaf St Sherman Oaks, CA 91403","PC_BuildingAddress":"14755 Greenleaf St","PC_BuildingCity":"Sherman Oaks","PC_BuildingZip":91403,"PC_AllocatedBMDs":15,"PC_AllocatedEPBs":5,"PC_FacilityType":"Public","PC_SupervisorialDistrict":3,"PC_AllocatedSize":"15 - Standard","PC_MaxNumBMDs":68,"PC_MaxNumEPBs":50,"CIC_Number":null,"PC_ElectionID":4348,"Election_Name":"Gubernatorial General Election","Election_Year":2026,"Election_Type":"4","GIS_Publication_Status":"1","PC_ServiceAreaType":"4 Day"}},{"type":"Feature","id":6663,"geometry":{"type":"Point","coordinates":[-117.742032105627,34.0614258801272]},"properties":{"OBJECTID":6663,"globalid":"e60bf2bd-8b7c-4861-9d0a-7b119d603245","VCID":22356,"PC_AssignedServiceArea":"1525041D","PC_BuildingName":"Namgajoo Fellowship Church","PC_RoomArea":"Educational Building","PC_BuildingFullAddress":"375 N Towne Ave Pomona, CA 91767","PC_BuildingAddress":"375 N Towne Ave","PC_BuildingCity":"Pomona","PC_BuildingZip":91767,"PC_AllocatedBMDs":15,"PC_AllocatedEPBs":5,"PC_FacilityType":"Private","PC_SupervisorialDistrict":1,"PC_AllocatedSize":"15 - Standard","PC_MaxNumBMDs":20,"PC_MaxNumEPBs":17,"CIC_Number":null,"PC_ElectionID":4348,"Election_Name":"Gubernatorial General Election","Election_Year":2026,"Election_Type":"4","GIS_Publication_Status":"1","PC_ServiceAreaType":"4 Day"}},{"type":"Feature","id":6664,"geometry":{"type":"Point","coordinates":[-118.061419948754,34.5570336641964]},"properties":{"OBJECTID":6664,"globalid":"2fe906d8-190f-4f7d-9bb2-bc70ebaa5c24","VCID":20921,"PC_AssignedServiceArea":"5500040A","PC_BuildingName":"Palmdale Oasis Park Recreation Center","PC_RoomArea":"Meeting Rooms 2 and 3","PC_BuildingFullAddress":"3850 E Avenue S Palmdale, CA 93550","PC_BuildingAddress":"3850 E Avenue S","PC_BuildingCity":"Palmdale","PC_BuildingZip":93550,"PC_AllocatedBMDs":15,"PC_AllocatedEPBs":5,"PC_FacilityType":"Public","PC_SupervisorialDistrict":5,"PC_AllocatedSize":"15 - Standard","PC_MaxNumBMDs":91,"PC_MaxNumEPBs":null,"CIC_Number":null,"PC_ElectionID":4348,"Election_Name":"Gubernatorial General Election","Election_Year":2026,"Election_Type":"4","GIS_Publication_Status":"1","PC_ServiceAreaType":"11 Day"}},{"type":"Feature","id":6665,"geometry":{"type":"Point","coordinates":[-118.177006256373,33.8705339486753]},"properties":{"OBJECTID":6665,"globalid":"d4694940-7598-4be8-b768-61ccce2061d5","VCID":2266,"PC_AssignedServiceArea":"4385090B","PC_BuildingName":"New Philadelphia AME Church","PC_RoomArea":"Butler Hall","PC_BuildingFullAddress":"6380 Orange Ave Long Beach, CA 90805","PC_BuildingAddress":"6380 Orange Ave","PC_BuildingCity":"Long Beach","PC_BuildingZip":90805,"PC_AllocatedBMDs":15,"PC_AllocatedEPBs":5,"PC_FacilityType":"Private","PC_SupervisorialDistrict":4,"PC_AllocatedSize":"15 - Standard","PC_MaxNumBMDs":25,"PC_MaxNumEPBs":12,"CIC_Number":null,"PC_ElectionID":4348,"Election_Name":"Gubernatorial General Election","Election_Year":2026,"Election_Type":"4","GIS_Publication_Status":"1","PC_ServiceAreaType":"4 Day"}},{"type":"Feature","id":6666,"geometry":{"type":"Point","coordinates":[-118.501288666794,34.1618677949441]},"properties":{"OBJECTID":6666,"globalid":"f9e6cfad-7f74-46c5-9245-9a4e70373739","VCID":35172,"PC_AssignedServiceArea":"3900045B","PC_BuildingName":"Armenian Cultural Fnd-Kitsinian Yth Ctr","PC_RoomArea":"Auditorium","PC_BuildingFullAddress":"5001 Balboa Blvd Encino, CA 91316","PC_BuildingAddress":"5001 Balboa Blvd","PC_BuildingCity":"Encino","PC_BuildingZip":91316,"PC_AllocatedBMDs":15,"PC_AllocatedEPBs":5,"PC_FacilityType":"Private","PC_SupervisorialDistrict":3,"PC_AllocatedSize":"15 - Standard","PC_MaxNumBMDs":66,"PC_MaxNumEPBs":35,"CIC_Number":null,"PC_ElectionID":4348,"Election_Name":"Gubernatorial General Election","Election_Year":2026,"Election_Type":"4","GIS_Publication_Status":"1","PC_ServiceAreaType":"4 Day"}},{"type":"Feature","id":6667,"geometry":{"type":"Point","coordinates":[-118.436042884369,34.053804197647]},"properties":{"OBJECTID":6667,"globalid":"44cecfd4-85c3-498b-a4d1-ebd22ea2f703","VCID":14582,"PC_AssignedServiceArea":"3900058B","PC_BuildingName":"Emerson Community Charter School","PC_RoomArea":"Gymnasium","PC_BuildingFullAddress":"1650 Selby Ave Los Angeles, CA 90024","PC_BuildingAddress":"1650 Selby Ave","PC_BuildingCity":"Los Angeles","PC_BuildingZip":90024,"PC_AllocatedBMDs":45,"PC_AllocatedEPBs":12,"PC_FacilityType":"Public","PC_SupervisorialDistrict":3,"PC_AllocatedSize":"45 - Extra Large","PC_MaxNumBMDs":114,"PC_MaxNumEPBs":23,"CIC_Number":null,"PC_ElectionID":4348,"Election_Name":"Gubernatorial General Election","Election_Year":2026,"Election_Type":"4","GIS_Publication_Status":"1","PC_ServiceAreaType":"4 Day"}},{"type":"Feature","id":6668,"geometry":{"type":"Point","coordinates":[-118.156198349123,34.0006332568474]},"properties":{"OBJECTID":6668,"globalid":"4e3a820d-4f90-4304-b6a4-dbc4168d0f13","VCID":35397,"PC_AssignedServiceArea":"4143000A","PC_BuildingName":"City of Commerce City Hall","PC_RoomArea":"Community Services Conf Rooms A and B","PC_BuildingFullAddress":"2535 Commerce Way Commerce, CA 90040","PC_BuildingAddress":"2535 Commerce Way","PC_BuildingCity":"Commerce","PC_BuildingZip":90040,"PC_AllocatedBMDs":15,"PC_AllocatedEPBs":5,"PC_FacilityType":"Public","PC_SupervisorialDistrict":null,"PC_AllocatedSize":"15 - Standard","PC_MaxNumBMDs":null,"PC_MaxNumEPBs":null,"CIC_Number":null,"PC_ElectionID":4348,"Election_Name":"Gubernatorial General Election","Election_Year":2026,"Election_Type":"4","GIS_Publication_Status":"1","PC_ServiceAreaType":"11 Day"}},{"type":"Feature","id":6669,"geometry":{"type":"Point","coordinates":[-118.010505533767,33.9050930173202]},"properties":{"OBJECTID":6669,"globalid":"6b962f78-863c-4774-b69a-a262d13f2279","VCID":11713,"PC_AssignedServiceArea":"4330050A","PC_BuildingName":"La Mirada Activity Center","PC_RoomArea":"Upstairs Meeting Room","PC_BuildingFullAddress":"13810 La Mirada Blvd La Mirada, CA 90638","PC_BuildingAddress":"13810 La Mirada Blvd","PC_BuildingCity":"La Mirada","PC_BuildingZip":90638,"PC_AllocatedBMDs":25,"PC_AllocatedEPBs":7,"PC_FacilityType":"Public","PC_SupervisorialDistrict":4,"PC_AllocatedSize":"25 - Large","PC_MaxNumBMDs":182,"PC_MaxNumEPBs":63,"CIC_Number":null,"PC_ElectionID":4348,"Election_Name":"Gubernatorial General Election","Election_Year":2026,"Election_Type":"4","GIS_Publication_Status":"1","PC_ServiceAreaType":"11 Day"}},{"type":"Feature","id":6670,"geometry":{"type":"Point","coordinates":[-118.145084399503,34.0681690838856]},"properties":{"OBJECTID":6670,"globalid":"39e583ca-de1c-48c6-9421-4e2922a308b8","VCID":12865,"PC_AssignedServiceArea":"1015041B","PC_BuildingName":"Granada Park","PC_RoomArea":"Activity Room","PC_BuildingFullAddress":"2000 W Hellman Ave Alhambra, CA 91803","PC_BuildingAddress":"2000 W Hellman Ave","PC_BuildingCity":"Alhambra","PC_BuildingZip":91803,"PC_AllocatedBMDs":15,"PC_AllocatedEPBs":5,"PC_FacilityType":"Public","PC_SupervisorialDistrict":1,"PC_AllocatedSize":"15 - Standard","PC_MaxNumBMDs":60,"PC_MaxNumEPBs":17,"CIC_Number":null,"PC_ElectionID":4348,"Election_Name":"Gubernatorial General Election","Election_Year":2026,"Election_Type":"4","GIS_Publication_Status":"1","PC_ServiceAreaType":"4 Day"}},{"type":"Feature","id":6671,"geometry":{"type":"Point","coordinates":[-118.190992024467,33.9786675899301]},"properties":{"OBJECTID":6671,"globalid":"a63b08da-89bf-4e15-a03b-4f1147d7bc01","VCID":11791,"PC_AssignedServiceArea":"4285000A","PC_BuildingName":"El Hussein Community Center","PC_RoomArea":"Youth Center","PC_BuildingFullAddress":"4313 Gage Ave Bell, CA 90201","PC_BuildingAddress":"4313 Gage Ave","PC_BuildingCity":"Bell","PC_BuildingZip":90201,"PC_AllocatedBMDs":15,"PC_AllocatedEPBs":5,"PC_FacilityType":"Private","PC_SupervisorialDistrict":4,"PC_AllocatedSize":"15 - Standard","PC_MaxNumBMDs":68,"PC_MaxNumEPBs":27,"CIC_Number":null,"PC_ElectionID":4348,"Election_Name":"Gubernatorial General Election","Election_Year":2026,"Election_Type":"4","GIS_Publication_Status":"1","PC_ServiceAreaType":"11 Day"}},{"type":"Feature","id":6672,"geometry":{"type":"Point","coordinates":[-118.246048237996,34.0566921695694]},"properties":{"OBJECTID":6672,"globalid":"d56115c9-039a-45f9-892a-cacaca85cb96","VCID":20938,"PC_AssignedServiceArea":"1900013B","PC_BuildingName":"Kenneth Hahn Hall of Administration","PC_RoomArea":"2nd Floor Lobby","PC_BuildingFullAddress":"500 W Temple St Los Angeles, CA 90012","PC_BuildingAddress":"500 W Temple St","PC_BuildingCity":"Los Angeles","PC_BuildingZip":90012,"PC_AllocatedBMDs":15,"PC_AllocatedEPBs":5,"PC_FacilityType":"Public","PC_SupervisorialDistrict":1,"PC_AllocatedSize":"15 - Standard","PC_MaxNumBMDs":50,"PC_MaxNumEPBs":7,"CIC_Number":null,"PC_ElectionID":4348,"Election_Name":"Gubernatorial General Election","Election_Year":2026,"Election_Type":"4","GIS_Publication_Status":"1","PC_ServiceAreaType":"4 Day"}},{"type":"Feature","id":6673,"geometry":{"type":"Point","coordinates":[-118.174379641611,33.7908840912721]},"properties":{"OBJECTID":6673,"globalid":"27a254da-5cb1-4a96-8503-bc5ce9bfea70","VCID":19595,"PC_AssignedServiceArea":"4385040B","PC_BuildingName":"LBCC Trades-Tech-Comm Learning Campus","PC_RoomArea":"Room GG238","PC_BuildingFullAddress":"1305 E Pacific Coast Hwy Long Beach, CA 90806","PC_BuildingAddress":"1305 E Pacific Coast Hwy","PC_BuildingCity":"Long Beach","PC_BuildingZip":90806,"PC_AllocatedBMDs":15,"PC_AllocatedEPBs":7,"PC_FacilityType":"Public","PC_SupervisorialDistrict":4,"PC_AllocatedSize":"15 - Large","PC_MaxNumBMDs":130,"PC_MaxNumEPBs":15,"CIC_Number":null,"PC_ElectionID":4348,"Election_Name":"Gubernatorial General Election","Election_Year":2026,"Election_Type":"4","GIS_Publication_Status":"1","PC_ServiceAreaType":"4 Day"}},{"type":"Feature","id":6674,"geometry":{"type":"Point","coordinates":[-117.827637032545,34.6393267492373]},"properties":{"OBJECTID":6674,"globalid":"586fce44-4498-4790-810e-ce21bb58a7ea","VCID":21015,"PC_AssignedServiceArea":"5790002B","PC_BuildingName":"Wilsona Elementary School","PC_RoomArea":"Rooms S11 and S13","PC_BuildingFullAddress":"16845 E Avenue M 8 Lake Los Angeles, CA 93535","PC_BuildingAddress":"16845 E Avenue M 8","PC_BuildingCity":"Lake Los Angeles","PC_BuildingZip":93535,"PC_AllocatedBMDs":15,"PC_AllocatedEPBs":5,"PC_FacilityType":"Public","PC_SupervisorialDistrict":null,"PC_AllocatedSize":"15 - Standard","PC_MaxNumBMDs":null,"PC_MaxNumEPBs":null,"CIC_Number":null,"PC_ElectionID":4348,"Election_Name":"Gubernatorial General Election","Election_Year":2026,"Election_Type":"4","GIS_Publication_Status":"1","PC_ServiceAreaType":"4 Day"}},{"type":"Feature","id":6675,"geometry":{"type":"Point","coordinates":[-117.797917304548,34.0328325807901]},"properties":{"OBJECTID":6675,"globalid":"e1d2e6c0-0267-4c1f-9da6-76f97b06e5be","VCID":35063,"PC_AssignedServiceArea":"1525051B","PC_BuildingName":"Diamond Point Center","PC_RoomArea":"Multi-Purpose Room","PC_BuildingFullAddress":"24150 Sunset Crossing Rd Diamond Bar, CA 91765","PC_BuildingAddress":"24150 Sunset Crossing Rd","PC_BuildingCity":"Diamond Bar","PC_BuildingZip":91765,"PC_AllocatedBMDs":15,"PC_AllocatedEPBs":5,"PC_FacilityType":"Public","PC_SupervisorialDistrict":1,"PC_AllocatedSize":"15 - Standard","PC_MaxNumBMDs":90,"PC_MaxNumEPBs":13,"CIC_Number":null,"PC_ElectionID":4348,"Election_Name":"Gubernatorial General Election","Election_Year":2026,"Election_Type":"4","GIS_Publication_Status":"1","PC_ServiceAreaType":"4 Day"}},{"type":"Feature","id":6676,"geometry":{"type":"Point","coordinates":[-118.19435991413,33.7690434783716]},"properties":{"OBJECTID":6676,"globalid":"b49be67a-b68f-4130-b9a1-fe0b42eba654","VCID":17645,"PC_AssignedServiceArea":"4900153B","PC_BuildingName":"Billie Jean King Main Library","PC_RoomArea":"Meeting Room A","PC_BuildingFullAddress":"200 W Broadway Blvd Long Beach, CA 90802","PC_BuildingAddress":"200 W Broadway Blvd","PC_BuildingCity":"Long Beach","PC_BuildingZip":90802,"PC_AllocatedBMDs":15,"PC_AllocatedEPBs":5,"PC_FacilityType":"Public","PC_SupervisorialDistrict":4,"PC_AllocatedSize":"15 - Standard","PC_MaxNumBMDs":200,"PC_MaxNumEPBs":44,"CIC_Number":null,"PC_ElectionID":4348,"Election_Name":"Gubernatorial General Election","Election_Year":2026,"Election_Type":"4","GIS_Publication_Status":"1","PC_ServiceAreaType":"4 Day"}},{"type":"Feature","id":6677,"geometry":{"type":"Point","coordinates":[-118.419267683897,34.0309692234119]},"properties":{"OBJECTID":6677,"globalid":"fbf0f2d8-47a0-4228-bacf-804605e84e7e","VCID":14108,"PC_AssignedServiceArea":"3900054B","PC_BuildingName":"Redeemer Christian Academy","PC_RoomArea":"Fellowship Hall","PC_BuildingFullAddress":"10792 National Blvd Los Angeles, CA 90064","PC_BuildingAddress":"10792 National Blvd","PC_BuildingCity":"Los Angeles","PC_BuildingZip":90064,"PC_AllocatedBMDs":15,"PC_AllocatedEPBs":5,"PC_FacilityType":"Private","PC_SupervisorialDistrict":3,"PC_AllocatedSize":"15 - Standard","PC_MaxNumBMDs":70,"PC_MaxNumEPBs":60,"CIC_Number":null,"PC_ElectionID":4348,"Election_Name":"Gubernatorial General Election","Election_Year":2026,"Election_Type":"4","GIS_Publication_Status":"1","PC_ServiceAreaType":"4 Day"}},{"type":"Feature","id":6678,"geometry":{"type":"Point","coordinates":[-117.785910341005,34.0653783046858]},"properties":{"OBJECTID":6678,"globalid":"b6c453a4-2748-40ba-a177-5e4bbc4ef411","VCID":35373,"PC_AssignedServiceArea":"1525050B","PC_BuildingName":"John Marshall Middle School","PC_RoomArea":"Multi-Purpose Room","PC_BuildingFullAddress":"1921 Arroyo Ave Pomona, CA 91768","PC_BuildingAddress":"1921 Arroyo Ave","PC_BuildingCity":"Pomona","PC_BuildingZip":91768,"PC_AllocatedBMDs":15,"PC_AllocatedEPBs":5,"PC_FacilityType":"Public","PC_SupervisorialDistrict":1,"PC_AllocatedSize":"15 - Standard","PC_MaxNumBMDs":84,"PC_MaxNumEPBs":25,"CIC_Number":null,"PC_ElectionID":4348,"Election_Name":"Gubernatorial General Election","Election_Year":2026,"Election_Type":"4","GIS_Publication_Status":"1","PC_ServiceAreaType":"4 Day"}},{"type":"Feature","id":6679,"geometry":{"type":"Point","coordinates":[-118.335867232298,33.8725911386451]},"properties":{"OBJECTID":6679,"globalid":"af3e8172-4cf6-406f-bc1b-dfc70198bbd8","VCID":20237,"PC_AssignedServiceArea":"2555040B","PC_BuildingName":"Herma Tillim Senior Center","PC_RoomArea":"Comm Room and Early Childhood Ed Room","PC_BuildingFullAddress":"3612 Artesia Blvd Torrance, CA 90504","PC_BuildingAddress":"3612 Artesia Blvd","PC_BuildingCity":"Torrance","PC_BuildingZip":90504,"PC_AllocatedBMDs":15,"PC_AllocatedEPBs":5,"PC_FacilityType":"Public","PC_SupervisorialDistrict":4,"PC_AllocatedSize":"15 - Standard","PC_MaxNumBMDs":null,"PC_MaxNumEPBs":null,"CIC_Number":null,"PC_ElectionID":4348,"Election_Name":"Gubernatorial General Election","Election_Year":2026,"Election_Type":"4","GIS_Publication_Status":"1","PC_ServiceAreaType":"4 Day"}},{"type":"Feature","id":6680,"geometry":{"type":"Point","coordinates":[-118.218585462814,33.9444655631484]},"properties":{"OBJECTID":6680,"globalid":"bca42701-6ae4-4386-95f4-b6097381d646","VCID":2470,"PC_AssignedServiceArea":"4399001B","PC_BuildingName":"Montara Avenue Elementary School","PC_RoomArea":"Multi-Purpose Room","PC_BuildingFullAddress":"10018 Montara Ave South Gate, CA 90280","PC_BuildingAddress":"10018 Montara Ave","PC_BuildingCity":"South Gate","PC_BuildingZip":90280,"PC_AllocatedBMDs":15,"PC_AllocatedEPBs":5,"PC_FacilityType":"Public","PC_SupervisorialDistrict":4,"PC_AllocatedSize":"15 - Standard","PC_MaxNumBMDs":68,"PC_MaxNumEPBs":47,"CIC_Number":null,"PC_ElectionID":4348,"Election_Name":"Gubernatorial General Election","Election_Year":2026,"Election_Type":"4","GIS_Publication_Status":"1","PC_ServiceAreaType":"4 Day"}},{"type":"Feature","id":6681,"geometry":{"type":"Point","coordinates":[-118.356958410499,33.893257242438]},"properties":{"OBJECTID":6681,"globalid":"bcdbb0ea-1e9b-4d83-b72f-61001c18c4d0","VCID":11826,"PC_AssignedServiceArea":"2365000B","PC_BuildingName":"Jane Addams Middle School","PC_RoomArea":"Gymnasium","PC_BuildingFullAddress":"4535 W 153rd Pl Lawndale, CA 90260","PC_BuildingAddress":"4535 W 153rd Pl","PC_BuildingCity":"Lawndale","PC_BuildingZip":90260,"PC_AllocatedBMDs":25,"PC_AllocatedEPBs":7,"PC_FacilityType":"Public","PC_SupervisorialDistrict":2,"PC_AllocatedSize":"25 - Large","PC_MaxNumBMDs":30,"PC_MaxNumEPBs":33,"CIC_Number":null,"PC_ElectionID":4348,"Election_Name":"Gubernatorial General Election","Election_Year":2026,"Election_Type":"4","GIS_Publication_Status":"1","PC_ServiceAreaType":"4 Day"}},{"type":"Feature","id":6682,"geometry":{"type":"Point","coordinates":[-118.325150608295,34.094078068181]},"properties":{"OBJECTID":6682,"globalid":"ad8da6d6-02b6-4b91-9e41-77d523638cd5","VCID":13137,"PC_AssignedServiceArea":"3900133F","PC_BuildingName":"Hollywood Fountain South","PC_RoomArea":"Community Room","PC_BuildingFullAddress":"6222 Fountain Ave Los Angeles, CA 90028","PC_BuildingAddress":"6222 Fountain Ave","PC_BuildingCity":"Los Angeles","PC_BuildingZip":90028,"PC_AllocatedBMDs":15,"PC_AllocatedEPBs":5,"PC_FacilityType":"Private","PC_SupervisorialDistrict":3,"PC_AllocatedSize":"15 - Standard","PC_MaxNumBMDs":111,"PC_MaxNumEPBs":35,"CIC_Number":null,"PC_ElectionID":4348,"Election_Name":"Gubernatorial General Election","Election_Year":2026,"Election_Type":"4","GIS_Publication_Status":"1","PC_ServiceAreaType":"4 Day"}},{"type":"Feature","id":6683,"geometry":{"type":"Point","coordinates":[-117.761258485993,34.1018590081801]},"properties":{"OBJECTID":6683,"globalid":"86e71f5d-5284-4d92-a64d-09ec0be71dd9","VCID":23932,"PC_AssignedServiceArea":"5340011B","PC_BuildingName":"Lighthouse Baptist Church","PC_RoomArea":"Youth Room","PC_BuildingFullAddress":"2600 N White Ave La Verne, CA 91750","PC_BuildingAddress":"2600 N White Ave","PC_BuildingCity":"La Verne","PC_BuildingZip":91750,"PC_AllocatedBMDs":15,"PC_AllocatedEPBs":5,"PC_FacilityType":"Private","PC_SupervisorialDistrict":5,"PC_AllocatedSize":"15 - Standard","PC_MaxNumBMDs":68,"PC_MaxNumEPBs":5,"CIC_Number":null,"PC_ElectionID":4348,"Election_Name":"Gubernatorial General Election","Election_Year":2026,"Election_Type":"4","GIS_Publication_Status":"1","PC_ServiceAreaType":"4 Day"}},{"type":"Feature","id":6684,"geometry":{"type":"Point","coordinates":[-118.39470320208,34.0061426750262]},"properties":{"OBJECTID":6684,"globalid":"45464fe3-405a-45b5-be93-452eaac200ad","VCID":12670,"PC_AssignedServiceArea":"2343001B","PC_BuildingName":"Rotary Plaza","PC_RoomArea":"Community Room","PC_BuildingFullAddress":"5100 Overland Ave Culver City, CA 90230","PC_BuildingAddress":"5100 Overland Ave","PC_BuildingCity":"Culver City","PC_BuildingZip":90230,"PC_AllocatedBMDs":15,"PC_AllocatedEPBs":5,"PC_FacilityType":"Private","PC_SupervisorialDistrict":2,"PC_AllocatedSize":"15 - Standard","PC_MaxNumBMDs":60,"PC_MaxNumEPBs":0,"CIC_Number":null,"PC_ElectionID":4348,"Election_Name":"Gubernatorial General Election","Election_Year":2026,"Election_Type":"4","GIS_Publication_Status":"1","PC_ServiceAreaType":"4 Day"}},{"type":"Feature","id":6685,"geometry":{"type":"Point","coordinates":[-118.483793888405,34.4621012063826]},"properties":{"OBJECTID":6685,"globalid":"dfaff2f0-d180-44cd-8961-35c3bd3009b8","VCID":18155,"PC_AssignedServiceArea":"5622009B","PC_BuildingName":"Islamic Center of Santa Clarita Valley","PC_RoomArea":"Multi-Purpose Room","PC_BuildingFullAddress":"28877 Bouquet Canyon Rd Santa Clarita, CA 91390","PC_BuildingAddress":"28877 Bouquet Canyon Rd","PC_BuildingCity":"Santa Clarita","PC_BuildingZip":91390,"PC_AllocatedBMDs":15,"PC_AllocatedEPBs":5,"PC_FacilityType":"Private","PC_SupervisorialDistrict":null,"PC_AllocatedSize":"15 - Standard","PC_MaxNumBMDs":40,"PC_MaxNumEPBs":72,"CIC_Number":null,"PC_ElectionID":4348,"Election_Name":"Gubernatorial General Election","Election_Year":2026,"Election_Type":"4","GIS_Publication_Status":"1","PC_ServiceAreaType":"4 Day"}},{"type":"Feature","id":6686,"geometry":{"type":"Point","coordinates":[-118.202313757496,33.771637459608]},"properties":{"OBJECTID":6686,"globalid":"a7c69d48-3b41-4041-a88b-7d0a4685527b","VCID":3347,"PC_AssignedServiceArea":"4385011B","PC_BuildingName":"Cesar E Chavez Park","PC_RoomArea":"Social Hall","PC_BuildingFullAddress":"401 Golden Ave  Long Beach, CA 90802","PC_BuildingAddress":"401 Golden Ave ","PC_BuildingCity":"Long Beach","PC_BuildingZip":90802,"PC_AllocatedBMDs":15,"PC_AllocatedEPBs":5,"PC_FacilityType":"Public","PC_SupervisorialDistrict":4,"PC_AllocatedSize":"15 - Standard","PC_MaxNumBMDs":114,"PC_MaxNumEPBs":0,"CIC_Number":null,"PC_ElectionID":4348,"Election_Name":"Gubernatorial General Election","Election_Year":2026,"Election_Type":"4","GIS_Publication_Status":"1","PC_ServiceAreaType":"4 Day"}},{"type":"Feature","id":6687,"geometry":{"type":"Point","coordinates":[-118.552988630731,34.2513629788613]},"properties":{"OBJECTID":6687,"globalid":"c106011e-dafb-4435-9764-8da5836b4fb0","VCID":13397,"PC_AssignedServiceArea":"3900128B","PC_BuildingName":"Alfred B Nobel Charter Middle School","PC_RoomArea":"Parent Center Room 2","PC_BuildingFullAddress":"9950 Tampa Ave Northridge, CA 91324","PC_BuildingAddress":"9950 Tampa Ave","PC_BuildingCity":"Northridge","PC_BuildingZip":91324,"PC_AllocatedBMDs":15,"PC_AllocatedEPBs":5,"PC_FacilityType":"Public","PC_SupervisorialDistrict":3,"PC_AllocatedSize":"15 - Standard","PC_MaxNumBMDs":105,"PC_MaxNumEPBs":28,"CIC_Number":null,"PC_ElectionID":4348,"Election_Name":"Gubernatorial General Election","Election_Year":2026,"Election_Type":"4","GIS_Publication_Status":"1","PC_ServiceAreaType":"4 Day"}},{"type":"Feature","id":6688,"geometry":{"type":"Point","coordinates":[-118.186333683673,34.1139088489596]},"properties":{"OBJECTID":6688,"globalid":"3681e700-0174-4d7e-b717-39d2d0588f66","VCID":9588,"PC_AssignedServiceArea":"1900141A","PC_BuildingName":"Arroyo Seco Library","PC_RoomArea":"Meeting Room","PC_BuildingFullAddress":"6145 N Figueroa St Los Angeles, CA 90042","PC_BuildingAddress":"6145 N Figueroa St","PC_BuildingCity":"Los Angeles","PC_BuildingZip":90042,"PC_AllocatedBMDs":15,"PC_AllocatedEPBs":5,"PC_FacilityType":"Public","PC_SupervisorialDistrict":1,"PC_AllocatedSize":"15 - Standard","PC_MaxNumBMDs":65,"PC_MaxNumEPBs":39,"CIC_Number":null,"PC_ElectionID":4348,"Election_Name":"Gubernatorial General Election","Election_Year":2026,"Election_Type":"4","GIS_Publication_Status":"1","PC_ServiceAreaType":"11 Day"}},{"type":"Feature","id":6689,"geometry":{"type":"Point","coordinates":[-118.222258655726,34.08826700923]},"properties":{"OBJECTID":6689,"globalid":"a10d7b7e-f355-44fa-914e-80e7c3b48280","VCID":26783,"PC_AssignedServiceArea":"1900010A","PC_BuildingName":"Divine Saviour Roman Catholic Church","PC_RoomArea":"Main Hall","PC_BuildingFullAddress":"610 Cypress Ave Los Angeles, CA 90065","PC_BuildingAddress":"610 Cypress Ave","PC_BuildingCity":"Los Angeles","PC_BuildingZip":90065,"PC_AllocatedBMDs":35,"PC_AllocatedEPBs":9,"PC_FacilityType":"Private","PC_SupervisorialDistrict":1,"PC_AllocatedSize":"35 - Extra Large","PC_MaxNumBMDs":89,"PC_MaxNumEPBs":18,"CIC_Number":null,"PC_ElectionID":4348,"Election_Name":"Gubernatorial General Election","Election_Year":2026,"Election_Type":"4","GIS_Publication_Status":"1","PC_ServiceAreaType":"11 Day"}},{"type":"Feature","id":6690,"geometry":{"type":"Point","coordinates":[-118.385169804967,34.0814493263405]},"properties":{"OBJECTID":6690,"globalid":"63ad7b57-6c4d-4950-a402-511afbd4f2af","VCID":20975,"PC_AssignedServiceArea":"3775002B","PC_BuildingName":"West Hollywood Aquatic-Recreation Ctr","PC_RoomArea":"La Cienega and San Vicente Rooms","PC_BuildingFullAddress":"8750 El Tovar Pl West Hollywood, CA 90069","PC_BuildingAddress":"8750 El Tovar Pl","PC_BuildingCity":"West Hollywood","PC_BuildingZip":90069,"PC_AllocatedBMDs":15,"PC_AllocatedEPBs":7,"PC_FacilityType":"Public","PC_SupervisorialDistrict":3,"PC_AllocatedSize":"15 - Large","PC_MaxNumBMDs":181,"PC_MaxNumEPBs":20,"CIC_Number":null,"PC_ElectionID":4348,"Election_Name":"Gubernatorial General Election","Election_Year":2026,"Election_Type":"4","GIS_Publication_Status":"1","PC_ServiceAreaType":"4 Day"}},{"type":"Feature","id":6691,"geometry":{"type":"Point","coordinates":[-118.201343194863,33.9441454271201]},"properties":{"OBJECTID":6691,"globalid":"99d1a59f-b6e8-4b85-94df-3ffa655073c6","VCID":13264,"PC_AssignedServiceArea":"4655005B","PC_BuildingName":"Leland R Weaver Library","PC_RoomArea":"Meeting Room","PC_BuildingFullAddress":"4035 Tweedy Blvd South Gate, CA 90280","PC_BuildingAddress":"4035 Tweedy Blvd","PC_BuildingCity":"South Gate","PC_BuildingZip":90280,"PC_AllocatedBMDs":15,"PC_AllocatedEPBs":5,"PC_FacilityType":"Public","PC_SupervisorialDistrict":4,"PC_AllocatedSize":"15 - Standard","PC_MaxNumBMDs":40,"PC_MaxNumEPBs":45,"CIC_Number":null,"PC_ElectionID":4348,"Election_Name":"Gubernatorial General Election","Election_Year":2026,"Election_Type":"4","GIS_Publication_Status":"1","PC_ServiceAreaType":"4 Day"}},{"type":"Feature","id":6692,"geometry":{"type":"Point","coordinates":[-118.333918645372,34.1913723408735]},"properties":{"OBJECTID":6692,"globalid":"54ac990b-83a6-46cd-9ae3-0d3d96a5ff69","VCID":14158,"PC_AssignedServiceArea":"5095002B","PC_BuildingName":"Courtyard Los Angeles Burbank Airport","PC_RoomArea":"Empire Ballroom","PC_BuildingFullAddress":"2100 W Empire Ave Burbank, CA 91504","PC_BuildingAddress":"2100 W Empire Ave","PC_BuildingCity":"Burbank","PC_BuildingZip":91504,"PC_AllocatedBMDs":15,"PC_AllocatedEPBs":5,"PC_FacilityType":"Private","PC_SupervisorialDistrict":5,"PC_AllocatedSize":"15 - Standard","PC_MaxNumBMDs":114,"PC_MaxNumEPBs":11,"CIC_Number":null,"PC_ElectionID":4348,"Election_Name":"Gubernatorial General Election","Election_Year":2026,"Election_Type":"4","GIS_Publication_Status":"1","PC_ServiceAreaType":"4 Day"}},{"type":"Feature","id":6693,"geometry":{"type":"Point","coordinates":[-118.524254021969,34.2243683369782]},"properties":{"OBJECTID":6693,"globalid":"4e52af6e-f25e-4e3c-bd48-b138522a1b7a","VCID":14999,"PC_AssignedServiceArea":"3900121B","PC_BuildingName":"Northridge Middle School","PC_RoomArea":"Multi-Purpose Room","PC_BuildingFullAddress":"17960 Chase St Northridge, CA 91325","PC_BuildingAddress":"17960 Chase St","PC_BuildingCity":"Northridge","PC_BuildingZip":91325,"PC_AllocatedBMDs":35,"PC_AllocatedEPBs":9,"PC_FacilityType":"Public","PC_SupervisorialDistrict":3,"PC_AllocatedSize":"35 - Extra Large","PC_MaxNumBMDs":35,"PC_MaxNumEPBs":45,"CIC_Number":null,"PC_ElectionID":4348,"Election_Name":"Gubernatorial General Election","Election_Year":2026,"Election_Type":"4","GIS_Publication_Status":"1","PC_ServiceAreaType":"4 Day"}},{"type":"Feature","id":6694,"geometry":{"type":"Point","coordinates":[-118.003280658838,34.0819233852782]},"properties":{"OBJECTID":6694,"globalid":"45b52e6f-0d8f-4ddc-9154-82098c102eaa","VCID":17140,"PC_AssignedServiceArea":"1210021B","PC_BuildingName":"Durfee Elementary-Middle School","PC_RoomArea":"Staff Training Room","PC_BuildingFullAddress":"12233 Star St El Monte, CA 91732","PC_BuildingAddress":"12233 Star St","PC_BuildingCity":"El Monte","PC_BuildingZip":91732,"PC_AllocatedBMDs":15,"PC_AllocatedEPBs":5,"PC_FacilityType":"Public","PC_SupervisorialDistrict":1,"PC_AllocatedSize":"15 - Standard","PC_MaxNumBMDs":251,"PC_MaxNumEPBs":7,"CIC_Number":null,"PC_ElectionID":4348,"Election_Name":"Gubernatorial General Election","Election_Year":2026,"Election_Type":"4","GIS_Publication_Status":"1","PC_ServiceAreaType":"4 Day"}},{"type":"Feature","id":6695,"geometry":{"type":"Point","coordinates":[-118.352250583305,33.9384448706592]},"properties":{"OBJECTID":6695,"globalid":"7d7203b7-f3cc-46d0-8488-d580c031d62e","VCID":13265,"PC_AssignedServiceArea":"2295040B","PC_BuildingName":"Lennox Library","PC_RoomArea":"Meeting Room","PC_BuildingFullAddress":"4359 Lennox Blvd Lennox, CA 90304","PC_BuildingAddress":"4359 Lennox Blvd","PC_BuildingCity":"Lennox","PC_BuildingZip":90304,"PC_AllocatedBMDs":15,"PC_AllocatedEPBs":5,"PC_FacilityType":"Public","PC_SupervisorialDistrict":null,"PC_AllocatedSize":"15 - Standard","PC_MaxNumBMDs":137,"PC_MaxNumEPBs":43,"CIC_Number":null,"PC_ElectionID":4348,"Election_Name":"Gubernatorial General Election","Election_Year":2026,"Election_Type":"4","GIS_Publication_Status":"1","PC_ServiceAreaType":"4 Day"}},{"type":"Feature","id":6696,"geometry":{"type":"Point","coordinates":[-117.902735920855,33.9797625660563]},"properties":{"OBJECTID":6696,"globalid":"5f331f81-e781-407f-a0da-0b57227e3c73","VCID":143,"PC_AssignedServiceArea":"1585000A","PC_BuildingName":"Carolyn Rosas Park","PC_RoomArea":"Meeting Room","PC_BuildingFullAddress":"18500 Farjardo St Rowland Heights, CA 91748","PC_BuildingAddress":"18500 Farjardo St","PC_BuildingCity":"Rowland Heights","PC_BuildingZip":91748,"PC_AllocatedBMDs":15,"PC_AllocatedEPBs":5,"PC_FacilityType":"Public","PC_SupervisorialDistrict":1,"PC_AllocatedSize":"15 - Standard","PC_MaxNumBMDs":68,"PC_MaxNumEPBs":14,"CIC_Number":null,"PC_ElectionID":4348,"Election_Name":"Gubernatorial General Election","Election_Year":2026,"Election_Type":"4","GIS_Publication_Status":"1","PC_ServiceAreaType":"11 Day"}},{"type":"Feature","id":6697,"geometry":{"type":"Point","coordinates":[-118.206256342464,33.8711506203844]},"properties":{"OBJECTID":6697,"globalid":"2fdf3ebd-b409-48b8-95c5-875857abc951","VCID":20943,"PC_AssignedServiceArea":"4385091B","PC_BuildingName":"Long Beach School for Adults","PC_RoomArea":"Building D Multi-Purpose Room","PC_BuildingFullAddress":"171 W Bort St Long Beach, CA 90805","PC_BuildingAddress":"171 W Bort St","PC_BuildingCity":"Long Beach","PC_BuildingZip":90805,"PC_AllocatedBMDs":15,"PC_AllocatedEPBs":5,"PC_FacilityType":"Public","PC_SupervisorialDistrict":4,"PC_AllocatedSize":"15 - Standard","PC_MaxNumBMDs":91,"PC_MaxNumEPBs":43,"CIC_Number":null,"PC_ElectionID":4348,"Election_Name":"Gubernatorial General Election","Election_Year":2026,"Election_Type":"4","GIS_Publication_Status":"1","PC_ServiceAreaType":"4 Day"}},{"type":"Feature","id":6698,"geometry":{"type":"Point","coordinates":[-117.952645899852,34.5676690344568]},"properties":{"OBJECTID":6698,"globalid":"b8bdf2b5-6639-450b-bcaf-ebee5d665a0f","VCID":11727,"PC_AssignedServiceArea":"5370001F","PC_BuildingName":"Living Stone Cathedral of Worship","PC_RoomArea":"Fellowship Hall","PC_BuildingFullAddress":"37721 100th St E Littlerock, CA 93543","PC_BuildingAddress":"37721 100th St E","PC_BuildingCity":"Littlerock","PC_BuildingZip":93543,"PC_AllocatedBMDs":15,"PC_AllocatedEPBs":5,"PC_FacilityType":"Private","PC_SupervisorialDistrict":5,"PC_AllocatedSize":"15 - Standard","PC_MaxNumBMDs":80,"PC_MaxNumEPBs":19,"CIC_Number":null,"PC_ElectionID":4348,"Election_Name":"Gubernatorial General Election","Election_Year":2026,"Election_Type":"4","GIS_Publication_Status":"1","PC_ServiceAreaType":"4 Day"}},{"type":"Feature","id":6699,"geometry":{"type":"Point","coordinates":[-118.099079461816,34.1402155564054]},"properties":{"OBJECTID":6699,"globalid":"dbfce5a9-33a3-4819-8413-46014cc4c1a6","VCID":12803,"PC_AssignedServiceArea":"5515071A","PC_BuildingName":"Armenian Cilicia Evangelical Church","PC_RoomArea":"Derian Hall","PC_BuildingFullAddress":"339 S Santa Anita Ave Pasadena, CA 91107","PC_BuildingAddress":"339 S Santa Anita Ave","PC_BuildingCity":"Pasadena","PC_BuildingZip":91107,"PC_AllocatedBMDs":25,"PC_AllocatedEPBs":7,"PC_FacilityType":"Private","PC_SupervisorialDistrict":5,"PC_AllocatedSize":"25 - Large","PC_MaxNumBMDs":205,"PC_MaxNumEPBs":7,"CIC_Number":null,"PC_ElectionID":4348,"Election_Name":"Gubernatorial General Election","Election_Year":2026,"Election_Type":"4","GIS_Publication_Status":"1","PC_ServiceAreaType":"11 Day"}},{"type":"Feature","id":6700,"geometry":{"type":"Point","coordinates":[-118.21717739725,34.1330760086411]},"properties":{"OBJECTID":6700,"globalid":"2112d313-f89e-4c25-8255-bff87bc0d5ee","VCID":12964,"PC_AssignedServiceArea":"1900135B","PC_BuildingName":"Greater Los Angeles Agency on Deafness","PC_RoomArea":"Dining Room","PC_BuildingFullAddress":"2222 Laverna Ave Los Angeles, CA 90041","PC_BuildingAddress":"2222 Laverna Ave","PC_BuildingCity":"Los Angeles","PC_BuildingZip":90041,"PC_AllocatedBMDs":15,"PC_AllocatedEPBs":5,"PC_FacilityType":"Private","PC_SupervisorialDistrict":1,"PC_AllocatedSize":"15 - Standard","PC_MaxNumBMDs":40,"PC_MaxNumEPBs":12,"CIC_Number":null,"PC_ElectionID":4348,"Election_Name":"Gubernatorial General Election","Election_Year":2026,"Election_Type":"4","GIS_Publication_Status":"1","PC_ServiceAreaType":"4 Day"}},{"type":"Feature","id":6701,"geometry":{"type":"Point","coordinates":[-118.085159469577,34.0972583624482]},"properties":{"OBJECTID":6701,"globalid":"f310c7a7-6e13-49ec-bc7c-eedeec4a6250","VCID":19920,"PC_AssignedServiceArea":"1610001B","PC_BuildingName":"Roosevelt Elementary School","PC_RoomArea":"Room 12","PC_BuildingFullAddress":"401 S Walnut Grove Ave San Gabriel, CA 91776","PC_BuildingAddress":"401 S Walnut Grove Ave","PC_BuildingCity":"San Gabriel","PC_BuildingZip":91776,"PC_AllocatedBMDs":15,"PC_AllocatedEPBs":5,"PC_FacilityType":"Public","PC_SupervisorialDistrict":1,"PC_AllocatedSize":"15 - Standard","PC_MaxNumBMDs":85,"PC_MaxNumEPBs":14,"CIC_Number":null,"PC_ElectionID":4348,"Election_Name":"Gubernatorial General Election","Election_Year":2026,"Election_Type":"4","GIS_Publication_Status":"1","PC_ServiceAreaType":"4 Day"}},{"type":"Feature","id":6702,"geometry":{"type":"Point","coordinates":[-118.165686396945,34.0232439609743]},"properties":{"OBJECTID":6702,"globalid":"ea287191-c6db-4848-bd9a-a6b18548f042","VCID":24511,"PC_AssignedServiceArea":"1200001B","PC_BuildingName":"Arts in Action Charter Middle School","PC_RoomArea":"Rooms 104 and 106","PC_BuildingFullAddress":"745 S Kern Ave Los Angeles, CA 90022","PC_BuildingAddress":"745 S Kern Ave","PC_BuildingCity":"Los Angeles","PC_BuildingZip":90022,"PC_AllocatedBMDs":15,"PC_AllocatedEPBs":5,"PC_FacilityType":"Public","PC_SupervisorialDistrict":1,"PC_AllocatedSize":"15 - Standard","PC_MaxNumBMDs":null,"PC_MaxNumEPBs":null,"CIC_Number":null,"PC_ElectionID":4348,"Election_Name":"Gubernatorial General Election","Election_Year":2026,"Election_Type":"4","GIS_Publication_Status":"1","PC_ServiceAreaType":"4 Day"}},{"type":"Feature","id":6703,"geometry":{"type":"Point","coordinates":[-117.990641869132,34.0737433439339]},"properties":{"OBJECTID":6703,"globalid":"08f64f21-0999-4b55-b3cd-c58a65065b9d","VCID":17811,"PC_AssignedServiceArea":"1060002B","PC_BuildingName":"Elwin Elementary School","PC_RoomArea":"Cafeteria","PC_BuildingFullAddress":"13010 Waco St Baldwin Park, CA 91706","PC_BuildingAddress":"13010 Waco St","PC_BuildingCity":"Baldwin Park","PC_BuildingZip":91706,"PC_AllocatedBMDs":15,"PC_AllocatedEPBs":5,"PC_FacilityType":"Public","PC_SupervisorialDistrict":1,"PC_AllocatedSize":"15 - Standard","PC_MaxNumBMDs":68,"PC_MaxNumEPBs":44,"CIC_Number":null,"PC_ElectionID":4348,"Election_Name":"Gubernatorial General Election","Election_Year":2026,"Election_Type":"4","GIS_Publication_Status":"1","PC_ServiceAreaType":"4 Day"}},{"type":"Feature","id":6704,"geometry":{"type":"Point","coordinates":[-118.712837127398,34.1360767958359]},"properties":{"OBJECTID":6704,"globalid":"f1589117-4a47-4822-aed3-1965be1a9b2c","VCID":11787,"PC_AssignedServiceArea":"3100001B","PC_BuildingName":"Calabasas Community Center","PC_RoomArea":"Manzanita Room","PC_BuildingFullAddress":"27040 Malibu Hills Rd Calabasas, CA 91301","PC_BuildingAddress":"27040 Malibu Hills Rd","PC_BuildingCity":"Calabasas","PC_BuildingZip":91301,"PC_AllocatedBMDs":15,"PC_AllocatedEPBs":5,"PC_FacilityType":"Public","PC_SupervisorialDistrict":3,"PC_AllocatedSize":"15 - Standard","PC_MaxNumBMDs":114,"PC_MaxNumEPBs":17,"CIC_Number":null,"PC_ElectionID":4348,"Election_Name":"Gubernatorial General Election","Election_Year":2026,"Election_Type":"4","GIS_Publication_Status":"1","PC_ServiceAreaType":"4 Day"}},{"type":"Feature","id":6705,"geometry":{"type":"Point","coordinates":[-118.396315753371,33.8007124952974]},"properties":{"OBJECTID":6705,"globalid":"5802cb46-97e3-455d-83ea-cbed274fdf04","VCID":19037,"PC_AssignedServiceArea":"4505000B","PC_BuildingName":"Palos Verdes Peninsula Unif School Dist","PC_RoomArea":"Malaga Cove Multi-Purpose Room","PC_BuildingFullAddress":"300 Paseo Del Mar Palos Verdes Estates, CA 90274","PC_BuildingAddress":"300 Paseo Del Mar","PC_BuildingCity":"Palos Verdes Estates","PC_BuildingZip":90274,"PC_AllocatedBMDs":15,"PC_AllocatedEPBs":5,"PC_FacilityType":"Public","PC_SupervisorialDistrict":null,"PC_AllocatedSize":"15 - Standard","PC_MaxNumBMDs":160,"PC_MaxNumEPBs":6,"CIC_Number":null,"PC_ElectionID":4348,"Election_Name":"Gubernatorial General Election","Election_Year":2026,"Election_Type":"4","GIS_Publication_Status":"1","PC_ServiceAreaType":"4 Day"}},{"type":"Feature","id":6706,"geometry":{"type":"Point","coordinates":[-118.184788835574,33.824080013406]},"properties":{"OBJECTID":6706,"globalid":"3452d13c-ac4f-4108-8284-7bbe7e5a8317","VCID":17068,"PC_AssignedServiceArea":"4385080B","PC_BuildingName":"Dana Neighborhood Library","PC_RoomArea":"Community Room","PC_BuildingFullAddress":"3680 Atlantic Ave Long Beach, CA 90807","PC_BuildingAddress":"3680 Atlantic Ave","PC_BuildingCity":"Long Beach","PC_BuildingZip":90807,"PC_AllocatedBMDs":15,"PC_AllocatedEPBs":5,"PC_FacilityType":"Public","PC_SupervisorialDistrict":4,"PC_AllocatedSize":"15 - Standard","PC_MaxNumBMDs":40,"PC_MaxNumEPBs":16,"CIC_Number":null,"PC_ElectionID":4348,"Election_Name":"Gubernatorial General Election","Election_Year":2026,"Election_Type":"4","GIS_Publication_Status":"1","PC_ServiceAreaType":"4 Day"}},{"type":"Feature","id":6707,"geometry":{"type":"Point","coordinates":[-118.276558065243,33.9744665469142]},"properties":{"OBJECTID":6707,"globalid":"03f73df9-7c7d-446c-b87c-7c6dbc051190","VCID":31748,"PC_AssignedServiceArea":"2900092B","PC_BuildingName":"Grtr New Morning Star Miss Bapt Church","PC_RoomArea":"Fellowship Hall","PC_BuildingFullAddress":"210 W Florence Ave Los Angeles, CA 90003","PC_BuildingAddress":"210 W Florence Ave","PC_BuildingCity":"Los Angeles","PC_BuildingZip":90003,"PC_AllocatedBMDs":15,"PC_AllocatedEPBs":5,"PC_FacilityType":"Private","PC_SupervisorialDistrict":2,"PC_AllocatedSize":"15 - Standard","PC_MaxNumBMDs":50,"PC_MaxNumEPBs":0,"CIC_Number":null,"PC_ElectionID":4348,"Election_Name":"Gubernatorial General Election","Election_Year":2026,"Election_Type":"4","GIS_Publication_Status":"1","PC_ServiceAreaType":"4 Day"}},{"type":"Feature","id":6708,"geometry":{"type":"Point","coordinates":[-118.034736205963,33.9727705176961]},"properties":{"OBJECTID":6708,"globalid":"4e4a72cb-8125-4fa9-a15a-0378254bb74b","VCID":20698,"PC_AssignedServiceArea":"4780010B","PC_BuildingName":"Whittier Community Center","PC_RoomArea":"Rooms 1 and 2","PC_BuildingFullAddress":"7630 Washington Ave Whittier, CA 90602","PC_BuildingAddress":"7630 Washington Ave","PC_BuildingCity":"Whittier","PC_BuildingZip":90602,"PC_AllocatedBMDs":15,"PC_AllocatedEPBs":5,"PC_FacilityType":"Public","PC_SupervisorialDistrict":null,"PC_AllocatedSize":"15 - Standard","PC_MaxNumBMDs":null,"PC_MaxNumEPBs":6,"CIC_Number":null,"PC_ElectionID":4348,"Election_Name":"Gubernatorial General Election","Election_Year":2026,"Election_Type":"4","GIS_Publication_Status":"1","PC_ServiceAreaType":"4 Day"}},{"type":"Feature","id":6709,"geometry":{"type":"Point","coordinates":[-118.346317209087,33.9887400524876]},"properties":{"OBJECTID":6709,"globalid":"00ae6d66-4775-44d1-bcd5-64623aaa847e","VCID":3275,"PC_AssignedServiceArea":"2295021B","PC_BuildingName":"Grace United Methodist Church LA","PC_RoomArea":"Fellowship Hall","PC_BuildingFullAddress":"4112 W Slauson Ave Los Angeles, CA 90043","PC_BuildingAddress":"4112 W Slauson Ave","PC_BuildingCity":"Los Angeles","PC_BuildingZip":90043,"PC_AllocatedBMDs":25,"PC_AllocatedEPBs":7,"PC_FacilityType":"Private","PC_SupervisorialDistrict":2,"PC_AllocatedSize":"25 - Large","PC_MaxNumBMDs":70,"PC_MaxNumEPBs":21,"CIC_Number":null,"PC_ElectionID":4348,"Election_Name":"Gubernatorial General Election","Election_Year":2026,"Election_Type":"4","GIS_Publication_Status":"1","PC_ServiceAreaType":"4 Day"}},{"type":"Feature","id":6710,"geometry":{"type":"Point","coordinates":[-117.825808021511,34.1277350087661]},"properties":{"OBJECTID":6710,"globalid":"143a4330-74f7-4dc6-ab30-ec5bd516b1f5","VCID":28885,"PC_AssignedServiceArea":"5260050B","PC_BuildingName":"Knights of Columbus Council 5271","PC_RoomArea":"KOC Hall","PC_BuildingFullAddress":"2024 E Route 66 Glendora, CA 91740","PC_BuildingAddress":"2024 E Route 66","PC_BuildingCity":"Glendora","PC_BuildingZip":91740,"PC_AllocatedBMDs":15,"PC_AllocatedEPBs":5,"PC_FacilityType":"Private","PC_SupervisorialDistrict":null,"PC_AllocatedSize":"15 - Standard","PC_MaxNumBMDs":80,"PC_MaxNumEPBs":28,"CIC_Number":null,"PC_ElectionID":4348,"Election_Name":"Gubernatorial General Election","Election_Year":2026,"Election_Type":"4","GIS_Publication_Status":"1","PC_ServiceAreaType":"4 Day"}},{"type":"Feature","id":6711,"geometry":{"type":"Point","coordinates":[-118.431948205883,34.2691501522132]},"properties":{"OBJECTID":6711,"globalid":"775bfc68-ca67-4d58-b907-6e3e5daa47a9","VCID":24541,"PC_AssignedServiceArea":"3900073B","PC_BuildingName":"Telfair Elementary School","PC_RoomArea":"Library","PC_BuildingFullAddress":"10975 Telfair Ave Pacoima, CA 91331","PC_BuildingAddress":"10975 Telfair Ave","PC_BuildingCity":"Pacoima","PC_BuildingZip":91331,"PC_AllocatedBMDs":15,"PC_AllocatedEPBs":5,"PC_FacilityType":"Public","PC_SupervisorialDistrict":3,"PC_AllocatedSize":"15 - Standard","PC_MaxNumBMDs":70,"PC_MaxNumEPBs":13,"CIC_Number":null,"PC_ElectionID":4348,"Election_Name":"Gubernatorial General Election","Election_Year":2026,"Election_Type":"4","GIS_Publication_Status":"1","PC_ServiceAreaType":"4 Day"}},{"type":"Feature","id":6712,"geometry":{"type":"Point","coordinates":[-118.379895857339,34.1780453781977]},"properties":{"OBJECTID":6712,"globalid":"d1d50814-db6a-490a-8a26-cebefc911f44","VCID":14670,"PC_AssignedServiceArea":"5900022B","PC_BuildingName":"Maurice Sendak Elementary School","PC_RoomArea":"Multi-Purpose Room","PC_BuildingFullAddress":"11414 Tiara St North Hollywood, CA 91601","PC_BuildingAddress":"11414 Tiara St","PC_BuildingCity":"North Hollywood","PC_BuildingZip":91601,"PC_AllocatedBMDs":15,"PC_AllocatedEPBs":5,"PC_FacilityType":"Public","PC_SupervisorialDistrict":5,"PC_AllocatedSize":"15 - Standard","PC_MaxNumBMDs":88,"PC_MaxNumEPBs":37,"CIC_Number":null,"PC_ElectionID":4348,"Election_Name":"Gubernatorial General Election","Election_Year":2026,"Election_Type":"4","GIS_Publication_Status":"1","PC_ServiceAreaType":"4 Day"}},{"type":"Feature","id":6713,"geometry":{"type":"Point","coordinates":[-117.71651661259,34.0828326145961]},"properties":{"OBJECTID":6713,"globalid":"4fff9605-e5d0-42c0-8de3-d3b57eae37ae","VCID":24459,"PC_AssignedServiceArea":"5130051B","PC_BuildingName":"Claremont Unified School District","PC_RoomArea":"First Floor Conference Room","PC_BuildingFullAddress":"170 W San Jose Ave Claremont, CA 91711","PC_BuildingAddress":"170 W San Jose Ave","PC_BuildingCity":"Claremont","PC_BuildingZip":91711,"PC_AllocatedBMDs":15,"PC_AllocatedEPBs":5,"PC_FacilityType":"Public","PC_SupervisorialDistrict":5,"PC_AllocatedSize":"15 - Standard","PC_MaxNumBMDs":130,"PC_MaxNumEPBs":59,"CIC_Number":null,"PC_ElectionID":4348,"Election_Name":"Gubernatorial General Election","Election_Year":2026,"Election_Type":"4","GIS_Publication_Status":"1","PC_ServiceAreaType":"4 Day"}},{"type":"Feature","id":6714,"geometry":{"type":"Point","coordinates":[-118.359812133416,34.1599258805035]},"properties":{"OBJECTID":6714,"globalid":"784caca6-0a0f-4a9f-9894-451283a69113","VCID":21784,"PC_AssignedServiceArea":"5900026B","PC_BuildingName":"Toluca Lake Elem School-Strohm Entrance","PC_RoomArea":"Library-Entrance on Strohm Ave","PC_BuildingFullAddress":"4915 Strohm Ave North Hollywood, CA 91601","PC_BuildingAddress":"4915 Strohm Ave","PC_BuildingCity":"North Hollywood","PC_BuildingZip":91601,"PC_AllocatedBMDs":15,"PC_AllocatedEPBs":5,"PC_FacilityType":"Public","PC_SupervisorialDistrict":5,"PC_AllocatedSize":"15 - Standard","PC_MaxNumBMDs":20,"PC_MaxNumEPBs":20,"CIC_Number":null,"PC_ElectionID":4348,"Election_Name":"Gubernatorial General Election","Election_Year":2026,"Election_Type":"4","GIS_Publication_Status":"1","PC_ServiceAreaType":"4 Day"}},{"type":"Feature","id":6715,"geometry":{"type":"Point","coordinates":[-118.338606730551,34.1704417945505]},"properties":{"OBJECTID":6715,"globalid":"70237996-2e7c-470d-91e2-4bfa68a3f1db","VCID":2971,"PC_AssignedServiceArea":"5095000A","PC_BuildingName":"Magnolia Park United Methodist Church","PC_RoomArea":"Fellowship Hall","PC_BuildingFullAddress":"2828 W Magnolia Blvd Burbank, CA 91505","PC_BuildingAddress":"2828 W Magnolia Blvd","PC_BuildingCity":"Burbank","PC_BuildingZip":91505,"PC_AllocatedBMDs":15,"PC_AllocatedEPBs":7,"PC_FacilityType":"Private","PC_SupervisorialDistrict":5,"PC_AllocatedSize":"15 - Large","PC_MaxNumBMDs":74,"PC_MaxNumEPBs":15,"CIC_Number":null,"PC_ElectionID":4348,"Election_Name":"Gubernatorial General Election","Election_Year":2026,"Election_Type":"4","GIS_Publication_Status":"1","PC_ServiceAreaType":"11 Day"}},{"type":"Feature","id":6716,"geometry":{"type":"Point","coordinates":[-118.094771593321,33.8857514322355]},"properties":{"OBJECTID":6716,"globalid":"2f0df2e9-07a1-4304-9884-f854fed08c49","VCID":11767,"PC_AssignedServiceArea":"4040000B","PC_BuildingName":"Cerritos College","PC_RoomArea":"C101 Conference Center","PC_BuildingFullAddress":"11110 Alondra Blvd Norwalk, CA 90650","PC_BuildingAddress":"11110 Alondra Blvd","PC_BuildingCity":"Norwalk","PC_BuildingZip":90650,"PC_AllocatedBMDs":15,"PC_AllocatedEPBs":6,"PC_FacilityType":"Public","PC_SupervisorialDistrict":4,"PC_AllocatedSize":"15 - Standard","PC_MaxNumBMDs":91,"PC_MaxNumEPBs":6,"CIC_Number":null,"PC_ElectionID":4348,"Election_Name":"Gubernatorial General Election","Election_Year":2026,"Election_Type":"4","GIS_Publication_Status":"1","PC_ServiceAreaType":"4 Day"}},{"type":"Feature","id":6717,"geometry":{"type":"Point","coordinates":[-118.299241562568,34.0778897032794]},"properties":{"OBJECTID":6717,"globalid":"e8bd9dff-6ff6-42f5-b442-e7ce83a3ab6a","VCID":5925,"PC_AssignedServiceArea":"3900131B","PC_BuildingName":"Alexandria Elementary School","PC_RoomArea":"Auditorium","PC_BuildingFullAddress":"4211 Oakwood Ave Los Angeles, CA 90004","PC_BuildingAddress":"4211 Oakwood Ave","PC_BuildingCity":"Los Angeles","PC_BuildingZip":90004,"PC_AllocatedBMDs":15,"PC_AllocatedEPBs":5,"PC_FacilityType":"Public","PC_SupervisorialDistrict":3,"PC_AllocatedSize":"15 - Standard","PC_MaxNumBMDs":60,"PC_MaxNumEPBs":26,"CIC_Number":null,"PC_ElectionID":4348,"Election_Name":"Gubernatorial General Election","Election_Year":2026,"Election_Type":"4","GIS_Publication_Status":"1","PC_ServiceAreaType":"4 Day"}},{"type":"Feature","id":6718,"geometry":{"type":"Point","coordinates":[-118.181904056381,33.8489098008309]},"properties":{"OBJECTID":6718,"globalid":"ac4c3e31-0d05-4025-932f-5b3af148ea0d","VCID":10948,"PC_AssignedServiceArea":"4385082B","PC_BuildingName":"Carmelitos Community Center","PC_RoomArea":"Multi-Purpose Room","PC_BuildingFullAddress":"851 E Via Carmelitos Long Beach, CA 90805","PC_BuildingAddress":"851 E Via Carmelitos","PC_BuildingCity":"Long Beach","PC_BuildingZip":90805,"PC_AllocatedBMDs":15,"PC_AllocatedEPBs":5,"PC_FacilityType":"Public","PC_SupervisorialDistrict":4,"PC_AllocatedSize":"15 - Standard","PC_MaxNumBMDs":67,"PC_MaxNumEPBs":26,"CIC_Number":null,"PC_ElectionID":4348,"Election_Name":"Gubernatorial General Election","Election_Year":2026,"Election_Type":"4","GIS_Publication_Status":"1","PC_ServiceAreaType":"4 Day"}},{"type":"Feature","id":6719,"geometry":{"type":"Point","coordinates":[-117.986998674309,34.1462954294653]},"properties":{"OBJECTID":6719,"globalid":"13ec87ef-6250-4edf-b7c0-465f173971fb","VCID":35192,"PC_AssignedServiceArea":"5190071D","PC_BuildingName":"Santa Anita Family YMCA","PC_RoomArea":"Multi-Purpose Room","PC_BuildingFullAddress":"501 S Mountain Ave Monrovia, CA 91016","PC_BuildingAddress":"501 S Mountain Ave","PC_BuildingCity":"Monrovia","PC_BuildingZip":91016,"PC_AllocatedBMDs":15,"PC_AllocatedEPBs":5,"PC_FacilityType":"Private","PC_SupervisorialDistrict":5,"PC_AllocatedSize":"15 - Standard","PC_MaxNumBMDs":45,"PC_MaxNumEPBs":19,"CIC_Number":null,"PC_ElectionID":4348,"Election_Name":"Gubernatorial General Election","Election_Year":2026,"Election_Type":"4","GIS_Publication_Status":"1","PC_ServiceAreaType":"4 Day"}},{"type":"Feature","id":6720,"geometry":{"type":"Point","coordinates":[-118.399527881771,34.0275371607143]},"properties":{"OBJECTID":6720,"globalid":"dc0342ba-5fda-4a4e-ab70-d3bfbbc0412a","VCID":6071,"PC_AssignedServiceArea":"3900055B","PC_BuildingName":"St Mary in Palms","PC_RoomArea":"St Joseph Hall","PC_BuildingFullAddress":"3647 Watseka Ave Los Angeles, CA 90034","PC_BuildingAddress":"3647 Watseka Ave","PC_BuildingCity":"Los Angeles","PC_BuildingZip":90034,"PC_AllocatedBMDs":15,"PC_AllocatedEPBs":5,"PC_FacilityType":"Private","PC_SupervisorialDistrict":3,"PC_AllocatedSize":"15 - Standard","PC_MaxNumBMDs":67,"PC_MaxNumEPBs":15,"CIC_Number":null,"PC_ElectionID":4348,"Election_Name":"Gubernatorial General Election","Election_Year":2026,"Election_Type":"4","GIS_Publication_Status":"1","PC_ServiceAreaType":"4 Day"}},{"type":"Feature","id":6721,"geometry":{"type":"Point","coordinates":[-118.134709957253,34.6943262477423]},"properties":{"OBJECTID":6721,"globalid":"c5dbd0ff-534a-440f-b646-f2a3cba1bf1c","VCID":26525,"PC_AssignedServiceArea":"5355000B","PC_BuildingName":"Lancaster Community Center","PC_RoomArea":"Multi-Purpose Room","PC_BuildingFullAddress":"44611 Yucca Ave Lancaster, CA 93534","PC_BuildingAddress":"44611 Yucca Ave","PC_BuildingCity":"Lancaster","PC_BuildingZip":93534,"PC_AllocatedBMDs":15,"PC_AllocatedEPBs":5,"PC_FacilityType":"Public","PC_SupervisorialDistrict":5,"PC_AllocatedSize":"15 - Standard","PC_MaxNumBMDs":22,"PC_MaxNumEPBs":15,"CIC_Number":null,"PC_ElectionID":4348,"Election_Name":"Gubernatorial General Election","Election_Year":2026,"Election_Type":"4","GIS_Publication_Status":"1","PC_ServiceAreaType":"4 Day"}},{"type":"Feature","id":6722,"geometry":{"type":"Point","coordinates":[-118.307956969307,33.9888430172574]},"properties":{"OBJECTID":6722,"globalid":"04eed8d4-a3d5-4a88-bdc6-0d6439bcd830","VCID":25513,"PC_AssignedServiceArea":"2900087B","PC_BuildingName":"Vela Venue","PC_RoomArea":"Smaller Room","PC_BuildingFullAddress":"1732 W Slauson Ave Los Angeles, CA 90047","PC_BuildingAddress":"1732 W Slauson Ave","PC_BuildingCity":"Los Angeles","PC_BuildingZip":90047,"PC_AllocatedBMDs":15,"PC_AllocatedEPBs":5,"PC_FacilityType":"Private","PC_SupervisorialDistrict":2,"PC_AllocatedSize":"15 - Standard","PC_MaxNumBMDs":91,"PC_MaxNumEPBs":18,"CIC_Number":null,"PC_ElectionID":4348,"Election_Name":"Gubernatorial General Election","Election_Year":2026,"Election_Type":"4","GIS_Publication_Status":"1","PC_ServiceAreaType":"4 Day"}},{"type":"Feature","id":6723,"geometry":{"type":"Point","coordinates":[-118.360088934281,33.9692860557491]},"properties":{"OBJECTID":6723,"globalid":"15f9f587-9a17-4929-8d60-c78e774fff48","VCID":13880,"PC_AssignedServiceArea":"2295030A","PC_BuildingName":"Rogers Park","PC_RoomArea":"Gymnasium","PC_BuildingFullAddress":"400 W Beach Ave Inglewood, CA 90302","PC_BuildingAddress":"400 W Beach Ave","PC_BuildingCity":"Inglewood","PC_BuildingZip":90302,"PC_AllocatedBMDs":45,"PC_AllocatedEPBs":12,"PC_FacilityType":"Public","PC_SupervisorialDistrict":2,"PC_AllocatedSize":"45 - Extra Large","PC_MaxNumBMDs":60,"PC_MaxNumEPBs":62,"CIC_Number":null,"PC_ElectionID":4348,"Election_Name":"Gubernatorial General Election","Election_Year":2026,"Election_Type":"4","GIS_Publication_Status":"1","PC_ServiceAreaType":"11 Day"}},{"type":"Feature","id":6724,"geometry":{"type":"Point","coordinates":[-118.643458052585,34.1752369709013]},"properties":{"OBJECTID":6724,"globalid":"9df35894-3945-4842-b208-77770d173bb1","VCID":12428,"PC_AssignedServiceArea":"3900123A","PC_BuildingName":"Woodland Hills Presbyterian Church","PC_RoomArea":"Fellowship Hall","PC_BuildingFullAddress":"5751 Platt Ave Woodland Hills, CA 91367","PC_BuildingAddress":"5751 Platt Ave","PC_BuildingCity":"Woodland Hills","PC_BuildingZip":91367,"PC_AllocatedBMDs":15,"PC_AllocatedEPBs":5,"PC_FacilityType":"Private","PC_SupervisorialDistrict":3,"PC_AllocatedSize":"15 - Standard","PC_MaxNumBMDs":40,"PC_MaxNumEPBs":71,"CIC_Number":null,"PC_ElectionID":4348,"Election_Name":"Gubernatorial General Election","Election_Year":2026,"Election_Type":"4","GIS_Publication_Status":"1","PC_ServiceAreaType":"11 Day"}},{"type":"Feature","id":6725,"geometry":{"type":"Point","coordinates":[-118.535443498346,34.2122574737456]},"properties":{"OBJECTID":6725,"globalid":"3c24abf9-4b10-49d9-8c7e-945ac96cd991","VCID":14957,"PC_AssignedServiceArea":"3900062A","PC_BuildingName":"Reseda Church of Christ","PC_RoomArea":"Fellowship Hall","PC_BuildingFullAddress":"7806 Reseda Blvd Reseda, CA 91335","PC_BuildingAddress":"7806 Reseda Blvd","PC_BuildingCity":"Reseda","PC_BuildingZip":91335,"PC_AllocatedBMDs":15,"PC_AllocatedEPBs":5,"PC_FacilityType":"Private","PC_SupervisorialDistrict":3,"PC_AllocatedSize":"15 - Standard","PC_MaxNumBMDs":100,"PC_MaxNumEPBs":33,"CIC_Number":null,"PC_ElectionID":4348,"Election_Name":"Gubernatorial General Election","Election_Year":2026,"Election_Type":"4","GIS_Publication_Status":"1","PC_ServiceAreaType":"11 Day"}},{"type":"Feature","id":6726,"geometry":{"type":"Point","coordinates":[-118.272345576574,34.2488809505631]},"properties":{"OBJECTID":6726,"globalid":"d2830544-552f-4809-b44c-9e17599487de","VCID":5891,"PC_AssignedServiceArea":"5900074B","PC_BuildingName":"Mountain View Elementary School","PC_RoomArea":"Auditorium","PC_BuildingFullAddress":"6410 Olcott St Tujunga, CA 91042","PC_BuildingAddress":"6410 Olcott St","PC_BuildingCity":"Tujunga","PC_BuildingZip":91042,"PC_AllocatedBMDs":15,"PC_AllocatedEPBs":5,"PC_FacilityType":"Public","PC_SupervisorialDistrict":5,"PC_AllocatedSize":"15 - Standard","PC_MaxNumBMDs":90,"PC_MaxNumEPBs":10,"CIC_Number":null,"PC_ElectionID":4348,"Election_Name":"Gubernatorial General Election","Election_Year":2026,"Election_Type":"4","GIS_Publication_Status":"1","PC_ServiceAreaType":"4 Day"}},{"type":"Feature","id":6727,"geometry":{"type":"Point","coordinates":[-118.158591079476,33.7751182776751]},"properties":{"OBJECTID":6727,"globalid":"dde3a8d3-d70f-4745-8e56-6c3636115631","VCID":6406,"PC_AssignedServiceArea":"4385021B","PC_BuildingName":"St Matthew Catholic Church","PC_RoomArea":"Hall","PC_BuildingFullAddress":"672 Temple Ave Long Beach, CA 90814","PC_BuildingAddress":"672 Temple Ave","PC_BuildingCity":"Long Beach","PC_BuildingZip":90814,"PC_AllocatedBMDs":15,"PC_AllocatedEPBs":5,"PC_FacilityType":"Private","PC_SupervisorialDistrict":4,"PC_AllocatedSize":"15 - Standard","PC_MaxNumBMDs":67,"PC_MaxNumEPBs":39,"CIC_Number":null,"PC_ElectionID":4348,"Election_Name":"Gubernatorial General Election","Election_Year":2026,"Election_Type":"4","GIS_Publication_Status":"1","PC_ServiceAreaType":"4 Day"}},{"type":"Feature","id":6728,"geometry":{"type":"Point","coordinates":[-118.159356085124,34.1727781353921]},"properties":{"OBJECTID":6728,"globalid":"f37a5b14-220a-4b33-b7d8-55a1f2b6ebdc","VCID":11318,"PC_AssignedServiceArea":"5515011D","PC_BuildingName":"Red Hen Press","PC_RoomArea":"Literary Center","PC_BuildingFullAddress":"1540 Lincoln Ave  Pasadena, CA 91103","PC_BuildingAddress":"1540 Lincoln Ave ","PC_BuildingCity":"Pasadena","PC_BuildingZip":91103,"PC_AllocatedBMDs":15,"PC_AllocatedEPBs":5,"PC_FacilityType":"Private","PC_SupervisorialDistrict":5,"PC_AllocatedSize":"15 - Standard","PC_MaxNumBMDs":88,"PC_MaxNumEPBs":34,"CIC_Number":null,"PC_ElectionID":4348,"Election_Name":"Gubernatorial General Election","Election_Year":2026,"Election_Type":"4","GIS_Publication_Status":"1","PC_ServiceAreaType":"4 Day"}},{"type":"Feature","id":6729,"geometry":{"type":"Point","coordinates":[-118.41685891566,33.9237504845434]},"properties":{"OBJECTID":6729,"globalid":"5e344d47-ed1d-448a-92aa-0d673c5a163b","VCID":219,"PC_AssignedServiceArea":"2225001B","PC_BuildingName":"El Segundo Public Library","PC_RoomArea":"S Carter Friends of the Library Comm Rm","PC_BuildingFullAddress":"111 W Mariposa Ave El Segundo, CA 90245","PC_BuildingAddress":"111 W Mariposa Ave","PC_BuildingCity":"El Segundo","PC_BuildingZip":90245,"PC_AllocatedBMDs":15,"PC_AllocatedEPBs":5,"PC_FacilityType":"Public","PC_SupervisorialDistrict":2,"PC_AllocatedSize":"15 - Standard","PC_MaxNumBMDs":50,"PC_MaxNumEPBs":7,"CIC_Number":null,"PC_ElectionID":4348,"Election_Name":"Gubernatorial General Election","Election_Year":2026,"Election_Type":"4","GIS_Publication_Status":"1","PC_ServiceAreaType":"4 Day"}},{"type":"Feature","id":6730,"geometry":{"type":"Point","coordinates":[-118.399530281151,33.8730699197277]},"properties":{"OBJECTID":6730,"globalid":"26e3e0e2-9c52-41eb-b085-6e735ebce9f2","VCID":10400,"PC_AssignedServiceArea":"2555030A","PC_BuildingName":"Hermosa Kiwanis Club","PC_RoomArea":"Hall","PC_BuildingFullAddress":"2515 Valley Dr Hermosa Beach, CA 90254","PC_BuildingAddress":"2515 Valley Dr","PC_BuildingCity":"Hermosa Beach","PC_BuildingZip":90254,"PC_AllocatedBMDs":15,"PC_AllocatedEPBs":5,"PC_FacilityType":"Private","PC_SupervisorialDistrict":2,"PC_AllocatedSize":"15 - Standard","PC_MaxNumBMDs":90,"PC_MaxNumEPBs":72,"CIC_Number":null,"PC_ElectionID":4348,"Election_Name":"Gubernatorial General Election","Election_Year":2026,"Election_Type":"4","GIS_Publication_Status":"1","PC_ServiceAreaType":"11 Day"}},{"type":"Feature","id":6731,"geometry":{"type":"Point","coordinates":[-118.044499943412,34.164817318342]},"properties":{"OBJECTID":6731,"globalid":"21679628-ffcf-4a09-ac4b-5ce5307ce808","VCID":21253,"PC_AssignedServiceArea":"5640000B","PC_BuildingName":"Sierra Madre Middle School","PC_RoomArea":"Gymnasium","PC_BuildingFullAddress":"160 N Canon Ave Sierra Madre, CA 91024","PC_BuildingAddress":"160 N Canon Ave","PC_BuildingCity":"Sierra Madre","PC_BuildingZip":91024,"PC_AllocatedBMDs":25,"PC_AllocatedEPBs":7,"PC_FacilityType":"Public","PC_SupervisorialDistrict":5,"PC_AllocatedSize":"25 - Large","PC_MaxNumBMDs":30,"PC_MaxNumEPBs":36,"CIC_Number":null,"PC_ElectionID":4348,"Election_Name":"Gubernatorial General Election","Election_Year":2026,"Election_Type":"4","GIS_Publication_Status":"1","PC_ServiceAreaType":"4 Day"}},{"type":"Feature","id":6732,"geometry":{"type":"Point","coordinates":[-118.120344926149,34.0210166872211]},"properties":{"OBJECTID":6732,"globalid":"f66c2651-040e-4320-837c-0bc22822f059","VCID":467,"PC_AssignedServiceArea":"1200001A","PC_BuildingName":"Montebello-Commerce YMCA","PC_RoomArea":"Multi-Purpose Room","PC_BuildingFullAddress":"2000 W Beverly Blvd Montebello, CA 90640","PC_BuildingAddress":"2000 W Beverly Blvd","PC_BuildingCity":"Montebello","PC_BuildingZip":90640,"PC_AllocatedBMDs":15,"PC_AllocatedEPBs":5,"PC_FacilityType":"Private","PC_SupervisorialDistrict":1,"PC_AllocatedSize":"15 - Standard","PC_MaxNumBMDs":40,"PC_MaxNumEPBs":15,"CIC_Number":null,"PC_ElectionID":4348,"Election_Name":"Gubernatorial General Election","Election_Year":2026,"Election_Type":"4","GIS_Publication_Status":"1","PC_ServiceAreaType":"11 Day"}},{"type":"Feature","id":6733,"geometry":{"type":"Point","coordinates":[-118.077326725587,33.8604451707876]},"properties":{"OBJECTID":6733,"globalid":"167f91d8-66ab-49c5-9e9c-217557f54aec","VCID":13275,"PC_AssignedServiceArea":"4107000A","PC_BuildingName":"Artesia Library","PC_RoomArea":"Meeting Room","PC_BuildingFullAddress":"18801 Elaine Ave Artesia, CA 90701","PC_BuildingAddress":"18801 Elaine Ave","PC_BuildingCity":"Artesia","PC_BuildingZip":90701,"PC_AllocatedBMDs":15,"PC_AllocatedEPBs":7,"PC_FacilityType":"Public","PC_SupervisorialDistrict":4,"PC_AllocatedSize":"15 - Large","PC_MaxNumBMDs":160,"PC_MaxNumEPBs":185,"CIC_Number":null,"PC_ElectionID":4348,"Election_Name":"Gubernatorial General Election","Election_Year":2026,"Election_Type":"4","GIS_Publication_Status":"1","PC_ServiceAreaType":"11 Day"}},{"type":"Feature","id":6734,"geometry":{"type":"Point","coordinates":[-117.937274124465,34.0292141509791]},"properties":{"OBJECTID":6734,"globalid":"d18fa8fc-8ffb-4faa-bd7e-61f87745f827","VCID":20807,"PC_AssignedServiceArea":"1333001B","PC_BuildingName":"Workman High School","PC_RoomArea":"DEN","PC_BuildingFullAddress":"16303 E Temple Ave City of Industry, CA 91744","PC_BuildingAddress":"16303 E Temple Ave","PC_BuildingCity":"City of Industry","PC_BuildingZip":91744,"PC_AllocatedBMDs":15,"PC_AllocatedEPBs":5,"PC_FacilityType":"Public","PC_SupervisorialDistrict":null,"PC_AllocatedSize":"15 - Standard","PC_MaxNumBMDs":22,"PC_MaxNumEPBs":31,"CIC_Number":null,"PC_ElectionID":4348,"Election_Name":"Gubernatorial General Election","Election_Year":2026,"Election_Type":"4","GIS_Publication_Status":"1","PC_ServiceAreaType":"4 Day"}},{"type":"Feature","id":6735,"geometry":{"type":"Point","coordinates":[-118.52900225265,34.0473578573983]},"properties":{"OBJECTID":6735,"globalid":"2a4ffb1f-d702-400b-84c0-35c0f157112f","VCID":22448,"PC_AssignedServiceArea":"3900110A","PC_BuildingName":"Pacific Palisades Woman's Club","PC_RoomArea":"Woman's Club Room","PC_BuildingFullAddress":"901 Haverford Ave Pacific Palisades, CA 90272","PC_BuildingAddress":"901 Haverford Ave","PC_BuildingCity":"Pacific Palisades","PC_BuildingZip":90272,"PC_AllocatedBMDs":25,"PC_AllocatedEPBs":7,"PC_FacilityType":"Private","PC_SupervisorialDistrict":3,"PC_AllocatedSize":"25 - Large","PC_MaxNumBMDs":150,"PC_MaxNumEPBs":31,"CIC_Number":null,"PC_ElectionID":4348,"Election_Name":"Gubernatorial General Election","Election_Year":2026,"Election_Type":"4","GIS_Publication_Status":"1","PC_ServiceAreaType":"11 Day"}},{"type":"Feature","id":6736,"geometry":{"type":"Point","coordinates":[-118.30858468811,33.9466531686397]},"properties":{"OBJECTID":6736,"globalid":"fb0853d1-4a0f-4fb3-8854-1c6d936f91e8","VCID":17880,"PC_AssignedServiceArea":"2295041B","PC_BuildingName":"Church of the Living God CWFF Temple 44","PC_RoomArea":"Fellowship Hall","PC_BuildingFullAddress":"9800 Western Ave Los Angeles, CA 90047","PC_BuildingAddress":"9800 Western Ave","PC_BuildingCity":"Los Angeles","PC_BuildingZip":90047,"PC_AllocatedBMDs":15,"PC_AllocatedEPBs":5,"PC_FacilityType":"Private","PC_SupervisorialDistrict":2,"PC_AllocatedSize":"15 - Standard","PC_MaxNumBMDs":60,"PC_MaxNumEPBs":12,"CIC_Number":null,"PC_ElectionID":4348,"Election_Name":"Gubernatorial General Election","Election_Year":2026,"Election_Type":"4","GIS_Publication_Status":"1","PC_ServiceAreaType":"4 Day"}}]}